盛岡手づくり村,〒020-0055,岩手県盛岡市繋字尾入野64-102,39.6928946,141.0243201,盛岡市,盛岡の観光や地場産業を学べる「展示資料室（１００円）」が見所,盛岡の観光や地場産業を学べる「展示資料室（１００円）」が見所。手づくり工房は１１業種１５工房で構成され、南部煎餅・竹細工・わら細工・陶器・家具・木工玩具・染物・お菓子・盛岡冷麺など職人が伝統的な手法で実際につくる「芸と技」を間近で見ることができます。また、個人や団体で手づくりを楽しまれたい方には「手づくり教室」が開催されており職人が直接指導にあたります。それぞれ作るものにより６０〜９０分かかる。また南部鉄器、織・染物、食品、菓子など３５００種類をこえる盛岡土産を展示、販売しています。
鬼越蒼前神社,〒020-0172,岩手県滝沢市鵜飼外久保,39.747571,141.0718257,滝沢市,みちのくの初夏を彩る風物詩チャグチャグ馬コが出発する神社,みちのくの初夏を彩る風物詩チャグチャグ馬コが出発する神社。
宮沢賢治記念館,〒025-0011,岩手県花巻市矢沢1-1-36,39.3990951,141.1623046,花巻市,宮沢賢治の散策の地であり，「経理ムべキ山」の一つにあげていた胡四王山の頂上に，全国の賢治ファンからの寄付金を基に建てられた,宮沢賢治の散策の地であり，「経理ムべキ山」の一つにあげていた胡四王山の頂上に，全国の賢治ファンからの寄付金を基に建てられた。詩人・科学者・教育者としての賢治の思想と多彩な活動を７部門にわけて視聴覚的に再現している。
花巻市博物館,〒025-0014,岩手県花巻市高松26-8-1,39.3995035,141.1685848,花巻市,縄文式住居や古墳、城下町の様子や花巻人形など、縄文時代から現代までの花巻地方の歴史や文化、暮らしを「考古」「歴史」「美術・工芸」の三分野に分け、展示、紹介,縄文式住居や古墳、城下町の様子や花巻人形など、縄文時代から現代までの花巻地方の歴史や文化、暮らしを「考古」「歴史」「美術・工芸」の三分野に分け、展示、紹介。講座や体験学習会なども開催し、楽しんで学習できる参加型博物館を目指しています。
宮沢賢治イーハトーブ館,〒025-0014,岩手県花巻市高松1-1-1,39.3969454,141.1645296,花巻市,宮沢賢治に関するさまざまなジャンルの芸術作品や研究論文をできる限り多く集め，わかりやすく整理して一般の人に公開している,宮沢賢治に関するさまざまなジャンルの芸術作品や研究論文をできる限り多く集め，わかりやすく整理して一般の人に公開している。宮沢賢治学会イーハトーブセンターの本拠が置かれている。
鉛温泉スキー場,〒025-0252,岩手県花巻市鉛字中平36-1,39.3885784,141.1166453,花巻市,全部で6コースのゲレンデは、初心者から上級者までどなたでも楽しむことができます,全部で6コースのゲレンデは、初心者から上級者までどなたでも楽しむことができます。スノーボード、ナイタースキーもＯＫ。汗をかいた後は隣接する鉛温泉の湯ですっきりしよう。
大沢温泉,〒025-0244,岩手県花巻市湯口大沢181,39.43581229999999,141.0160563,花巻市,豊沢川に沿い背後は山，前には田園が広がる素朴な湯治場,豊沢川に沿い背後は山，前には田園が広がる素朴な湯治場。清流ごしに眺める四季折々の桜，新緑，紅葉，冬木立が美しい。露天風呂をはじめ大小合わせて8カ所の浴場があるが，何といっても名物は露天風呂。渓流より一段高く岩風呂式にしつらえてあり，混浴。
精華の湯,〒025-0305,岩手県花巻市台2-56-1,39.4534493,141.0550189,花巻市,開湯以来１２００年の歴史ある台温泉に、２０００年にオープンした日帰り温泉施設,開湯以来１２００年の歴史ある台温泉に、２０００年にオープンした日帰り温泉施設。湧出温度96度、良く温まる泉質の源泉を山の水で熱めに温度調節して湯船へ。循環無しの流しっ放しなので、常にサラサラと湯が溢れている。浴室内に湯気と共に立ちこめる、木の香りも心地よい。休憩室利用は10時〜16時まで。
渡り温泉,〒025-0244,岩手県花巻市湯口字佐野21-8,39.4258746,141.0153483,花巻市,解放感のある露天風呂やサウナ、館内のところどころにさりげなく飾られた花や絵など、女性に優しいおもてなしの宿,解放感のある露天風呂やサウナ、館内のところどころにさりげなく飾られた花や絵など、女性に優しいおもてなしの宿。
大沢温泉自炊部,〒025-0244,岩手県花巻市湯口字大沢181,39.43581229999999,141.0160563,花巻市,見上げれば木々が揺れ、見下ろせば川が流れる,見上げれば木々が揺れ、見下ろせば川が流れる。紅葉や新緑の季節が特におすすめ。湯加減も丁度よくゆっくりとつかれる。自炊部は常連さんはもちろん、若い人の利用も多く、誰でも気軽に愉しむ事ができる。泉質は硫化水素泉で弱アルカリ性。隣接の「山水閣」の「山水の湯」は別料金８００円で入浴できる。
御所湖,〒020-0055,岩手県盛岡市繋,39.6753438,141.0205437,盛岡市,御所湖は、上流から流れ込む雫石川をせきとめてつくられた、巨大な人造湖です,御所湖は、上流から流れ込む雫石川をせきとめてつくられた、巨大な人造湖です。湖周囲はレジャーやスポーツのメッカ。湖上ではウインドサーフィンやボートセイリングが盛んに行われ、周辺にはプールや釣りなどのスポーツが楽しめる施設もあり、総合レジャースポットとして親しまれています。
四季亭,〒020-0055,岩手県盛岡市繋湯ノ館137,39.6730247,141.0238797,盛岡市,盛岡の奥座敷と呼ばれる繋温泉で、格調高い純和風旅館として知られる四季亭,盛岡の奥座敷と呼ばれる繋温泉で、格調高い純和風旅館として知られる四季亭。通常の宿泊は１万９０５０円〜で、日帰り入浴と昼食のセットなら５３２５円〜で可能。泉質は硫黄温泉で、神経痛、関節痛、筋肉痛、打ち身などによい。男女別の露天風呂付き大浴場でゆったりとくつろいで、懐石料理を愉しみたい。
八幡平ハイツ,〒028-7302,岩手県八幡平市八幡平温泉郷,39.9034803,140.9690044,八幡平市,すべての基本情報を見る
,すべての基本情報を見る
松尾八幡平ビジターセンター,〒028-7303,岩手県八幡平市柏台1-28,39.9188259,140.9772335,八幡平市,八幡平・岩手山の情報発信施設,八幡平・岩手山の情報発信施設。ハイビジョン映像や標本・模型を多数展示。目で見て、触れて楽しむことができる。
岩手県県民の森,〒028-7302,岩手県八幡平市松尾寄木字沼利515-5,39.904758,140.9746203,八幡平市,森林ふれあい学習館フォレストI(アイ），遊歩道，木材工芸センターなど,森林ふれあい学習館フォレストI(アイ），遊歩道，木材工芸センターなど。森川渓谷に沿う７０ｈａの森林。野鳥の森には巣箱がかけられており，約１００種類の野鳥を観察できる。
松川玄武岩,〒028-7302,岩手県八幡平市,39.9263614,141.0953354,八幡平市,全国でも珍しい六角柱の柱状節理が見られる岩層の絶壁,全国でも珍しい六角柱の柱状節理が見られる岩層の絶壁。紅葉シーズンは、青みを帯びた松川渓流と玄武岩の紅葉のコントラストが美しく、人気のスポットとなっている。
八幡平トラウトガーデン,〒028-7302,岩手県八幡平市松尾寄木第1地割474-6,39.9108852,140.9832247,八幡平市,八幡平リゾート内にあるレジャー施設,八幡平リゾート内にあるレジャー施設。パークゴルフ、ゴーカート、アーチェリーなどが楽しめ、特に釣りはルアー、フライ、渓流釣りと種類も豊富。２００円で釣り竿（えさ付き）もレンタルできる。また、バーベキューハウスやレストランも完備しており、地元の郷土料理ひっつみやニジマス料理などを味わえる。
金沢清水,〒028-7302,岩手県八幡平市松尾寄木地内 トラウトガーデン裏,39.904758,140.9746203,八幡平市,八幡平市松尾寄木の７カ所の湧水は，別名「座頭清水湧水群」と呼ばれ，幾多の伝説が伝えられている,八幡平市松尾寄木の７カ所の湧水は，別名「座頭清水湧水群」と呼ばれ，幾多の伝説が伝えられている。岩手山の滝に住む７つの頭を持つ竜が地中に潜り，山里に頭をだしたのが湧水口という話もそのひとつ。ここから湧水は滝の水が地中に染み込んだ伏流水が湧き出したとされているが，定説はない。国立公園の入口にあり，ホテルや別荘が多い村では，水も観光資源。水道水源にするほか，大規模な釣り堀公園「トラウドガーデン」にも利用している。日本名水百選。
イーハトーブ火山局,〒028-7302,岩手県八幡平市松尾寄木2-515,39.929267,141.0027745,八幡平市,岩手山の火山情報がリアルタイムで映し出されるほか、パネルやジオラマで岩手山の歴史や世界の火山の様子や自然環境や地熱資源の活用などについて学習できる,岩手山の火山情報がリアルタイムで映し出されるほか、パネルやジオラマで岩手山の歴史や世界の火山の様子や自然環境や地熱資源の活用などについて学習できる。
薄衣の滝,"",岩手県花巻市湯口字天王,39.41501179999999,141.0098077,花巻市,高さ20ｍ、幅7ｍの薄い布を垂れかけた様な滝,高さ20ｍ、幅7ｍの薄い布を垂れかけた様な滝。
清水寺,〒025-0037,岩手県花巻市太田21-5-1,39.3704845,141.030868,花巻市,坂上田村麻呂が建立したと伝える,坂上田村麻呂が建立したと伝える。日本三清水の一つ。
北上カントリークラブ,〒024-0323,岩手県北上市和賀町煤孫1地割,39.2668379,140.9832855,北上市,すべての基本情報を見る
,すべての基本情報を見る
入畑ダム展望広場,〒024-0322,岩手県北上市和賀町岩崎新田,39.2665053,141.0034004,北上市,展望広場に上がると、ダム周辺と北上平野を一望することができ、南西の方角には駒ヶ岳を見ることができます,展望広場に上がると、ダム周辺と北上平野を一望することができ、南西の方角には駒ヶ岳を見ることができます。新緑の季節にはダムの湖面がエメラルドグリーンに輝いて素晴らしい眺望が楽しめます。
御所ダム,〒020-0501,岩手県岩手郡雫石町/盛岡市,39.6962875,140.9757756,盛岡市,雫石川をせき止めて造られた多目的ダムで中央コアー型ロックフィル，コンクリート動式の複合ダム,雫石川をせき止めて造られた多目的ダムで中央コアー型ロックフィル，コンクリート動式の複合ダム。洪水調節，用水供給，発電を行っている。日本版ＴＶＡで北上川流域五大ダムのフィナーレを飾る。
岩手県公会堂,〒020-0023,岩手県盛岡市内丸11-2,39.7032139,141.1535172,盛岡市,岩手県公会堂は，皇太子であった昭和天皇の御成婚を記念して建設が計画され，1925年（大正14年）9月の着工から1927年（昭和2年）6月の竣工まで，約2年の工期と総額43万8000円の建設費を投じて建設された,岩手県公会堂は，皇太子であった昭和天皇の御成婚を記念して建設が計画され，1925年（大正14年）9月の着工から1927年（昭和2年）6月の竣工まで，約2年の工期と総額43万8000円の建設費を投じて建設された。　設計は，東京の日比谷公会堂や早稲田大学大隈講堂の設計で知られる佐藤功一博士で，近代コンクリート建築の先駆け。創建当時の公会堂は，県会議事堂，大ホール，西洋料理店，皇族方の宿泊所と，4つの用途を備えていた。間口44メートル，奥行48メートルの規模で，鉄筋コンクリート造地下1階地上2階建，陸屋根となっている。玄関奥を階段室，その奥を中庭とし，後部にホールを置く。中央に高さ約24メートル・6 層の塔屋を設け，外壁をスクラッチタイル貼とし，外部に柱形を現して垂直性を強調しているのが特徴です。　　幾度かの改修が行われましたが，内部には漆喰の美しいレリーフや，優雅な曲線のバルコニーなど，創建当時の面影を伝えるアール・デコ様式の意匠が残されており，現在も会議室を主体とした施設として市民・県民に利用されています。
もりおか歴史文化館,〒020-0023,岩手県盛岡市内丸1番50号,39.701053,141.1525757,盛岡市,2011年7月に開館した文化施設,2011年7月に開館した文化施設。1階では盛岡の観光情報や伝統文化を紹介し、2階では城下町盛岡の成立過程や盛岡藩主南部家に関する資料を展示しております。
安比高原スキー場,〒028-7557,岩手県八幡平市安比高原,40.00384590000001,140.9808543,八幡平市,"安比高原スキー場は、オーストリアのアルベルクやアメリカのアスペンなど世界を代表するスキーエリアと同じ北緯40度にあり、国立公園八幡平から連なる標高1,"安比高原スキー場は、オーストリアのアルベルクやアメリカのアスペンなど世界を代表するスキーエリアと同じ北緯40度にあり、国立公園八幡平から連なる標高1
三ツ石山,〒020-0501,岩手県岩手郡雫石町/八幡平市,39.6962875,140.9757756,八幡平市,展望雄大，乾性高山植物の宝庫,展望雄大，乾性高山植物の宝庫。網張温泉よりリフト利用で２時間３０分。滝ノ上温泉より上り２時間３０分，下り１時間４０分。
鞍掛山,〒020-0172,岩手県滝沢市鵜飼字安達,39.7705198,141.029645,滝沢市,岩手山のふもとに広がる標高８９７．１メートルの鞍掛山は、家族向けのハイキングコース,岩手山のふもとに広がる標高８９７．１メートルの鞍掛山は、家族向けのハイキングコース。小さな子供たちも気軽に楽しめます。鞍掛山から見える岩手山も雄大です。また、宮沢賢治の作品の源泉となった鞍掛山を含む岩手県内６カ所の自然景観が「イーハトーブの風景地 」として、景観の重要文化財にあたる国指定名勝に指定されました。
石鳥谷アイスアリーナ,〒028-3171,岩手県花巻市石鳥谷町中寺林6-92-1,39.4814957,141.1413482,花巻市,平成10年冬季国体フィギュア競技が開催された屋内スケートリンク,平成10年冬季国体フィギュア競技が開催された屋内スケートリンク。シーズンオフは、テニスコートや屋内競技、イベントスペースとして利用されます。
一関市博物館,〒021-0101,岩手県一関市厳美町字沖野々215,38.946656,141.0516763,一関市,常設展示-舞草刀と刀剣　玄沢と蘭学　文彦と言海　一関と和算
,常設展示-舞草刀と刀剣　玄沢と蘭学　文彦と言海　一関と和算
厳美渓,〒021-0101,岩手県一関市厳美町,38.9435146,141.0476712,一関市,岩手県の磐井川沿いにある渓谷,岩手県の磐井川沿いにある渓谷。磐井川が巨岩を浸食し、２ｋｍにわたり渓谷美を見せる。渓流をはわんだ対岸のお茶屋からだんごとお茶を買う「郭公だんご」が名物。吊り橋から眺める蒸留の荒々しい流れと下流のゆったりした淵が対象的。甌穴が見せる渓流美が美しい。名勝天然記念物指定。紅葉の見頃は１０月中旬〜１１月中旬。
桜山神社,〒020-0023,岩手県盛岡市内丸1-42,39.6998587,141.150687,盛岡市,社殿が盛岡城三の丸跡にあり、江戸時代中期の寛延２年に創建され南部藩の総鎮守として信仰されました,社殿が盛岡城三の丸跡にあり、江戸時代中期の寛延２年に創建され南部藩の総鎮守として信仰されました。国の重要文化財に指定される南北朝時代初期の国長作の刀が所蔵されています。毎年５月２５日から３日間行われる例大祭では、お神輿が騎馬武者に先導されて盛岡市内を練り歩き境内には多くの出店が立ち並びます。また、１月２６日に開催される伝統行事裸参りは盛岡の冬の風物詩として有名です。
猊鼻渓,〒029-0302,岩手県一関市東山町長坂字町375 げいびセンター,38.9892851,141.2553835,一関市,北上川の支流・砂鉄川両岸に巨岩・絶壁の連なる約2ｋｍの渓谷を舟下りで楽しめる,北上川の支流・砂鉄川両岸に巨岩・絶壁の連なる約2ｋｍの渓谷を舟下りで楽しめる。大正14年に名勝に指定され、日本百景のひとつに数えられる。史蹟名勝天然記念物。
サハラガラスパーク,〒021-0101,岩手県一関市厳美町滝ノ上263-1,38.9452422,141.0485488,一関市,まさにガラスのテーマパーク,まさにガラスのテーマパーク。まず１８００本のステンドグラスで作られた花時計にビックリする。30カ国以上から集められた３万点ものガラス製品や有名作家による作品まで揃う。吹きガラス体験や工房見学もでき、１輪挿しやグラスなどを作ることができる。壁から照明まで全てガラス製というレストランもある。
宮古市魚菜市場,〒027-0072,岩手県宮古市五月町1-1,39.6463971,141.9460794,宮古市,市民の台所として親しまれている市場,市民の台所として親しまれている市場。毎朝6時30分から新鮮な魚介類や水産加工品がズラリ勢ぞろいする。市場の中には、近在の農家のお母さんたちが自家栽培の野菜、果物、花を並べる直売スペースがある。鮮度と安さには定評がある。どこか雅びの残る宮古弁のやりとりにぬくもりを感じるほのぼの市場。
盛岡八幡宮,〒020-0872,岩手県盛岡市八幡町13-1,39.6953068,141.1633499,盛岡市,南部藩鎮守,南部藩鎮守。八幡宮例大祭では山車の巡行や流鏑馬が有名、境内には米内光政像、田村了咲句碑などがあります。南部氏は、もともと八幡神を氏神と仰ぐ家柄でした。今から約800年ほど昔に南部の藩祖である南部光行公が、 居城を三戸から不来方に移す際に、不来方の豪族である日戸氏が代々信仰していた鳩森八幡宮を修復し、 この地方の守護神として城内におまつりし、氏神と仰ぎました。城内の八幡社を藩主が篤く信奉することから、城下の民衆も自然に八幡神を崇敬するようになりました。 そのため、新たに崇敬の中心となるべき八幡神社の造営が必要とされ、 寛文11年に南部29代重信公が、商業の流通を図るために、町の中心部を整え、 新八幡宮の造営に着手しました。約1万5千坪の広大な境内地を定めて寛文11年に着手された造営工事は約8ヵ年を要し、 延宝8年にご本殿を始め、流鏑馬（やぶさめ）馬場等の主な建物や施設が整いました。 新八幡宮造営にあわせて、門前の町づくりにも着手し、その竣工と同時に門前町である八幡町が完成しました。 八幡町は、盛岡八幡宮の歴史とともに発展し現在に至っています。
盛岡市動物公園,〒020-0803,岩手県盛岡市新庄字下八木田60-18,39.697177,141.1946942,盛岡市,野外レクリエーションやピクニックなど自然を楽しみながら動物と親しめる施設,野外レクリエーションやピクニックなど自然を楽しみながら動物と親しめる施設。哺乳類，鳥類あわせて約１００種７００頭羽を展示しています。動物とのふれあい体験や、自然観察会なども行っています。
岩山展望台,〒020-0803,岩手県盛岡市新庄字岩山50-6,39.7022764,141.1922721,盛岡市,標高約340ｍの頂上にあり，盛岡駅から車で15分の所に位置する岩山の展望台は，市街地はもちろん，岩手山や八幡平を含む奥羽山系から北上山系まで一望でき迫力満点,標高約340ｍの頂上にあり，盛岡駅から車で15分の所に位置する岩山の展望台は，市街地はもちろん，岩手山や八幡平を含む奥羽山系から北上山系まで一望でき迫力満点。背後には岩手山が望める。盛岡全景を望む夜景スポットとしても人気がある。
盛岡カントリークラブ,〒020-0803,岩手県盛岡市新庄字岩山公園,39.701676,141.1819016,盛岡市,すべての基本情報を見る
,すべての基本情報を見る
えさし郷土文化館,〒023-1101,岩手県奥州市江刺区岩谷堂字小名丸102-1,39.1960933,141.1911264,奥州市,農業紹介ホール、体験棟、奥の院の3つで構成されている,農業紹介ホール、体験棟、奥の院の3つで構成されている。江刺金札米や江刺りんごで全国的にも有名な江刺農業の歩みなどを紹介している他、予約制で，そば打ちやサキ織り、芸などが体験できる。奥の院には、国指定の重要文化財である仏像が数多く展示されている。中でも、「中善観音」と呼ばれる百観音菩薩は必見。
八重吉煎餅店,〒023-1113,岩手県奥州市江刺区中町3-12,39.1890773,141.179322,奥州市,昭和9年の創業以来、50年以上亀の子せんべいを作り続けている,昭和9年の創業以来、50年以上亀の子せんべいを作り続けている。
上の橋,〒020-0887,岩手県盛岡市上の橋,39.7044362,141.160111,盛岡市,盛岡の中心部を流れる中津川にかかる、その昔盛岡三橋と呼ばれた橋の一つ,盛岡の中心部を流れる中津川にかかる、その昔盛岡三橋と呼ばれた橋の一つ。盛岡城築城の際、当時藩主であった南部利直がその欄干に取り付けた擬宝珠は青銅製で、今から約４００年前となる慶長14、16年の銘が刻まれている。橋のたもとには、市の花であるカキツバタが群生しており初夏には紫の花が咲きそろう。
ワインシャトー大迫,〒028-3203,岩手県花巻市大迫町大迫10-18-3,39.474386,141.2852142,花巻市,ぶどうの収穫からワイン醸造までの行程をパネルやモニターなどで紹介するコーナーや、町で生産しているワインの試飲、即売コーナーがあるワインのミニ博物館,ぶどうの収穫からワイン醸造までの行程をパネルやモニターなどで紹介するコーナーや、町で生産しているワインの試飲、即売コーナーがあるワインのミニ博物館。
姫神山,〒028-4124,岩手県盛岡市玉山区,39.83624349999999,141.1562046,盛岡市,"みちのくの空に美しい三角形を描く姫神山,"みちのくの空に美しい三角形を描く姫神山。詩人石川啄木のふるさと盛岡市玉山区の中央に高まる花崗岩の残丘で、標高1
岩洞湖,〒028-2711,岩手県盛岡市玉山区薮川字亀橋,39.82892500000001,141.3450962,盛岡市,日本一美しいといわれる人造湖,日本一美しいといわれる人造湖。白樺・赤松などの林が神秘的です。湖畔には、シラカバやナラなどの広葉樹が群生しており、春の新緑や秋の紅葉など、四季それぞれに美しい風景を観ることができます。また、周辺には、キャンプ場や広場、遊歩道が整備されています。
天峰山,〒020-0201,岩手県盛岡市玉山区日戸字姥懐,39.8022862,141.2418809,盛岡市,姫神山の横長尾根（南山麓）に位置し，尼寺がある,姫神山の横長尾根（南山麓）に位置し，尼寺がある。岩手山を中心とした山並，北上川の流域が見渡せる牧歌的風景の高原。
三王岩,〒027-0322,岩手県宮古市田老字青砂里,39.7364004,141.9780829,宮古市,田老湾口にそそり立つ男岩，女岩，太鼓岩の三巨岩,田老湾口にそそり立つ男岩，女岩，太鼓岩の三巨岩。陸中海岸を代表する景勝地。東日本大震災の影響により、三王岩周辺の一部遊歩道が通行不可能となっております。
岩手サファリパーク,〒029-3311,岩手県一関市藤沢町黄海字山谷121-2,38.8094732,141.261059,一関市,アフリカ動物などの中を車で探検するサファリパークとサル劇場、フラミンゴショー、サルとふれあえる世界のモンキーセンターゾウの背中に乗れるゾウの村があります,アフリカ動物などの中を車で探検するサファリパークとサル劇場、フラミンゴショー、サルとふれあえる世界のモンキーセンターゾウの背中に乗れるゾウの村があります。
石神の丘美術館,〒028-4307,岩手県岩手郡岩手町五日市10-121-21,39.9681785,141.2140964,日市,石神の丘美術館は1993年7月に岩手県内初の野外彫刻美術館として開館しました,石神の丘美術館は1993年7月に岩手県内初の野外彫刻美術館として開館しました。その後，道の駅「石神の丘」の設置にともない大規模な改修が行われ、2002年7月にリニューアルオープンしました。屋外では6月下旬から7月上旬にかけてラベンダーが見頃となるほか美しい山野草や紅葉といった四季折々の自然も楽しめます。また、芸術鑑賞をしながら気軽にピクニックが楽しめる屋外展示に加えて常設展や企画展が楽しめるギャラリー、見るだけではなく作ることによって美術を体験できる工房，各種のイベント等の活動を通して地域に根ざした芸術文化活動の一拠点となり、幼児から高齢者まで幅広い年齢の方が構えることなくいつでも立ち寄れ，身近に美術を感じることのできるような開かれた美術館を目指しています。平成20年4月には「恋人の聖地」に認定され、新たな観光スポットとして期待されています。
駒形神社,〒023-0857,岩手県奥州市水沢区中上野町1-83,39.1365406,141.1380747,奥州市,駒ヶ岳に奥宮がある,駒ヶ岳に奥宮がある。子供騎馬武者行列は5月3日。予約不要。
カッパ淵,〒028-0555,岩手県遠野市土淵町土淵,39.3584409,141.5756511,遠野市,カッパ伝説が多く残る遠野で一番知られている場所がここ,カッパ伝説が多く残る遠野で一番知られている場所がここ。その昔、武将が馬の足を洗っていたら、この淵からカッパが出てきて悪さをしたらしい。今はその淵らしきものはないが、幅２〜３ｍの川原には、夫婦のカッパが鎮座する祠があり、拝むと胸が大きくなるという噂も。駅前には、レンタサイクルもある。
たかむろ水光園,〒028-0553,岩手県遠野市土淵町柏崎7-175-2,39.3540477,141.59653,遠野市,釣り堀の「遠野池」には、遠野物語にちなんだ東屋や清々しい渓流があり、周辺の曲り家形式の民族園、酒造土蔵の芸能館、水車小屋では昔ながらの遠野の暮らしに触れることができる,釣り堀の「遠野池」には、遠野物語にちなんだ東屋や清々しい渓流があり、周辺の曲り家形式の民族園、酒造土蔵の芸能館、水車小屋では昔ながらの遠野の暮らしに触れることができる。準天然のトロン温泉では「肌がツルツルになる」と言われ、若い人にも人気があり、女性にはおすすめの温泉。低温サウナもあり。水辺のオアシスに、曲り家や温泉が大集合。
常堅寺,〒028-0555,岩手県遠野市土淵町土淵7-50,39.3544857,141.570985,遠野市,曹洞宗,曹洞宗。遠野物語に登場するカッパ狛犬などがある。裏にはカッパ淵がある。
伝承園,〒028-0555,岩手県遠野市土淵町土淵6-5-1,39.3573103,141.5695516,遠野市,"遠野の民俗資料の保護、むかしから伝わる技術や行事の伝承のための施設,"遠野の民俗資料の保護、むかしから伝わる技術や行事の伝承のための施設。園内には佐々木喜善記念館、1
遠野郷八幡宮,〒028-0541,岩手県遠野市松崎町白岩23-19,39.3428058,141.5452319,遠野市,遠野郷の総鎮守,遠野郷の総鎮守。９月１４日，１５日の例大祭では郷土芸能が集う。
花巻新渡戸記念館,〒025-0014,岩手県花巻市高松9-21,39.38994330000001,141.1610385,花巻市,藩政時代220年あまりにわたって花巻に居住し，新田開発等の地域開発に貢献した新渡戸氏の業績を紹介している,藩政時代220年あまりにわたって花巻に居住し，新田開発等の地域開発に貢献した新渡戸氏の業績を紹介している。
夏虫のお湯っこ,〒022-0101,岩手県大船渡市三陸町越喜来字小出59-1,39.1365411,141.7789746,大船渡市,夏虫山の麓にある大自然に囲まれた日帰り人口温泉施設で、ゆっくりとした雰囲気でくつろぎの時間を味わうことができます,夏虫山の麓にある大自然に囲まれた日帰り人口温泉施設で、ゆっくりとした雰囲気でくつろぎの時間を味わうことができます。弱アルカリ性の人口温泉で、腰痛・肩こり・リウマチ・神経痛・疲労回復などの効能が望めます。浴室は、大浴場の他、ジェットバス、サウナ、泡風呂、スチームサウナ、薬湯などがあります。施設内には、マッサージを受けられる施設がある他、大評判の鹿カレーが食べられる食堂や、無料休憩室があります。宿泊施設の「遊・YOU・亭夏虫」と繋がっており宿泊もできることから、グランドゴルフやパラグライダー体験などのレジャーも気軽に楽しむことができます。
遊・YOU・亭 夏虫,〒022-0101,岩手県大船渡市三陸町越喜来字小出59-1,39.1365411,141.7789746,大船渡市,当館の近くには自然がいっぱい！御家族揃って遊べます,当館の近くには自然がいっぱい！御家族揃って遊べます。三陸の海と山を空から眺めてみませんか？4月〜10月は、パラグライダーの受付もしております。たくさん遊んだあとは、ぜひお湯っこと遊・YOU・亭夏虫でおくつろぎ下さい。ゆったりとした空間、ほっとする雰囲気。充実した設備と心からのおもてなし。グラス片手にくつろぎの空間をお楽しみください。当館は「第一回心に響くいわて景観賞」を受賞しました！
夏油高原スキー場,〒024-0322,岩手県北上市和賀町岩崎新田,39.2665053,141.0034004,北上市,遠くに鳥海山、岩手山を望むことができる最大積雪量4mの国内屈指の積雪量が自慢です,遠くに鳥海山、岩手山を望むことができる最大積雪量4mの国内屈指の積雪量が自慢です。ナイター施設も充実しており、6人乗りのゴンドラが稼働し、滑走距離の長いナイターが楽しめます。スキーセンターには託児施設、展望天然風呂があります。レストラン、レンタルコーナー、ショップ、チケットカウンター、インフォメーションなどもあり、すべてがスキーセンター内の移動のみでOKです。スキースクールはSAJ公認(夏油高原スキースクール)があります。
夏油高原温泉,〒024-0322,岩手県北上市和賀町岩崎新田,39.2665053,141.0034004,北上市,夏油高原スキー場に併設した温泉,夏油高原スキー場に併設した温泉。展望露天風呂からはオガラ森や前塚見山、北上市内を一望できます。外窓のある遠赤外線サウナは、気持ちよく体を温めてくれます。
岩手県立博物館,〒020-0102,岩手県盛岡市上田松屋敷34,39.7554666,141.1538878,盛岡市,県制１００年を記念して昭和５５年に開館した岩手地方の資料を幅広く展示する総合博物館,県制１００年を記念して昭和５５年に開館した岩手地方の資料を幅広く展示する総合博物館。岩手の歴史を時代の流れに沿ってテーマ別に展示している総合展示室，動物や地質などの自然や，考古・民俗などを各分野に分けて展示する分類展示室，岩手県ゆかりの画家や彫刻家の作品を展示する近代美術展示室などがある。特に萬鉄五郎の作品や遺品は約１６００点に及んでいる。また古い民具を実際に使用してみることのできる体験学習室や，屋外には国の重要文化財に指定されている江戸後期に建てられた曲り家・直屋が移築復元されている。
四十四田公園,〒020-0102,岩手県盛岡市上田字松屋敷34,39.7554666,141.1538878,盛岡市,「南部片富士湖」として親しまれているダム湖を囲んだ公園,「南部片富士湖」として親しまれているダム湖を囲んだ公園。岩手山前方に広がる雄大な眺望が楽しめる公園です。「盛岡彫刻シンポジウム」の公開制作が開催されていたこともあり、公園内には6基の彫刻作品が設置されています。
焼石岳,〒023-0403,岩手県奥州市胆沢区若柳,39.12598699999999,140.9868997,奥州市,秋田県東成瀬村との間にある山で、近年は花の名山として多くの登山愛好家が訪れている,秋田県東成瀬村との間にある山で、近年は花の名山として多くの登山愛好家が訪れている。
たねいち産直ふれあい広場,〒028-7912,岩手県九戸郡洋野町種市32-95-1,40.4193819,141.6990529,種市,国道４５号線沿にあり、とれたて野菜やその加工品・特産品等が購入できる,国道４５号線沿にあり、とれたて野菜やその加工品・特産品等が購入できる。食堂では地域に伝わる味が堪能できる。
湯ったり館,〒028-2101,岩手県宮古市茂市8-53,39.6162526,141.7937361,宮古市,すべての基本情報を見る
,すべての基本情報を見る
閉伊川,〒028-2101,岩手県宮古市,39.6414202,141.9571395,宮古市,兜明神岳を水源とし，風光に優れた渓流でアユ・ヤマメ・イワナの宝庫,兜明神岳を水源とし，風光に優れた渓流でアユ・ヤマメ・イワナの宝庫。
閉伊川オートキャンプ場,〒028-2101,岩手県宮古市茂市8-53,39.6162526,141.7937361,宮古市,各サイトＡＣ電源付，サニタリーハウス有
,各サイトＡＣ電源付，サニタリーハウス有
横山八幡宮,〒027-0052,岩手県宮古市宮町2-5-1,39.63813409999999,141.9437019,宮古市,宮古の地名の由来を伝える古い神社,宮古の地名の由来を伝える古い神社。境内には宮古の地名の由来になっている「神歌碑」が建っています。　義経北行伝説が伝えられており、義経・弁慶をはじめとする主従が松前渡海の安全祈願のため参籠した所で、弁慶直筆の大般若経が収まっていた観音堂があった。家臣の鈴木三郎重家は、老齢であったため残留し、名を重三郎と変え、この八幡宮の神主となったといわれている。
めがね橋,〒028-0304,岩手県遠野市宮守町下宮守,39.3466107,141.3527126,遠野市,正式名称は「宮守川橋梁」,正式名称は「宮守川橋梁」。宮沢賢治の名作「銀河鉄道の夜」のモチーフにもなったと言われ、ライトアップされた姿は見る人を幻想的な世界へと誘う。
めがねばし直売所,〒028-0304,岩手県遠野市宮守町下宮守30-37-1 道の駅みやもり施設内,39.3460524,141.3513044,遠野市,村内農家婦人が中心となって自家製農産物や手工芸品を販売する,村内農家婦人が中心となって自家製農産物や手工芸品を販売する。多品種少量の品揃え。
岩手県立美術館,〒020-0866,岩手県盛岡市本宮字松幅12-3,39.6931837,141.1245868,盛岡市,萬鐵五郎、松本竣介、舟越保武を柱とした郷土作家の作品を中心に収集展示し、また国内外の様々なテーマによる企画展を開催している,萬鐵五郎、松本竣介、舟越保武を柱とした郷土作家の作品を中心に収集展示し、また国内外の様々なテーマによる企画展を開催している。同時に講演会やワークショップ、コンサートといった美術に親しむための様々なイベントを開催している。企画展の観覧券で常設展も見学可能。
盛岡市アイスアリーナ,〒020-0866,岩手県盛岡市本宮5丁目4-1,39.69087270000001,141.1204122,盛岡市,すべての基本情報を見る
,すべての基本情報を見る
潮吹穴,〒027-0096,岩手県宮古市崎秋ヶ崎第17地割古里27番,39.6414202,141.9571395,宮古市,崎山海岸にあり，白亜紀の岩層の空洞より海水が噴き上がる,崎山海岸にあり，白亜紀の岩層の空洞より海水が噴き上がる。昭和14年9月に国の天然記念物に指定されました。指定：昭和14年9月7日・国指定天然記念物。
新安比温泉,〒028-7533,岩手県八幡平市叺田43-1,40.1020902,141.0588064,八幡平市,地下約９４５ｍから湧き出る温泉は毎分７０〜８０リットルで５３度,地下約９４５ｍから湧き出る温泉は毎分７０〜８０リットルで５３度。メタホウ酸鉄分などをふくむ食塩泉。
田代平高原,〒028-7515,岩手県八幡平市,39.9263614,141.0953354,八幡平市,七時雨山のすそ野に広がる牧歌的情緒たっぷりの草原地帯,七時雨山のすそ野に広がる牧歌的情緒たっぷりの草原地帯。ツツジが群生し、山菜の宝庫。市営の牧野があり、秋には紅葉がすばらしい。
明治記念館,〒023-1117,岩手県奥州市江刺区南町4-8,39.1909188,141.1816051,奥州市,旧共立病院関係資料、教育関係資料、民族資料
,旧共立病院関係資料、教育関係資料、民族資料
薬師堂温泉,〒023-0003,岩手県奥州市水沢区佐倉河字薬師堂27,39.1727345,141.1392136,奥州市,神経痛、冷え症、慢性皮膚病、慢性婦人病に効く,神経痛、冷え症、慢性皮膚病、慢性婦人病に効く。
御台場展望台,〒027-0001,岩手県宮古市浄土ヶ浜,39.6523962,141.978652,宮古市,浄土ヶ浜第1駐車場から徒歩約8分です,浄土ヶ浜第1駐車場から徒歩約8分です。眼下に浄土ヶ浜を見下ろせる絶景ポイントです。
浄土ヶ浜,"",岩手県宮古市,39.6414202,141.9571395,宮古市,陸中海岸を代表する景勝地,陸中海岸を代表する景勝地。白い流紋岩でできた美しい海岸。磯遊び、海水浴客で賑わう。日本の快水浴場百選の『海の部特選』に選定された。　浄土ヶ浜の地名は天保年間（1681〜1683）に宮古山常安寺七世の霊鏡和尚が「さながら極楽浄土のごとし」と感嘆したことから名づけられました。東日本大震災の被害による復旧工事のため、浄土ヶ浜区域内遊歩道が通行止めとなっております。
竹駒神社,〒029-2203,岩手県陸前高田市竹駒町字童子,39.0472966,141.6052929,陸前高田市,行基菩薩が玉山金山を発見したことから、伏見大社より金山守護神として勧請した後、藤原清衡が神社を奉斎した,行基菩薩が玉山金山を発見したことから、伏見大社より金山守護神として勧請した後、藤原清衡が神社を奉斎した。正月3ヶ日の初詣には多くの初詣客でにぎわう。神階は正一位稲荷大明神。
天神山公園,〒022-0003,岩手県大船渡市盛町,39.0873643,141.7077493,大船渡市,盛町の高台にあり，市内随一の桜の名所である,盛町の高台にあり，市内随一の桜の名所である。天神山公園付近には市指定の天然記念物である「紅ひがん桜」など貴重な桜があり、市民の憩いの場となっている。また、公園敷地内の広場には明治３３年７月に公園を訪れた石川啄木の歌碑が建っている。
幽玄洞,〒029-0302,岩手県一関市東山町長坂字東本町154-1,39.0042173,141.2562801,一関市,化石の宝庫（ウミユリの本体の化石）・地底湖などがある鍾乳洞
,化石の宝庫（ウミユリの本体の化石）・地底湖などがある鍾乳洞
とうほくニュージーランド村,〒029-4302,岩手県奥州市衣川区日向59,39.0361417,141.0864,奥州市,衣川の豊かな自然にたたずむとうほくニュージーランド村,衣川の豊かな自然にたたずむとうほくニュージーランド村。美しいメルヘンの街並みや森、広大な牧場、大自然の中でとっておきの休日を満喫できる。
牛の博物館,〒029-4205,岩手県奥州市前沢区南陣場103-1,39.0269967,141.1239803,奥州市,牛に関する資料を国内外より集め展示,牛に関する資料を国内外より集め展示。　「牛と人との共存を探り、生命・自然・人間を知る」をテーマとする世界唯一のウシ専門博物館。
真湯野営場,〒021-0101,岩手県一関市厳美町字真湯地内,38.9435146,141.0476712,一関市,ブナ原生林に囲まれた野営場,ブナ原生林に囲まれた野営場。
プラザおでって,〒020-0871,岩手県盛岡市中ノ橋通1-1-10,39.7000699,141.1546755,盛岡市,市内の観光情報の閲覧ができる観光文化情報プラザと、イベントを行うおでってホールやギャラリーを中心とした６階建ての施設,市内の観光情報の閲覧ができる観光文化情報プラザと、イベントを行うおでってホールやギャラリーを中心とした６階建ての施設。６階には「盛岡てがみ館」があり、盛岡に縁のある著名人の書簡等を展示。１階には「産直夢街道」があり、岩手県や隣の秋田県の太平洋から日本海まで国道１０６沿いの特産物が並ぶ。
高松の池,〒020-0114,岩手県盛岡市高松1-26-1,39.72256429999999,141.1434009,盛岡市,上田堤が造られたのは、南部２６代藩主信直公が三戸より盛岡に移り、盛岡城築城を開始した慶長年間から寛永年間といわれています,上田堤が造られたのは、南部２６代藩主信直公が三戸より盛岡に移り、盛岡城築城を開始した慶長年間から寛永年間といわれています。当時、上田方面は湿地帯で、池方面からの浸水が町づくりの大きな障害となったため、治水を目的として、上田に三段の堤防が築かれました。この上堤、中堤、下堤のうち、最も大きかった中堤が、現在の高松の池となって残っています。上田堤付近は南部公の鷹狩りの場であり、また、松林の美しさが有名であったことにちなんで「高松の池」と名付けられたと伝えられています。　明治22年市制施行と共に公園化が進められ、サクラ以外にもボタン園・アヤメ園・バラ園等を整備し、風致公園として市民に親しまれています。平成元年に「日本さくらの名所100選」に選ばれました。
高松公園,〒020-0114,岩手県盛岡市高松1-26-1,39.72256429999999,141.1434009,盛岡市,上田堤が造られたのは、南部２６代藩主信直公が三戸より盛岡に移り、盛岡城築城を開始した慶長年間から寛永年間といわれています,上田堤が造られたのは、南部２６代藩主信直公が三戸より盛岡に移り、盛岡城築城を開始した慶長年間から寛永年間といわれています。当時、上田方面は湿地帯で、池方面からの浸水が町づくりの大きな障害となったため、治水を目的として、上田に三段の堤防が築かれました。この上堤、中堤、下堤のうち、最も大きかった中堤が、現在の高松の池となって残っています。上田堤付近は南部公の鷹狩りの場であり、また、松林の美しさが有名であったことにちなんで「高松の池」と名付けられたと伝えられています。 　明治22年市制施行と共に公園化が進められ、サクラ以外にもボタン園・アヤメ園・バラ園等を整備し、風致公園として市民に親しまれています。　平成元年に「日本さくらの名所100選」に選ばれました。
高松芝水園,〒020-0102,岩手県盛岡市上田堤,39.729558,141.1525304,盛岡市,盛岡市の高松の池となりにある釣堀で、夏季には子供対象にザリガニ釣りもできる,盛岡市の高松の池となりにある釣堀で、夏季には子供対象にザリガニ釣りもできる。管理人の指導もあり。休日には多くの家族連れでにぎわう。
グリーンピア三陸みやこ,〒027-0373,岩手県宮古市田老向新田,39.789189,141.9698433,宮古市,ホテル（３００人収容），多目的グランド，テニスコート，室内外ゲートボール場，プール，体育館，トリムコース等
,ホテル（３００人収容），多目的グランド，テニスコート，室内外ゲートボール場，プール，体育館，トリムコース等
水沢公園,〒023-0857,岩手県奥州市水沢区中上野町1-1,39.1353324,141.1393135,奥州市,桜の名所,桜の名所。特に樹齢350年前後のヒガン系桜の古木群は岩手県天然記念物に指定されている。また、園内には、高野長英記念館や後藤新平・斎藤實の銅像をはじめ、芭蕉句碑、子規句碑、太宰翁碑等があり、散策の人たちを引きつけている。
みちのく古都カントリークラブ,〒029-4475,岩手県奥州市衣川区中山87-5,39.0098649,141.0133584,奥州市,すべての基本情報を見る
,すべての基本情報を見る
遠野ふるさと村,〒028-0661,岩手県遠野市附馬牛町上附馬牛5-89-1,39.3959993,141.5403526,遠野市,懐かしい農村を再現した場所,懐かしい農村を再現した場所。のどかな風景の中でさまざまな“農村体験”ができます。
小袖海女センター,〒028-8111,岩手県久慈市宇部町第24地割110-2,40.1685316,141.8524348,久慈市,北限の海女の拠点施設,北限の海女の拠点施設。奇岩と怪石が連なる美しい小袖海岸の先にある海女センター。この海女センターそばの海岸では、磯のウニを素潜りで採る海女の実演も見学することができます。
同心屋敷,〒025-0084,岩手県花巻市桜町4丁目83-5,39.3753051,141.1230872,花巻市,花巻同心組３０人が居住した所,花巻同心組３０人が居住した所。下級武士の生活を伝える。１９８０年２棟を移転・改修した。
宮沢賢治詩碑,〒020-0023,岩手県盛岡市内丸１-37,39.6998587,141.150687,盛岡市,盛岡で中学・高等農林時代の青春期を過ごした詩人童話作家,盛岡で中学・高等農林時代の青春期を過ごした詩人童話作家。賢治の死の一カ月前にあたる８月２２日の日付のある文語詩百編の中の一つ。※「かなた」と老いしタピングは　杖をはるかにゆびさせど 東はるかに散乱の　さびしき銀は声もなし なみなす丘はぼうぼうと　青きりんごの色に暮れ 大学生のタピングは　口笛軽く吹きにけり 老いたるミセスタッピング　「去年（こぞ）なが姉はこゝにして 中学生の一組に　花のことばを教へしか」 弧光燈（アークライト）にめくるめき　羽虫の群のあつまりつ 川と銀行木のみどり　まちはしづかにたそがるゝ
碁石海岸レストハウス,〒022-0001,岩手県大船渡市末崎町字大浜221-68,38.9907952,141.7424523,大船渡市,三陸海岸　岩手県大船渡市末崎町ある碁石海岸レストハウス店内でいかせんべいの製造・販売をしています,三陸海岸　岩手県大船渡市末崎町ある碁石海岸レストハウス店内でいかせんべいの製造・販売をしています。また、三陸の磯の香りたっぷりの海産物や水産加工品、大船渡市内の銘菓や工芸品を数多く取り揃えて販売しています。人気商品には、いかせんべい・いかすみいかせんべい・がごめ昆布茶などがあり、観光やドライブの思い出に新しい1ページを添えることが出来ます。２階には約100席もある食堂があり、大船渡の海の幸（アワビ、ホタテ）をふんだんに使った海鮮丼、海鮮ラーメンなど、大船渡を代表する水産物であるサンマを使用した「さんまらーめん」も提供しています。
世界の椿館・碁石,〒022-0001,岩手県大船渡市末崎町大浜280-1,38.9908313,141.7414857,大船渡市,気候が温暖なため「つばきの里」とよばれる大船渡市は、太平洋沿岸のヤブツバキの実取りの北限の町です,気候が温暖なため「つばきの里」とよばれる大船渡市は、太平洋沿岸のヤブツバキの実取りの北限の町です。つばきは大船渡市の花に指定されており、まちのシンボルとなっており、市内の至る所でヤブツバキが紅色の花を咲かせます。また、椿を展示する屋内施設としては、国内最大規模の「世界の椿館・碁石」では、日本の椿だけでなく、世界13カ国600種700本の椿を一堂に堪能することができます。特にもつばきが見頃を迎える1月中旬から３月にかけては、世界の色とりどりの花々がいっせいに咲き誇り、華麗なつばきの競演を存分に観賞することができます。また、、地域で生産された四季折々の植栽展示のほか、椿の苗木、椿グッズ、椿油、鉢植えなどが販売等も行われており、来場者からは大変好評です。つばきが見頃を迎える1月下旬から3月下旬までの間「世界の椿館・碁石つばきまつり」を開催しています。
大船渡の三面椿,〒022-0001,岩手県大船渡市末崎町 熊野神社境内,38.9999749,141.7133457,大船渡市,"熊野神社境内にある日本最大のヤブツバキ,"熊野神社境内にある日本最大のヤブツバキ。樹齢1
岩鋳鉄器館,〒020-0863,岩手県盛岡市南仙北2-23-9,39.67129,141.1536848,盛岡市,明治３５年創業,明治３５年創業。南部鉄器の製造工程について説明を受けながら見学ができる（要予約）。南部鉄器の展示ギャラリーを始め、実際の作業工程を見学できるテーマパーク型工場。
深沢紅子野の花美術館,〒020-0885,岩手県盛岡市紺屋町4-8,39.7032779,141.1560003,盛岡市,「明るい人柄と、真の強さに裏打ちされた優しさがあふれている」と訪れた人々を魅了する盛岡出身の画家・深沢紅子の作品を展示した美術館です,「明るい人柄と、真の強さに裏打ちされた優しさがあふれている」と訪れた人々を魅了する盛岡出身の画家・深沢紅子の作品を展示した美術館です。平成８年に開館し、水彩作品４０点・油彩６〜７点を常時展示しています。花との出会いを一期一会とした紅子らしい企画展も行われます。
菊の司酒造,〒020-0885,岩手県盛岡市紺屋町4-20,39.70365839999999,141.156578,盛岡市,お酒の製造工程について見学ができます,お酒の製造工程について見学ができます。
五百羅漢,〒028-0524,岩手県遠野市新町,39.329579,141.5258981,遠野市,愛宕神社背後の谷あいに、羅漢像を線彫りした自然石が無数に並んでいる,愛宕神社背後の谷あいに、羅漢像を線彫りした自然石が無数に並んでいる。相次ぐ凶作で餓死した人々の霊を供養するため，南部家の菩提寺大慈寺19代義山和尚が刻んだものと伝えられる。
報恩寺,〒020-0016,岩手県盛岡市名須川町31-5,39.711688,141.1563167,盛岡市,報恩寺（ほうおんじ）は広大な座禅堂と五百羅漢（ごひゃくらかん）で藩政時代から有名,報恩寺（ほうおんじ）は広大な座禅堂と五百羅漢（ごひゃくらかん）で藩政時代から有名。 石川啄木がまだ盛岡中学の学生だったころ、この北山一帯の風光をこよなく愛し、級友とよく散策したといわれる。（詩集「あこがれ」の中の「落瓦の賦」は報恩寺をうたった。）また、 宮沢賢治は 盛岡高等農林学校時代に報恩寺で参禅している。五百羅漢は報恩寺の羅漢堂に納められた尊像で、499体が現存。胎内の墨書銘から、1731年（享保16）、報恩寺代17世和尚が、大願主として造立、4年後に完成した。尊像は京都で9人の仏師によって製作され、盛岡に運んだ輸送用の箱は台座として再利用された。五百羅漢の五百という数字は、多数という意味で、それぞれの尊者に名はなく、服装からは印度・西域・支那の僧の風貌・容姿が連想され、マルコ・ポーロやフビライ・ハンの像もある。五百羅漢の現存は全国で50例ほど確認されているが、木彫りで499体が現存し、造立年代、尊像の製作者まで明確に知り得るのは、全国的にもまれな例といえる。昭和4１年に盛岡市の文化財に指定された。
龍谷寺,〒020-0016,岩手県盛岡市名須川町7-2,39.71075750000001,141.1546863,盛岡市,龍谷寺（りゅうこくじ）は明治４年から明治28年まで 石川啄木の母方の伯父、 葛原対月（かつらはらたいげつ）が住職だったお寺,龍谷寺（りゅうこくじ）は明治４年から明治28年まで 石川啄木の母方の伯父、 葛原対月（かつらはらたいげつ）が住職だったお寺。 対月の弟子であった啄木の父、 一禎（いってい）と対月の妹であった啄木の母カツが結ばれたのもこの寺だった。 対月は早くから和漢の書を修め、 易学、茶道に通じていたが、特に和歌に関しては一禎に大きな影響を与えた。 少年時代の啄木はしばしばこの寺を訪れ、 伯父の対月から詩歌の手ほどきを受けたといわれている。 境内には、国の天然記念物「モリオカシダレ」もあり、 春になると市民の目を楽しませてくれる。
光台寺,〒020-0016,岩手県盛岡市名須川町8-4,39.7106575,141.1535864,盛岡市,市指定文化財の盛岡城下絵屏風が所蔵されてる,市指定文化財の盛岡城下絵屏風が所蔵されてる。また、むかで姫の墓もある。（その伝説は以下のとおりです。）※昔、於武（おたけ）の方は、先祖がむかで退治に使った矢の根を持って、 南部家27代利直公に嫁いできました。 於武の方が亡くなったとき、遺体の下の変色した形が、むかでのはいまわる姿に似ていたことから、 「於武の方が持ってきた、むかでを退治した矢の根石の怨念にちがいない」と人々は驚き恐れました。この奇怪な出来事に利直公は、むかでは水を嫌うことから、堀をめぐらした土手の上に、 石垣でかこまれた墓の建立を命じました。ところが、堀にかこまれた墓地に見事な橋が架けられ、 殿様の渡り初めを待つ夜に、不思議なことに一夜のうちにその橋が壊され、大騒ぎとなりました。 その後、何度橋を架けても、むかでが出て壊してしまいました。 於武の方の墓には、大小のむかでが無数に出て、於武の方の髪の毛が片目の蛇となって石垣の間からはいまわり、 墓守は石の間に鉛を流し込んで防いだともいわれています。人々は、これらの出来事は矢の根石にまつわるむかでの怨霊のせいだと噂し、いつしか於武の方をむかで姫、 墓地を「むかで姫の墓」と呼ぶようになりました。
東顕寺,〒020-0016,岩手県盛岡市名須川町2-1,39.7087855,141.1541586,盛岡市,盛岡市に現在ある寺院の中では、最も歴史が古いと伝えられている,盛岡市に現在ある寺院の中では、最も歴史が古いと伝えられている。本尊は釈迦牟尼仏で、三尊仏は京都大仏師・駒野丹下定正の作で、唐様の三尊仏は珍しい。　裏側に三ツ石神社という、三個の巨大な花崗岩の岩が立ち並ぶ神社があり、その三ツ石に「岩手」の名のおこりの鬼の手形がある。また、文化講座の開催や釈迦降誕会法要、舟っこ流し行事もあり24時間のテレフォン法話も行っている。
サトウハチロー記念館,〒024-0043,岩手県北上市立花13-67-3,39.28263219999999,141.1326143,北上市,サトウハチローは、1903年、東京生まれ,サトウハチローは、1903年、東京生まれ。童話集『叱られ坊主』で文部大臣賞を受賞しました。父は弘前、母は仙台の出身で「ボクの血の中には東北のものが流れているから、田舎の詩を書くのに何の苦労もしない」と言っていました。童謡「うれしいひなまつり」や「かわいいかくれんぼ」、流行歌「リンゴの歌」などの作詞のほか、生涯の作品は約２万編にものぼると言われます。著書やレコード・遺品を通して、作品世界に溢れ出る温かな人柄と、奔放な生き方に迫ります。
北上市憩いの森,〒024-0041,岩手県北上市稲瀬町,39.2417368,141.1214665,北上市,展勝地生活環境保全林内にありキャンプ場のほか、木工体験館、アスレチック遊具、遊歩道などが施設内にある,展勝地生活環境保全林内にありキャンプ場のほか、木工体験館、アスレチック遊具、遊歩道などが施設内にある。　付近には展勝地公園・博物館・みちのく民俗村・サトウハチロー記念館などがある。
花巻城址,〒025-0076,岩手県花巻市城内,39.3891867,141.1196978,花巻市,南部藩の家老北松斎の居城,南部藩の家老北松斎の居城。円城寺門と西御門・時鐘が面影を伝える。
鳥谷崎神社,〒025-0076,岩手県花巻市城内7-28,39.3898506,141.1221697,花巻市,勧請・創立は不詳であるが、正和2年（１３１３年）に再建,勧請・創立は不詳であるが、正和2年（１３１３年）に再建。祭日は毎年９月１７〜１９日。
折爪岳,〒028-6101,岩手県二戸市福岡字織詰26,40.26831749999999,141.3719879,二戸市,7月上旬〜中旬に開催されるヒメボタル観賞会(要予約※１）では、100万匹ともいわれる東北最大級のヒメボタルが観賞でき、瞬く乱舞は自然のイルミネーションのようで幻想的です,7月上旬〜中旬に開催されるヒメボタル観賞会(要予約※１）では、100万匹ともいわれる東北最大級のヒメボタルが観賞でき、瞬く乱舞は自然のイルミネーションのようで幻想的です。　　「山居湧水（さんきょゆうすい）」といわれる、大変珍しい山頂付近からの湧き水やブナの原生林が残り、多様な動植物の宝庫です。　　ビジターセンター（Tel0195-23-7599）や食堂、キャンプ場、オートキャンプ場、登山コースなど整備されております。
珊瑚橋,〒024-0043,岩手県北上市立花,39.28263219999999,141.1326143,北上市,北上市内から展勝地に向かう途中、北上川に架かる橋が珊瑚橋（橋長253.8）です,北上市内から展勝地に向かう途中、北上川に架かる橋が珊瑚橋（橋長253.8）です。この橋は明治41年、立花村（当時）の高舘徳次郎が私財を投じて造りあげたもので、有料で通行することができました。　当初は木製だった為、完成の翌年に洪水で流失するなど、たびたび流失、架け替えを繰り返し、昭和８年に現在のようなゲルバー橋に架け替えられました。　東京の両国橋や大阪の天満橋と同じ構造であり、夜間照明もあることから、当時は県１・２の名橋と言われました。ここからは、春には見事な桜並木、冬には飛来した白鳥を眺めることができます。
立花毘沙門堂,〒024-0043,岩手県北上市立花16-105,39.2785245,141.1375584,北上市,国見山極楽寺文化を物語る平安時代の仏教彫刻、木造毘沙門天立像と木造二天王立像（いずれも国指定重要文化財）を安置しています,国見山極楽寺文化を物語る平安時代の仏教彫刻、木造毘沙門天立像と木造二天王立像（いずれも国指定重要文化財）を安置しています。特に二天王は古像の遺品に乏しい東北地方におけるこの期の造像として注目されています。見学は事前に連絡が必要です。
釜石大観音,〒026-0002,岩手県釜石市大平町3-9-1,no,no,釜石市,高さ48.5mの鉄筋コンクリート造りの観音像で、その腕に魚を抱いている,高さ48.5mの鉄筋コンクリート造りの観音像で、その腕に魚を抱いている。内部は13階に分かれ、本尊の魚籃観音や三十三観音、七福神胎内めぐりなどがあり、12階は展望台になっている。
南昌荘,〒020-0875,岩手県盛岡市清水町13-46,39.695573,141.1486984,盛岡市,盛岡出身の実業家瀬川安五郎が明治18年に邸宅として建て、築庭も数年かけ完成した盛岡市指定の保護庭園である,盛岡出身の実業家瀬川安五郎が明治18年に邸宅として建て、築庭も数年かけ完成した盛岡市指定の保護庭園である。明治・大正・昭和・平成と、ほぼ118年の間に所有者が次々変わる中で、ときどきの社会変化を反映し今日の姿に継承されている。
北上川,〒021-0001,岩手県一関市,38.9346819,141.1268004,一関市,岩手県のシンボルともいえる詩情豊かな東北第一の河川,岩手県のシンボルともいえる詩情豊かな東北第一の河川。御堂観音の境内に源を発し，啄木等を育んだ。
御所湖広域公園,〒020-0572,岩手県岩手郡雫石町・盛岡市,39.6962875,140.9757756,盛岡市,乗り物広場・ファミリーランドなど家族やグループで思いっきり楽しめる充実した遊び場,乗り物広場・ファミリーランドなど家族やグループで思いっきり楽しめる充実した遊び場。
材木町よ市,〒020-0063,岩手県盛岡市材木町,39.7069019,141.1376018,盛岡市,材木町で開かれる「よ市」は、毎週土曜日の夕方から始まり、 全長４３０メートルの通りが歩行者天国になります,材木町で開かれる「よ市」は、毎週土曜日の夕方から始まり、 全長４３０メートルの通りが歩行者天国になります。４０年前から続いている市で、 いーはとーぶアベニューは一層にぎやかさを増します。 野菜や果物、生花に山菜など旬のものがずらりと並び、出会いとふれあいを発見できます。
黒崎仙峡温泉,〒029-2208,岩手県陸前高田市広田町字黒崎9-41,38.95219470000001,141.7232492,陸前高田市,目の前に太平洋の雄大な景色を望む温泉,目の前に太平洋の雄大な景色を望む温泉。浴室から展望するリアス式海岸の壮大な眺めが最高。
九戸城跡,〒028-6101,岩手県二戸市福岡字城の内,40.2695718,141.3026141,二戸市,奥州藤原氏時代には城が置かれたというが不詳,奥州藤原氏時代には城が置かれたというが不詳。三戸城（青森県三戸郡三戸町）を本拠とする南部氏の一族に九戸氏があり、永禄１２年（１５６９）政実のとき、鹿角地方奪還の戦功によって二戸郡を領し、九戸村伊保内から移って入城したとされる。天正１９年（１５９１）政実は南部氏に背いて挙兵、豊臣秀吉の発した大軍に攻められて滅びる。九戸城はその後，南部信直が福岡城と改称して三戸城から移る。信直没後、嫡男利直が入城するが，盛岡城が完成して利直が移ったため，廃城となった。現在は三方を深い谷に面した地形に面影をとどめているのみである。◎九戸政実（１５３６-１５９１）南部氏の一族。戦国末期，宗家の信直と争い，豊臣秀吉の兵五万に居城九戸城を攻められ降伏、斬首された。
愛宕神社,〒023-1762,岩手県奥州市江刺区藤里,39.1789505,141.2686143,奥州市,愛宕山自然公園の絶壁の頂上にある,愛宕山自然公園の絶壁の頂上にある。
宮古市北上山地民俗資料館,〒028-2302,岩手県宮古市川井2-187-1,39.6001799,141.6801913,宮古市,"国指定重要有形民俗文化財山村生産用具コレクション1,"国指定重要有形民俗文化財山村生産用具コレクション1
夫婦石,〒029-0803,岩手県一関市千厩町千厩字石堂地内,no,no,一関市,東洋一の奇岩,東洋一の奇岩。天王山公園入口にある周囲１０ｍ，高さ５ｍ余りの天然御影石の巨岩。隣接する岩と合わせて夫婦和合の神とされる。
成島三熊野神社,〒028-0116,岩手県花巻市東和町北成島5-1,39.3635051,141.2014001,花巻市,奥の風土記に延暦中坂上田村麻呂が安置奉ると伝える,奥の風土記に延暦中坂上田村麻呂が安置奉ると伝える。9月19日例祭には、珍しい泣き相撲が行われる。敷地内に毘沙門堂、兜跋毘沙門天立像がある。
石川啄木記念館,〒028-4132,岩手県盛岡市玉山区渋民字渋民9,39.8460511,141.1711752,盛岡市,石川啄木資料展示,石川啄木資料展示。啄木の理想の家をイメージしたという建物は彼の生誕１００年を記念して建てられたものです。全国の啄木ファンと研究家から寄贈された作品や遺品約300点を展示しており、記念館横には代用教員時代の小学校校舎とそのとき住んだ斉藤家が復元されています。
宝徳寺,〒028-4132,岩手県盛岡市玉山区渋民字渋民2-1,39.8453206,141.1720807,盛岡市,明治２０年春、啄木誕生の１年後、父石川一禎は、日戸村の常光寺から渋民村の宝徳寺へ栄進しました,明治２０年春、啄木誕生の１年後、父石川一禎は、日戸村の常光寺から渋民村の宝徳寺へ栄進しました。その時、石川家の子供は、姉のサダ、トラ、妹のミツの３人姉妹と一人息子の一（はじめ：啄木）の４人でした。明治３８年１月、父一禎は住職を罷免され、一家は渋民村を去りました。万年山宝徳寺は、万治元年１６５８年に開基され、村内一の檀家を擁しています。啄木は、この寺に幼少時代を送りました。寺はその後改築されました。かつて啄木が愛した部屋は、当時のまま保存しています。裏庭には白蘋の池がありますが、中学時代に用いた号白蘋はこれに由来しています。境内には、父一禎の墓や歌碑などがあります。
渋民公園,〒028-4132,岩手県盛岡市玉山区渋民字鶴塚5-5,39.8486535,141.1692559,盛岡市,石川啄木の全国第1号歌碑が北上川畔に立つ,石川啄木の全国第1号歌碑が北上川畔に立つ。“やはらかに柳あをめる北上の岸邊目に見ゆ泣けとごとくに”と刻まれ，高さ3mぐらいの大きな石碑で1922年（大正11）年4月に建てられたもの。吊り橋の鶴飼橋がかかる北上川を見下ろし，背後には女性的な山容の姫神山を，相対して岩手山を望む。公園内の啄木の駅では，地元主婦による手作りケーキや啄木グッズ，産直野菜も販売している。
産直チャグチャグ,〒020-0173,岩手県滝沢市滝沢字牧野林1000-1,39.7479253,141.1049493,滝沢市,定番の野菜から西洋野菜まで,定番の野菜から西洋野菜まで。スイカ、リンゴ、穀類、きのこ、苗、お花など。
相の沢キャンプ場,〒020-0172,岩手県滝沢市鵜飼,39.7417243,141.0837205,滝沢市,岩手山のふもと、鞍掛山の真下に広がる、駐車場水道施設の整った快適なキャンプ場,岩手山のふもと、鞍掛山の真下に広がる、駐車場水道施設の整った快適なキャンプ場。
橋野高炉跡,〒026-0411,岩手県釜石市橋野町,39.3590836,141.7691022,釜石市,安政５年から翌６年にかけ大島高任の指導によって建設された、現存する日本最古の洋式高炉跡で，国の文化財に指定されている,安政５年から翌６年にかけ大島高任の指導によって建設された、現存する日本最古の洋式高炉跡で，国の文化財に指定されている。昭和５９年４月３日に、アメリカ金属協会から歴史的遺産と認められ、「ヒストリカル・ランドマーク賞」を受賞した。現在、世界遺産登録にむけ取組が進められている。
気仙大工左官伝承館,〒029-2206,岩手県陸前高田市小友町茗荷1-237,39.0108147,141.6921225,陸前高田市,全国にその名を馳せた「気仙大工」の伝統技術の技と心を結集した明治初期の民家を再現,全国にその名を馳せた「気仙大工」の伝統技術の技と心を結集した明治初期の民家を再現。母屋の囲炉裏の炎がやさしく出迎えてくれる。母屋，展示館，資料庫。神戸から分灯された、東日本大震災のモニュメント「希望の灯り」が灯り続けている。
箱根山展望台,〒029-2207,岩手県陸前高田市小友町,38.98791660000001,141.6768998,陸前高田市,三陸海岸「広田半島」から太平洋を一望できる、かくれた観光スポット,三陸海岸「広田半島」から太平洋を一望できる、かくれた観光スポット。だれもが感動し、もう一度来たくなるおすすめのスポット!!
気仙川,〒029-2204,岩手県陸前高田市横田町・竹駒町・気仙町,39.0761175,141.58218,陸前高田市,7/1のアユの解禁日には県内外から大勢の大公望がみられます,7/1のアユの解禁日には県内外から大勢の大公望がみられます。
遠野市立博物館,〒028-0515,岩手県遠野市東舘町3-9,39.3276793,141.5288785,遠野市,遠野市物語の世界、遠野の自然とくらし、遠野の民俗等,遠野市物語の世界、遠野の自然とくらし、遠野の民俗等。シアターでは民話やマンガ家水木しげるが描く河童などのアニメが人気。
鍋倉城址,〒028-0524,岩手県遠野市新町,39.329579,141.5258981,遠野市,平泉の藤原泰衡討伐に功をたてた阿曾沼広綱は、源頼朝より和賀郡遠野十三郷を与えられて関東から下向し、横田城（遠野市松崎町）を築いたといい、以後、４００年にわたり阿曾沼氏が治め、広郷が鍋倉山に居城を移した,平泉の藤原泰衡討伐に功をたてた阿曾沼広綱は、源頼朝より和賀郡遠野十三郷を与えられて関東から下向し、横田城（遠野市松崎町）を築いたといい、以後、４００年にわたり阿曾沼氏が治め、広郷が鍋倉山に居城を移した。次いで鍋倉城は遠野南部氏の居所となり、明治に至る。
南部神社,〒028-0515,岩手県遠野市東舘町3-6,39.3273432,141.5277203,遠野市,遠野南部氏４代から８代までの勤王５世を祀る,遠野南部氏４代から８代までの勤王５世を祀る。
久慈渓流,〒028-0001,岩手県久慈市大川目町〜山形町,40.1783747,141.7172512,久慈市,川に面した山腹が断崖となって落ち込み、峡谷をなし、水石群が発達した川は、動静の変化のある渓流美をなしています,川に面した山腹が断崖となって落ち込み、峡谷をなし、水石群が発達した川は、動静の変化のある渓流美をなしています。なかでも高く大きく聳え立つ鏡岩、屏風岩の壮大な美しさは、圧巻です。また、アユなどの魚が豊富で、釣り人たちの穴場となっています。
久慈琥珀博物館,〒028-0071,岩手県久慈市小久慈町19-156-133,40.1699397,141.7237786,久慈市,緑に満ちた静かな森の中にある博物館,緑に満ちた静かな森の中にある博物館。この久慈琥珀博物館では、失われた太古の世界を閉じ込めた美しい自然のタイムカプセル「琥珀」の不思議な魅力を体感することができます。久慈市は琥珀の産出量国内一ですが、博物館の敷地内では琥珀採掘体験場もあり、
岩場海水プール,〒028-7801,岩手県久慈市侍浜町,40.2690938,141.796408,久慈市,天然の岩場を利用した海水プール,天然の岩場を利用した海水プール。すぐ隣にはキャンプ場もあり、絶景の海岸美の中、夏の醍醐味を満喫することができます。また隣接する宿泊施設「侍の湯きのこ屋」では、絶景を眺めながら海の幸を楽しむこともできます。
巽山公園,〒028-0056,岩手県久慈市中町1-48,40.1897243,141.766233,久慈市,市民の憩いの場,市民の憩いの場。2011年春に複合遊具が完成し子供たちに大人気！桜の季節には夜間ライトアップされた美しい桜を楽しめます。
みちのく民俗村,〒024-0043,岩手県北上市立花14-59,39.2713779,141.1304203,北上市,北上川流域及び東北地方の古民家や歴史的建造物などを展示保存する野外博物館,北上川流域及び東北地方の古民家や歴史的建造物などを展示保存する野外博物館。旧菅野家住宅，仙台藩寺坂御番所，修験道場などのほか，南部曲り家などの民家や川舟小屋，唐臼小屋などがある。また民俗資料館や消防資料館などもある。
諏訪神社,〒028-0041,岩手県久慈市長内町35-98,40.1880804,141.7982144,久慈市,源義経ゆかりの神社,源義経ゆかりの神社。平泉の戦いから逃れた源義経一行は久慈までたどりつき、ここから北海道へ渡るためにみなとを見てまわり手だてを考えていると、そこへ追手の畠山重忠があらわれた。心の中では義経を敬っていた重忠はあたらないようにと祈りながら、義経に向かって矢を放つ。すると、その矢は松の木にあたり、義経は無事北へ落ちのびることができた。畠山重忠は矢が義経にあたらなかったことを感謝して、その矢をご神体として祠を建てた。それが諏訪神社の始まりであるとの言い伝えがある。
男山展望台,〒024-0041,岩手県北上市稲瀬町,39.2417368,141.1214665,北上市,頂上近くまで車で登れるので、手軽に北上平野の展望を楽しむことができます,頂上近くまで車で登れるので、手軽に北上平野の展望を楽しむことができます。頂上には「やすらぎの像」が立ち、奥羽山脈を背景にした北上盆地、そして眼下には北上川と和賀川が合流する大パノラマが一望できます。
胆沢城跡,〒023-0003,岩手県奥州市水沢区佐倉河字宮ノ内地内,39.1631849,141.1298108,奥州市,征夷大将軍坂上田村麻呂が延暦２１年（８０２）に築き、それまで多賀城に置かれていた鎮守府を移す,征夷大将軍坂上田村麻呂が延暦２１年（８０２）に築き、それまで多賀城に置かれていた鎮守府を移す。以来、陸奥における軍事的拠点となる。２００年後，前九年の役が起こったとき、源頼義が鎮守府将軍として入城している。◎坂上田村麻呂（７５８-８１１）平安朝初期の武将。わが国最初の征夷大将軍となり、蝦夷征討に武功を示す。
碁石海岸,〒022-0001,岩手県大船渡市末崎町,38.9999749,141.7133457,大船渡市,大船渡市末崎半島の東南端約6ｋｍの海岸線で背後のアカマツやたくさんの草花が彩りを添えるなど、変化にとんだ岸景勝地である,大船渡市末崎半島の東南端約6ｋｍの海岸線で背後のアカマツやたくさんの草花が彩りを添えるなど、変化にとんだ岸景勝地である。「国の名勝・天然記念物」に指定されているほか、「日本の渚・百選」にも選ばれている。なかでも波の浸食により3つの大きな穴が開いた穴通磯は絶景スポットである。名前の由来は、碁石のような扁平な石（黒色の泥岩による円礫）で構成されている海岸があることによる。
大船渡市立博物館,〒022-0001,岩手県大船渡市末崎町字大浜221-86,38.9889683,141.7416125,大船渡市,名勝碁石海岸の近くにある大船渡市立博物館は、三陸海岸一帯で発掘された土偶や古代の漁具などを展示しながら、大地の成り立ちや古くからの人々の暮らしの様子を伝えています,名勝碁石海岸の近くにある大船渡市立博物館は、三陸海岸一帯で発掘された土偶や古代の漁具などを展示しながら、大地の成り立ちや古くからの人々の暮らしの様子を伝えています。スケッチシートに館内の展示物などの絵を描いて提出すると、その絵は１週間館内に展示された後館長からの手紙と共にあなたのもとへ返送されますので、そのやり取りを通して帰った後も学びを深めることも出来ます。過去の津波に関する資料も展示されておりますので、震災学習の場としても活用できます。
おさかなセンター三陸,〒022-0002,岩手県大船渡市大船渡町字砂子前1-1,39.0422424,141.7221103,大船渡市,店内に入ると、壁に所狭しと掲げられた華やかな大漁旗と大船渡のお祭り囃子、気仙甚句のBGMでお出迎えしてくれるおさかなセンター,店内に入ると、壁に所狭しと掲げられた華やかな大漁旗と大船渡のお祭り囃子、気仙甚句のBGMでお出迎えしてくれるおさかなセンター。大船渡で水揚げされた活きの良い取れたての魚介類と、新鮮さをそのままギュッと詰めた加工品や珍味、そして復興グッズも販売しているお土産選びには最適な施設です。もちろんお買い上げ頂いた商品は宅配便でお届け可能です。漁師のかき小屋やお食事処まんぼう亭もあります。
フレアイランド尾崎岬,〒022-0007,岩手県大船渡市赤崎町字鳥沢188-7,39.0240477,141.7397793,大船渡市,南方には、世界三大漁場に面し、背後には豊かな緑と2500本の椿に囲まれた森林,南方には、世界三大漁場に面し、背後には豊かな緑と2500本の椿に囲まれた森林。対岸は国立公園碁石海岸の眺めが広がり、海と森が一度に満喫できるのが、ここフレアイランド尾崎岬です。簡単にバーベキューが楽しめるバーベキューハウスがあり、鍋やまな板もレンタルでき、３日前に予約すれば食材の注文も可能です。宿泊施設には木造ハンガローと和風コテージがあり、天体観測やバードウォッチングなどのアウトドアにも最適です。そして記の温かみを生かした遊具施設も充実しており、アウトドア初心者からお子様まで安心して利用できます。他にもさまざまな用途に合わせて楽しめる多目的ホール、ミーティングや研修に使えるコミュニティースペースも完備しています。
光原社,〒020-0063,岩手県盛岡市材木町2-18,39.7060715,141.1380685,盛岡市,木の香漂う明るいクラフトの店,木の香漂う明るいクラフトの店。すてきなデザインの小物類が多く，味のクラフトも人気。
永祥院,〒020-0063,岩手県盛岡市材木町4-10,39.7068436,141.1387073,盛岡市,境内に、清水観世音をまつる観音堂や、酒買地蔵の伝説などで有名な酒買地蔵堂がある,境内に、清水観世音をまつる観音堂や、酒買地蔵の伝説などで有名な酒買地蔵堂がある。※酒買地蔵伝説※昔、材木町のある酒屋に毎晩酒を買いにくる物言わぬ小僧がおりました。ある晩のこと、 貸した小樽を返さぬことに腹を立てた番頭は、小僧の頭を木槌でなぐってしまいました。 けれども、帰って行く小僧の身を案じた酒屋の主人は、そっとあとをつけました。ところが永祥院（えいしょういん）のお堂の前まで来ると、小僧の姿が見あたりません。 不思議に思ってお堂の中をのぞいてみると、何と貸した小樽が山のようになっています。 ふとお地蔵さんを見上げると、その眉間に傷がついているではありませんか。 そのとき、酒屋の耳に「お客様には親切にしておあげなさい」と鈴のような声がきこえました。 「もったいないことをした、毎晩このお地蔵様が化身されてお酒を買いに来られたのだ」 と酒屋は心から悔やみました。その後、酒屋は親切第一に商売に励み、 縁日にはお地蔵様にお酒を供えて商売繁盛の守り本尊としておまつりをしました。 するとお店は大繁盛、健康と賢い子宝にも恵まれました。
岩手県営スケート場,〒020-0122,岩手県盛岡市みたけ5-9-1,39.7406675,141.1122642,盛岡市,すべての基本情報を見る
,すべての基本情報を見る
盛岡ハイランドカントリークラブ,〒020-0054,岩手県盛岡市猪去釈迦堂44-3,39.6748538,141.0750556,盛岡市,すべての基本情報を見る
,すべての基本情報を見る
啄木新婚の家,〒020-0021,岩手県盛岡市中央通三丁目17-18,39.7062965,141.1414821,盛岡市,明治38年5月、処女詩集「あこがれ」を出版した石川啄木は、 東京で新婚生活をもつという生活設計を変更して、市内の新山小路（現在の中央通3丁目）に帰り、 年来の恋人堀合節子と結婚式を挙げました,明治38年5月、処女詩集「あこがれ」を出版した石川啄木は、 東京で新婚生活をもつという生活設計を変更して、市内の新山小路（現在の中央通3丁目）に帰り、 年来の恋人堀合節子と結婚式を挙げました。しかし、父母と妹が同居する新婚生活は窮迫し、そこでの生活はわずか3週間。 同7月に市内の加賀野磧町（現在の加賀野１丁目）に移り住みます。その時の様子は随筆「我が四畳半」に描かれています。 かやぶきの屋根など当時と変わったところもありますが、ほぼ当時のまま現存しています。 啄木の書や写真なども展示されています。
円光寺,〒020-0874,岩手県盛岡市南大通3-11-49,39.6925041,141.1545591,盛岡市,盛岡に生まれ、内閣総理大臣、海軍大臣をつとめた米内光政が眠っている,盛岡に生まれ、内閣総理大臣、海軍大臣をつとめた米内光政が眠っている。本堂は市指定保存建築物に指定されている。また、元禄５年（１６９２年）に植栽された、盛岡市指定天然記念樹の夫婦(めおと)桂樹がある。
志波城古代公園,〒020-0855,岩手県盛岡市上鹿妻五兵衛新田48-1,39.6808152,141.1083553,盛岡市,平安時代初め（803年）に築城された志波城跡の外郭南門や築地塀を復元して公開しています,平安時代初め（803年）に築城された志波城跡の外郭南門や築地塀を復元して公開しています。歴史上中央政府が築いた日本最北の城は古代の志波城といわれています。盛岡が日本北限の築城の地に選ばれたのは、当時米作の北限が盛岡だと考えられていたからだと思われます。志波城跡の南辺に約1200年前に築城されたときの姿が復元され、中央に配した南門は間口15メートル、奥行き6メートル、高さ11.1メートルあり、平城宮跡朱雀門（奈良市）に次ぐ大規模な門です。その両側それぞれ126 メートルに土を層状に固めた築地塀をめぐらしており、塀の上には櫓（やぐら）を組んでいます。
志波城跡,〒020-0855,岩手県盛岡市上鹿妻五兵衛新田48-1,39.6808152,141.1083553,盛岡市,陸奥国最北端の古代城柵,陸奥国最北端の古代城柵。志波城跡の南辺に約1200年前に築城された時の姿が復元され、中央に配した南門は門口15m、奥行6m、高さ11.1mあり、平城宮跡朱雀門に次ぐ大規模な門。その両側それぞれ126mに土を層状に固めた築地堀をめぐらしており、堀の上にはやぐらを組んでいる。
愛宕山記念公園,〒020-0013,岩手県盛岡市愛宕山1-1,39.7132206,141.1605503,盛岡市,市街地に隣接する愛宕山に、平成５年皇太子殿下の御成婚記念として整備,市街地に隣接する愛宕山に、平成５年皇太子殿下の御成婚記念として整備。市内を見渡す展望台は夜景スポットとしても有名で、そこを中心としたメイン広場には妃殿下雅子様ゆかりの「ハマナス」三輪が描かれている。また公園内の自然散策路沿いには、盛岡ゆかりの歌人、立原道造、武島繁太郎の歌碑が並ぶ。
大慈寺,〒020-0828,岩手県盛岡市大慈寺町5-6,39.6937485,141.1577004,盛岡市,"寛文１３年（１６７３）の創建,"寛文１３年（１６７３）の創建。明治１７年の大火で焼失したが、平民宰相・原敬の寄進建立で現在に至る。 大慈寺の境内には、大正１１年東京駅で一青年の凶刃に倒れた原敬が、その遺言により眠っている。　また、盛岡ならではの送り盆行事「舟っこ流し」発祥の寺院。　大慈寺では「普茶料理」と呼ばれる山草野菜を材料とした素朴な精進料理（中国風の素朴な味は見た目にたいへん美しく、先人から授かった医食同源の知恵を継承）を食することも可能だが、 その場合は事前予約（12名以上70名位まで、1人7
永泉寺,〒020-0828,岩手県盛岡市大慈寺町8-22,39.693293,141.1593059,盛岡市,左甚五郎の作と伝えられている木像七福神はじめ多くの文化財を有する,左甚五郎の作と伝えられている木像七福神はじめ多くの文化財を有する。※滝ノ上観音縁起：旧中野村に白滝という場所があり、最近まで幅2メートル、高さ数メートルの滝があった。昔ここに観音様が祀られていた。あるとき、付近に山火事が発生し危うく類焼しそうになった。観音様は自ら難を逃れて永泉寺に飛んでこられたと伝えられる。それ以来、当寺に祀られ、滝ノ上観音と崇められ盛岡三十三番札所の七番として信仰を集めている。
久昌寺,〒020-0828,岩手県盛岡市大慈寺町1-5,39.695676,141.1572949,盛岡市,寺のシンボルである山門は、総ケヤキ造り,寺のシンボルである山門は、総ケヤキ造り。昭和８年の落成で屋根を支える垂木が放射状に伸び見事な反りを描く「扇垂木造り」が特色。山門の周囲には獅子頭、昇り竜など数々の彫刻がはめ込まれ、１つひとつにいわれがあるという。なお、本堂前にあるシダレカツラは、盛岡市大ヶ生の瀧源寺にある天然記念物シダレカツラより分かれたものといわれている。
岩手大学ミュージアム,〒020-0066,岩手県盛岡市上田三丁目18-8,39.714304,141.1391987,盛岡市,ミュージアム本館、農業教育資料館、獣医学科標本室、植物園、自然観察園があり、これまでの研究業績等をはじめ、宮沢賢治ゆかりの資料の見学もできる,ミュージアム本館、農業教育資料館、獣医学科標本室、植物園、自然観察園があり、これまでの研究業績等をはじめ、宮沢賢治ゆかりの資料の見学もできる。解説ボランティアの説明をうけながらの見学も可能。農業教育資料館は国の重要文化財の指定を受けている。※獣医学科標本室の開設ボランティアによる説明は要予約。
榊山稲荷神社,〒020-0061,岩手県盛岡市北山2-12-12,39.7188315,141.1520835,盛岡市,盛岡の街づくりが始まった慶長２年に、榊山稲荷大明神を盛岡の守護神として城内に祀ったことから始まります,盛岡の街づくりが始まった慶長２年に、榊山稲荷大明神を盛岡の守護神として城内に祀ったことから始まります。藩政時代は、藩主から一般庶民にいたるまで篤く信仰され、「もりおか開運神社」と称され崇められました。その後、明治維新の改革により廃社となったものを、昭和の初めに再興され今では社殿・社務所・参集殿はもとより、盛岡藩時代から由縁のある名勝庭園「緑風苑」を有し、境内は壮厳あふれる神域を醸し出しています。
日高神社,〒023-0808,岩手県奥州市水沢区日高小路13,39.1430231,141.1327389,奥州市,弘仁元年の創建と伝えられる古社,弘仁元年の創建と伝えられる古社。日高火防祭にまつわる神社として有名。予約不要。
釜淵の滝,〒025-0304,岩手県花巻市湯本,39.4505334,141.0712647,花巻市,花巻温泉の近く,花巻温泉の近く。台川の大岩盤を滑る滝。平成17年3月2日付で、国指定名勝「イーハトーブ風景地」の一つに指定された。
滴生舎,〒028-6941,岩手県二戸市浄法寺町御山字中前田23-6,40.1973233,141.1794677,二戸市,国産漆の約80％を生産する二戸市浄法寺町,国産漆の約80％を生産する二戸市浄法寺町。「浄法寺漆」は中尊寺金色堂、日光東照宮や金閣寺など国宝や重要文化財の修復に利用されています。　　その良質な「浄法寺漆」を使った漆器や漆工芸品の展示や漆器の修理を行っております。　　展示販売している隣には、工房があり作業を見学できるほか、漆絵付け体験教室も行っています。
越喜来浪板海水浴場,〒022-0101,岩手県大船渡市三陸町越喜来字浪板,39.1153977,141.8204294,大船渡市,波が穏やかで、小さなお子さんも安心の越喜来浪板（おきらいなみいた）海水浴場,波が穏やかで、小さなお子さんも安心の越喜来浪板（おきらいなみいた）海水浴場。海水の透明度もピカイチで、潜ったり泳いだりいっぱいはしゃいじゃってもOK!
望洋平キャンプ場,〒029-1201,岩手県一関市室根町折壁字室根山,38.9718982,141.4480722,一関市,室根山の8合目にあり、テントサイトから太平洋気仙沼湾が一望できる,室根山の8合目にあり、テントサイトから太平洋気仙沼湾が一望できる。夜は海上に漁火を見ることもできる。室根山頂までは歩いて15分の距離にあり、山頂からの眺望は360度の大パノラマが楽しめる。フリーサイト、オートテントサイトのほかバンガローもある。
室根神社,〒029-1201,岩手県一関市室根町折壁字室根山,38.9718982,141.4480722,一関市,本宮と新宮の２社がある,本宮と新宮の２社がある。本宮は１２９５余年前の養老２年に元正天王の勅令を奉じ鎮守府将軍大野東人が、蝦夷降伏の祈願所として紀州本宮村の熊野権現を勧請したものである。一方、新宮は約６８０余年前の正和２年に陸奥の守護職葛西清信が奥７郡いわゆる磐井・江刺・胆沢・気仙・本吉・登米・牡鹿の鎮守として、紀州新宮村から熊野神宮の神霊を勧請したものだ。東北三大荒祭の一つといわれる室根神社特別大祭が旧暦閏年の翌年に開催される。
産直山ちゃん,〒029-0711,岩手県一関市大東町大原字金山沢22-1,39.015423,141.4197869,一関市,一関市と陸前高田市を結ぶ国道343号線沿いにある、産直施設です,一関市と陸前高田市を結ぶ国道343号線沿いにある、産直施設です。地元産の野菜や果物の他、工芸品などを販売しています。また、季節ごとに収穫祭なとさまざまなイベントを開催しています。
きらら室根山天文台,〒029-1201,岩手県一関市室根町折壁字室根山,38.9718982,141.4480722,一関市,室根山展望休憩所の屋上に設置された天体ドーム,室根山展望休憩所の屋上に設置された天体ドーム。口径50cmの反射式望遠鏡と15cmの屈折式サブ望遠鏡により壮大な天体の世界が楽しめる。また、ミニプラネタリウムや９大惑星模型、天体パネル展示などもある。
千厩アイスアリーナ,〒029-0803,岩手県一関市千厩町千厩字上駒場360番地14 千厩アイスアリーナ,38.9246984,141.3604649,一関市,すべての基本情報を見る
,すべての基本情報を見る
ニコニコパーク,〒029-3404,岩手県一関市藤沢町徳田字大望沢,38.8575265,141.3604411,一関市,健康スポーツ公園
,健康スポーツ公園
産直来夢くん,〒023-0841,岩手県奥州市水沢区真城字杉の下５１,39.1144769,141.1511353,奥州市,東北最大級の産直施設、地元の新鮮野菜、生鮮食品、精肉、工芸品などの販売,東北最大級の産直施設、地元の新鮮野菜、生鮮食品、精肉、工芸品などの販売。広い敷地には新鮮な農産物や魚介類などが販売される直売所と地元食材を使ったメニューが楽しめるレストラン棟があります。
お物見公園,〒029-4206,岩手県奥州市前沢区陣場,39.050952,141.1183241,奥州市,前沢城主の城跡、桜の名所
,前沢城主の城跡、桜の名所
萬鉄五郎記念美術館,〒028-0114,岩手県花巻市東和町土沢5-135,39.3872087,141.2315661,花巻市,日本洋画壇の先駆者萬鉄五郎の絵画・遺品等の展示,日本洋画壇の先駆者萬鉄五郎の絵画・遺品等の展示。土沢城跡に建つ。
旧小原家住宅,〒028-0122,岩手県花巻市東和町谷内6-37,39.3493195,141.2723866,花巻市,建物は寄棟造,建物は寄棟造。茅葺の曲がり家で，曲がり家が発生したと思われる時期に建てられた住宅として貴重なもの。
盛岡南ゴルフ倶楽部,〒028-3121,岩手県花巻市石鳥谷町戸塚2-13-1,39.4746471,141.1897135,花巻市,すべての基本情報を見る
,すべての基本情報を見る
早池峰神社,〒028-3201,岩手県花巻市大迫町内川目1-1,39.5322052,141.4167034,花巻市,盛岡藩の東の鎮山とされた早池峰山の祈願所として、岳妙泉寺が整備されました,盛岡藩の東の鎮山とされた早池峰山の祈願所として、岳妙泉寺が整備されました。慶長15年（1610）から３年をかけて、岳妙泉寺の奥宮として造営されたのが新山堂（現・早池峰神社）です。慶長以後２度ほど修復されましたが、内陣柱を中心とした軸組や、軒回りの彫刻・装飾などにも慶長期の堅実な手法が残されています。
薬師岳,〒028-0501,岩手県遠野市,39.3278378,141.5333031,遠野市,早池峰山南方にそびえ山頂はハイマツとシャクナゲが群生する,早池峰山南方にそびえ山頂はハイマツとシャクナゲが群生する。
早池峰山,〒028-3201,岩手県花巻市大迫町内川目,39.4994461,141.3238952,花巻市,"標高1,"標高1
国立岩手山青少年交流の家,〒020-0601,岩手県滝沢市後２９２,39.8260985,141.088059,滝沢市,"〈山・雪・みちのく　岩手山〉秀峰岩手山の自然豊かな山裾に位置する国立岩手山青少年交流の家(愛称：テンパーク)は,"〈山・雪・みちのく　岩手山〉秀峰岩手山の自然豊かな山裾に位置する国立岩手山青少年交流の家(愛称：テンパーク)は
メイプルカントリークラブ,〒020-0171,岩手県滝沢市大沢1-1,39.7529916,141.0444526,滝沢市,すべての基本情報を見る
,すべての基本情報を見る
南部富士カントリークラブ,〒028-7111,岩手県八幡平市大更47-34-2,39.9123318,141.1630406,八幡平市,すべての基本情報を見る
,すべての基本情報を見る
二戸市シビックセンター,〒028-6103,岩手県二戸市石切所字荷渡6-2,40.2659553,141.2918405,二戸市,市の情報発信基地となる地域情報センター,市の情報発信基地となる地域情報センター。　「福田繁雄デザイン館」はグラフィックデザイナーであった福田氏のグラフィックアート、立体オブジェ、ポスターなどが展示される日本で唯一の常設展示場です。　「田中舘愛橘記念科学館」は、田中舘博士が携わった実験装置や科学的に工作する体験工房のほか、遺品やローマ字の遺墨を展示、博士の生涯や業績を映像で紹介してくれます。
奥州市伝統産業会館,〒023-0104,岩手県奥州市水沢区羽田町駅前1丁目109,39.14443139999999,141.1878284,奥州市,鋳物製品の製造工程を再現展示、鋳物工芸家の秀作等を展示
,鋳物製品の製造工程を再現展示、鋳物工芸家の秀作等を展示
石応禅寺,〒026-0022,岩手県釜石市大只越町1-1-1,39.2765905,141.8802055,釜石市,曹洞宗の名刹,曹洞宗の名刹。「徳治の古碑」や供養石で知られる。
薬師公園,〒026-0024,岩手県釜石市大町,39.2740241,141.8810333,釜石市,平和女神像，市街と海が一望,平和女神像，市街と海が一望。桜の名所としても知られ、例年4月には薬師公園桜まつりが開催される。
川の駅よこた,〒029-2202,岩手県陸前高田市横田町字砂子田169,39.0759591,141.5795636,陸前高田市,都市と農村との交流を目的とした施設で、交流室や地場産品直売所、食堂が設置されている,都市と農村との交流を目的とした施設で、交流室や地場産品直売所、食堂が設置されている。
普門寺,〒029-2206,岩手県陸前高田市米崎町字地竹沢181,39.0262646,141.6569028,陸前高田市,曹洞宗の古刹,曹洞宗の古刹。ツツジの咲く頃は見事。三重塔、大仏像あり。奥州33観音29番札所。被災松を使用した親子地蔵を安置。
新鮮館おおまち,〒021-0881,岩手県一関市大町4-29,38.9290607,141.1371386,一関市,産直施設,産直施設。地元一関や両磐、宮城県北で生産された野菜や果物、それに友好都市である気仙沼市の海産物などがズラリと並ぶ。
産直ふるさと大東,〒029-0521,岩手県一関市大東町渋民字関ノ上114-4,39.0225704,141.3275281,一関市,地元で収穫した新鮮な野菜や果物、特産品の販売を行っています,地元で収穫した新鮮な野菜や果物、特産品の販売を行っています。また、敷地内では餅や味噌の加工も行われており、できたてほやほやの商品も並びます。
旧沼田家武家住宅,〒021-0885,岩手県一関市田村町2-18,38.9290883,141.1320724,一関市,江戸時代後期に一関藩家老職を勤めた沼田家の住宅,江戸時代後期に一関藩家老職を勤めた沼田家の住宅。創建は18世紀の初頭から中頃と推定され、約300年の歴史を有していて、付近を流れる磐井川のたび重なる水害にも倒壊することなく今日に至っています。
釣山公園,〒021-0874,岩手県一関市釣山,38.9221084,141.1277507,一関市,日本庭園・野草園・展望台などがあり，市民の憩いの場となっている,日本庭園・野草園・展望台などがあり，市民の憩いの場となっている。春には桜、秋には紅葉が楽しめる。
一関遊水地記念緑地公園,〒029-0131,岩手県一関市狐禅寺,38.9434469,141.1753847,一関市,１００種１，０００本の桜が咲き乱れる公園,１００種１，０００本の桜が咲き乱れる公園。
磐井川,〒021-0001,岩手県一関市,38.9346819,141.1268004,一関市,栗駒山に源を発し，一関市周辺にて北上川に合流,栗駒山に源を発し，一関市周辺にて北上川に合流。
市民の森,〒029-2207,岩手県陸前高田市小友町字茗荷1-1,39.0124394,141.6896477,陸前高田市,展望施設・アスレチック施設・バーベキュー・遊歩道・自然道の散策などの森林レクリエーションを思う存分楽しめる,展望施設・アスレチック施設・バーベキュー・遊歩道・自然道の散策などの森林レクリエーションを思う存分楽しめる。杉の家はこねでブックエンドなどの木工作体験ができる（有料）。
日本現代詩歌文学館,〒024-8503,岩手県北上市本石町2-5-60,39.2929194,141.1144878,北上市,日本現代詩歌文学館は、詩、短歌、俳句、川柳など、明治以降の日本の詩歌資料を全国規模で総合的に収集保存、展示を行い、詩歌文学の振興を図ることを目的とした全国唯一の詩歌専門の総合文学館です,日本現代詩歌文学館は、詩、短歌、俳句、川柳など、明治以降の日本の詩歌資料を全国規模で総合的に収集保存、展示を行い、詩歌文学の振興を図ることを目的とした全国唯一の詩歌専門の総合文学館です。全国から訪れる来館者も多く、「言霊の館」として広く親しまれています。
詩歌の森公園,〒024-0093,岩手県北上市本石町,39.2894726,141.1153239,北上市,昭和54年の黒沢尻工業高校移転に伴い、跡地に整備され、日本現代詩歌文学館を擁する公園,昭和54年の黒沢尻工業高校移転に伴い、跡地に整備され、日本現代詩歌文学館を擁する公園。　広さ４haの広大な敷地は春夏秋冬４つのゾーンで構成され、四季それぞれの趣をたたえています。
大堤公園,〒024-0051,岩手県北上市相去町,39.26185359999999,141.114661,北上市,北上総合運動公園に隣接し、松林に囲まれ７ｈａの沼があり、キャンプ場も併設している,北上総合運動公園に隣接し、松林に囲まれ７ｈａの沼があり、キャンプ場も併設している。冬は約１，０００羽の白鳥が飛来する。
北上総合運動公園,〒024-0051,岩手県北上市相去町高前檀27-36,39.2588339,141.092891,北上市,北上市の南部に位置し、平成11年の全国高等学校体育大会（インターハイ）の主会場になった市民スポーツ施設の拠点で、第１種陸上競技場、総合体育館、多目的運動場、キャンプ場等の各種施設があります,北上市の南部に位置し、平成11年の全国高等学校体育大会（インターハイ）の主会場になった市民スポーツ施設の拠点で、第１種陸上競技場、総合体育館、多目的運動場、キャンプ場等の各種施設があります。また公園の中央には大きな堤があり、冬季には白鳥飛来地としても市民の憩いの場として親しまれています。
雄山寺,"",岩手県花巻市愛宕町1-25,39.394547,141.1118928,花巻市,永禄元年（1558）開基,永禄元年（1558）開基。花巻開町の祖　北信愛（松斎）公の寺。なお、この寺には北松斎自筆写本及び古文書などの遺品を所有している。
花巻文化村,〒025-0004,岩手県花巻市葛 8-283-1,39.4302713,141.1411692,花巻市,花巻空港北側に位置し、芸術家の創作活動を支援し、交流を通して地域の人々の文化意識を高めることを目的とした「青雲塾」をはじめ、子供たちの自由な発想と創造力を高める「次世代セミナー（自由教室）」を開催しています,花巻空港北側に位置し、芸術家の創作活動を支援し、交流を通して地域の人々の文化意識を高めることを目的とした「青雲塾」をはじめ、子供たちの自由な発想と創造力を高める「次世代セミナー（自由教室）」を開催しています。詳細については要問合せ。また、運営しているのは花巻文化村協議会で平成１１年に岩手県で第１号となるＮＰＯ法人に認証されています。
斎藤實記念館,〒023-0054,岩手県奥州市水沢区吉小路24,39.144473,141.1345109,奥州市,實の愛用品をはじめ、2・26事件で凶弾を受けた鏡などが展示されている,實の愛用品をはじめ、2・26事件で凶弾を受けた鏡などが展示されている。記念館は生家に隣接しており、生家も見学することができる。
長安寺,〒022-0005,岩手県大船渡市日頃市町字長安寺57,39.1084835,141.6861782,大船渡市,約900年前に創建された東北屈指の名刹,約900年前に創建された東北屈指の名刹。高さ20ｍにも及ぶ総ケヤキ造りの山門が堂々と構えています。長安寺のシンボルともいえる山門は、1796年に着工されましたが、禁制のケヤキを使用した上17.5ｍの高楼であるという二つの理由で、伊達藩より取り壊しを命じられました。しかし1807年、「廓念坊秀諦」が弁明に努め、工事続行不可を条件に黙認されました。そのため、扉なし、袖なし、開きなしの門となっています。現在の本堂は明治16年（1833年）の創建です。境内には、市の天然記念物に指定されている、「奥州しだれ桜」「長安寺大イチョウ」も見ることができます。
岩山公園,〒020-0803,岩手県盛岡市新庄字岩山50-6,39.7022764,141.1922721,盛岡市,石川啄木の銅像と歌碑10点，遊園地，スキー場がある,石川啄木の銅像と歌碑10点，遊園地，スキー場がある。近くの岩山展望は，標高３４１ｍの頂上に立っており，盛岡市を一望し，背後には岩手山が見える。姫神山・早池峰山などの峰を連ねる北上山地や，駒が岳などの奥羽山地もよく望まれている。夜景は、日本夜景遺産に選定。
岩山パークランド,〒020-0803,岩手県盛岡市新庄岩山50,39.7022764,141.1922721,盛岡市,岩山公園内にあるファミリー向けの遊園地で，観覧車からは雄大なパノラマが楽しめるスピンコースターやアポロなどの絶叫マシーンや、サイクルモノレール・ゴーカートなど多くの遊戯施設を備えている,岩山公園内にあるファミリー向けの遊園地で，観覧車からは雄大なパノラマが楽しめるスピンコースターやアポロなどの絶叫マシーンや、サイクルモノレール・ゴーカートなど多くの遊戯施設を備えている。夏季はナイター営業も。
聖寿禅寺,〒020-0061,岩手県盛岡市北山2-12-15,39.7183815,141.1510975,盛岡市,南部家菩提寺であり、お亀地蔵、横川省三の墓があります,南部家菩提寺であり、お亀地蔵、横川省三の墓があります。また盛岡市指定の重要文化財に指定されているマリア観音が所蔵されています。五重塔は1805年に南部藩主により当時5千両の大金で建立されたもので、江戸の谷中の五重塔を真似て作られたものであり古い盛岡城下図面にも描かれています。その五重塔の中にあるお亀地蔵は南部の殿様の側室であった亀姫の身代わり地蔵と伝えられていて子安地蔵尊・安産の地蔵として知られるようになりました。
