小岩井農場まきば園,819004,39.751221522,141.017582983,日本, 〒020-0507 岩手県岩手郡雫石町丸谷地６８−８７,小岩井農場の一部は観光用に公開され，まきば園は目前に岩手山を仰ぎ見る，農場のほぼ中央にある広場,小岩井農場の一部は観光用に公開され，まきば園は目前に岩手山を仰ぎ見る，農場のほぼ中央にある広場。牧羊犬や羊たちによるひつじショーや乗馬・アーチェリー・トロ馬車などが楽しめ，さらに牛舎や乳業工場も見学できる。このほかサイロの形をした展望塔のある牧場館にレストラン施設や売店があり，名物ジンギスカンや新鮮な牛乳などが味わえる。
盛岡手づくり村,926651,39.692994788,141.024364868,日本, 〒020-0055 岩手県盛岡市繋尾入野６４−１０２,盛岡の観光や地場産業を学べる「展示資料室（１００円）」が見所,盛岡の観光や地場産業を学べる「展示資料室（１００円）」が見所。手づくり工房は１１業種１５工房で構成され、南部煎餅・竹細工・わら細工・陶器・家具・木工玩具・染物・お菓子・盛岡冷麺など職人が伝統的な手法で実際につくる「芸と技」を間近で見ることができます。また、個人や団体で手づくりを楽しまれたい方には「手づくり教室」が開催されており職人が直接指導にあたります。それぞれ作るものにより６０〜９０分かかる。また南部鉄器、織・染物、食品、菓子など３５００種類をこえる盛岡土産を展示、販売しています。
小岩井農場,341095547,39.733192494,141.013003853,日本, 〒020-0507 岩手県岩手郡雫石町丸谷地 県道219号線,明治24年創業のわが国唯一の民間総合農場であり日本最大の民間総合農場,明治24年創業のわが国唯一の民間総合農場であり日本最大の民間総合農場。約900万坪の広大な敷地面積を誇る。小岩井は、地名ではなく、共同創始者3名（小野／岩崎／井上）の姓の頭文字をとり「小岩井」農場と名づけられた。メイン施設のまきば園では、牧羊犬や羊たちによるひつじショー、バター作りやアトラクションやアスレチック遊具でも遊べる。自然とふれあう体験メニューがたくさん。農場自慢のチーズケーキや乳製品も味わえる。レストランでは、とれたての乳製品を使って作った美味しさ絶品のソフトクリームや、卵料理が堪能できる。
鬼越蒼前神社,18221672,39.74736171,141.07189417,日本, 〒020-0659 岩手県滝沢市鵜飼外久保４６,みちのくの初夏を彩る風物詩チャグチャグ馬コが出発する神社,みちのくの初夏を彩る風物詩チャグチャグ馬コが出発する神社。
宮沢賢治記念館,367034,39.399358242,141.163136841,日本, 〒025-0011 岩手県花巻市矢沢第１地割１,宮沢賢治の散策の地であり，「経理ムべキ山」の一つにあげていた胡四王山の頂上に，全国の賢治ファンからの寄付金を基に建てられた,宮沢賢治の散策の地であり，「経理ムべキ山」の一つにあげていた胡四王山の頂上に，全国の賢治ファンからの寄付金を基に建てられた。詩人・科学者・教育者としての賢治の思想と多彩な活動を７部門にわけて視聴覚的に再現している。
花巻市博物館,28973983,39.400307285,141.167689329,日本, 岩手県花巻市 国道456号線,縄文式住居や古墳、城下町の様子や花巻人形など、縄文時代から現代までの花巻地方の歴史や文化、暮らしを「考古」「歴史」「美術・工芸」の三分野に分け、展示、紹介,縄文式住居や古墳、城下町の様子や花巻人形など、縄文時代から現代までの花巻地方の歴史や文化、暮らしを「考古」「歴史」「美術・工芸」の三分野に分け、展示、紹介。講座や体験学習会なども開催し、楽しんで学習できる参加型博物館を目指しています。
宮沢賢治イーハトーブ館,10375032,39.396876927,141.164292696,日本, 〒025-0014 岩手県花巻市高松第１地割１,宮沢賢治に関するさまざまなジャンルの芸術作品や研究論文をできる限り多く集め，わかりやすく整理して一般の人に公開している,宮沢賢治に関するさまざまなジャンルの芸術作品や研究論文をできる限り多く集め，わかりやすく整理して一般の人に公開している。宮沢賢治学会イーハトーブセンターの本拠が置かれている。
中尊寺,223138,39.001593365,141.102669239,日本, 〒029-4102 岩手県西磐井郡平泉町平泉衣関２０２,世界文化遺産,世界文化遺産。慈覚大師開基の天台宗の名刹。金色堂、経堂、一字金輪仏坐像など、平安時代の美術工芸の宝庫である。
中尊寺金色堂,299602,39.001703744,141.10057126,日本, 〒029-4102 岩手県西磐井郡平泉町平泉衣関７６,世界文化遺産、国宝第１号,世界文化遺産、国宝第１号。方三間の阿弥陀堂で内外を黒漆で塗り、その上に金箔で押したため、金色堂とよばれている。内部の長押、柱、須弥壇には金蒔絵、極彩色が施され、要所は宝相華文を透し彫りにした金具で装飾されている。
毛越寺,14431396,38.987230791,141.108246923,日本, 〒029-4102 岩手県西磐井郡平泉町平泉大沢５８,藤原基衡が勅願により再興し、中尊寺をしのぐ規模を誇った寺院,藤原基衡が勅願により再興し、中尊寺をしのぐ規模を誇った寺院。今は庭園の跡と礎石土壇が遺る。
白山神社,136614018,39.30025509,141.13057496,日本, 〒024-0021 岩手県北上市上野町５丁目 県道39号線,野外能舞台（国指定重要文化財）がある,野外能舞台（国指定重要文化財）がある。
鉛温泉スキー場,127209,39.463000788,140.993329226,日本, 〒025-0252 岩手県花巻市鉛中平３６,全部で6コースのゲレンデは、初心者から上級者までどなたでも楽しむことができます,全部で6コースのゲレンデは、初心者から上級者までどなたでも楽しむことができます。スノーボード、ナイタースキーもＯＫ。汗をかいた後は隣接する鉛温泉の湯ですっきりしよう。
志和稲荷神社,7302953,39.558985897,141.077799797,日本, 〒028-3442 岩手県紫波郡紫波町升沢前平１７,"鎮守府将軍 源頼義，義家の創建,"鎮守府将軍 源頼義，義家の創建。五穀豊穣、大漁、交通安全の守り神です。境内には、樹齢1
大沢温泉,1067514,39.435465569,141.015670393,日本, 〒025-0244 岩手県花巻市湯口大沢 県道12号線,豊沢川に沿い背後は山，前には田園が広がる素朴な湯治場,豊沢川に沿い背後は山，前には田園が広がる素朴な湯治場。清流ごしに眺める四季折々の桜，新緑，紅葉，冬木立が美しい。露天風呂をはじめ大小合わせて8カ所の浴場があるが，何といっても名物は露天風呂。渓流より一段高く岩風呂式にしつらえてあり，混浴。
精華の湯,6423657,39.454867285,141.0561983,日本, 〒025-0305 岩手県花巻市台 県道123号線,開湯以来１２００年の歴史ある台温泉に、２０００年にオープンした日帰り温泉施設,開湯以来１２００年の歴史ある台温泉に、２０００年にオープンした日帰り温泉施設。湧出温度96度、良く温まる泉質の源泉を山の水で熱めに温度調節して湯船へ。循環無しの流しっ放しなので、常にサラサラと湯が溢れている。浴室内に湯気と共に立ちこめる、木の香りも心地よい。休憩室利用は10時〜16時まで。
渡り温泉,4357438,39.424784955,141.015665677,日本, 〒025-0244 岩手県花巻市湯口佐野２１,解放感のある露天風呂やサウナ、館内のところどころにさりげなく飾られた花や絵など、女性に優しいおもてなしの宿,解放感のある露天風呂やサウナ、館内のところどころにさりげなく飾られた花や絵など、女性に優しいおもてなしの宿。
大沢温泉自炊部,5431846,39.436813727,141.01567607,日本, 〒025-0244 岩手県花巻市湯口大沢１７１−１７,見上げれば木々が揺れ、見下ろせば川が流れる,見上げれば木々が揺れ、見下ろせば川が流れる。紅葉や新緑の季節が特におすすめ。湯加減も丁度よくゆっくりとつかれる。自炊部は常連さんはもちろん、若い人の利用も多く、誰でも気軽に愉しむ事ができる。泉質は硫化水素泉で弱アルカリ性。隣接の「山水閣」の「山水の湯」は別料金８００円で入浴できる。
御所湖,767948,39.675484394,141.013598442,日本, 〒020-0055 岩手県盛岡市繋萪内沢 県道172号線,御所湖は、上流から流れ込む雫石川をせきとめてつくられた、巨大な人造湖です,御所湖は、上流から流れ込む雫石川をせきとめてつくられた、巨大な人造湖です。湖周囲はレジャーやスポーツのメッカ。湖上ではウインドサーフィンやボートセイリングが盛んに行われ、周辺にはプールや釣りなどのスポーツが楽しめる施設もあり、総合レジャースポットとして親しまれています。
つなぎ温泉観光協会,197729300,39.676151029,141.020072662,日本, 〒020-0055 岩手県盛岡市繋 県道172号線,"予約受付可能,"予約受付可能。要免許証等身分証明（保証金1
四季亭,5954205,39.672747116,141.023965366,日本, 〒020-0055 岩手県盛岡市繋湯ノ舘１３３,盛岡の奥座敷と呼ばれる繋温泉で、格調高い純和風旅館として知られる四季亭,盛岡の奥座敷と呼ばれる繋温泉で、格調高い純和風旅館として知られる四季亭。通常の宿泊は１万９０５０円〜で、日帰り入浴と昼食のセットなら５３２５円〜で可能。泉質は硫黄温泉で、神経痛、関節痛、筋肉痛、打ち身などによい。男女別の露天風呂付き大浴場でゆったりとくつろいで、懐石料理を愉しみたい。
八幡平ハイツ,28046137,39.902362099,140.968537331,日本, 〒028-7302 岩手県八幡平市松尾寄木第１地割５９０−４,すべての基本情報を見る
,すべての基本情報を見る
八幡平ライジングサンホテル,9504900,39.902297146,140.974508332,日本, 〒028-7302 岩手県八幡平市松尾寄木第１地割５９０−２２６,すべての基本情報を見る
,すべての基本情報を見る
七滝,221352442,39.874150913,140.958390458,日本, 〒028-7100 岩手県八幡平市（その他） 県道212号線,落差43mの滝が七段に分かれて流れ落ちている,落差43mの滝が七段に分かれて流れ落ちている。滝の水は眼病に効くとされ、また、滝の近くにある七滝大明神は縁結びの神様として古くから土地の人々に大切にされてきている。自然も豊かでトレッキングにも最適な場所。
松尾八幡平ビジターセンター,3178416,39.920596934,140.97536626,日本, 〒028-7303 岩手県八幡平市柏台１丁目２−２８,八幡平・岩手山の情報発信施設,八幡平・岩手山の情報発信施設。ハイビジョン映像や標本・模型を多数展示。目で見て、触れて楽しむことができる。
八幡平ロイヤルホテル,13674361,39.896776635,140.967917156,日本, 〒028-7302 岩手県八幡平市松尾寄木第１地割５９０−５,すべての基本情報を見る
,すべての基本情報を見る
岩手県県民の森,23422597,39.89436158,140.967614651,日本, 〒028-7302 岩手県八幡平市松尾寄木第１地割５１５−５,森林ふれあい学習館フォレストI(アイ），遊歩道，木材工芸センターなど,森林ふれあい学習館フォレストI(アイ），遊歩道，木材工芸センターなど。森川渓谷に沿う７０ｈａの森林。野鳥の森には巣箱がかけられており，約１００種類の野鳥を観察できる。
松川玄武岩,141578251,39.894366812,140.958797555,日本, 〒028-7100 岩手県八幡平市（その他） 県道212号線,全国でも珍しい六角柱の柱状節理が見られる岩層の絶壁,全国でも珍しい六角柱の柱状節理が見られる岩層の絶壁。紅葉シーズンは、青みを帯びた松川渓流と玄武岩の紅葉のコントラストが美しく、人気のスポットとなっている。
八幡平トラウトガーデン,26192570,39.910586857,140.983321257,日本, 〒028-7302 岩手県八幡平市松尾寄木第１地割４７４−６,八幡平リゾート内にあるレジャー施設,八幡平リゾート内にあるレジャー施設。パークゴルフ、ゴーカート、アーチェリーなどが楽しめ、特に釣りはルアー、フライ、渓流釣りと種類も豊富。２００円で釣り竿（えさ付き）もレンタルできる。また、バーベキューハウスやレストランも完備しており、地元の郷土料理ひっつみやニジマス料理などを味わえる。
金沢清水,260041574,39.910671234,140.987014771,日本, 〒028-7302 岩手県八幡平市松尾寄木第１地割１５７３,八幡平市松尾寄木の７カ所の湧水は，別名「座頭清水湧水群」と呼ばれ，幾多の伝説が伝えられている,八幡平市松尾寄木の７カ所の湧水は，別名「座頭清水湧水群」と呼ばれ，幾多の伝説が伝えられている。岩手山の滝に住む７つの頭を持つ竜が地中に潜り，山里に頭をだしたのが湧水口という話もそのひとつ。ここから湧水は滝の水が地中に染み込んだ伏流水が湧き出したとされているが，定説はない。国立公園の入口にあり，ホテルや別荘が多い村では，水も観光資源。水道水源にするほか，大規模な釣り堀公園「トラウドガーデン」にも利用している。日本名水百選。
イーハトーブ火山局,9503364,39.9295559,141.00276686,日本, 〒028-7302 岩手県八幡平市松尾寄木第２地割５１５,岩手山の火山情報がリアルタイムで映し出されるほか、パネルやジオラマで岩手山の歴史や世界の火山の様子や自然環境や地熱資源の活用などについて学習できる,岩手山の火山情報がリアルタイムで映し出されるほか、パネルやジオラマで岩手山の歴史や世界の火山の様子や自然環境や地熱資源の活用などについて学習できる。
龍泉洞,3034058,39.860810553,141.796789738,日本, 〒027-0501 岩手県下閉伊郡岩泉町岩泉 県道7号線,日本三大鍾乳洞の一つで、洞内に住むコウモリとともに国の天然記念物指定を受けている,日本三大鍾乳洞の一つで、洞内に住むコウモリとともに国の天然記念物指定を受けている。奥から湧き出る清水が数カ所に渡って深い地底湖を形成しており、第三地底湖は水深98m。なお、未公開の第四地底湖は水深120m（日本一）。水の透明度は世界有数。平成23年4月に洞内照明を全面LED化してリニューアルオープン。
龍泉新洞科学館,23215846,39.860884267,141.797790527,日本, 〒027-0501 岩手県下閉伊郡岩泉町岩泉 県道7号線,全洞を自然洞穴科学館として洞穴学、地質学、生物学、古生物、考古学等貴重な資料が展示されている,全洞を自然洞穴科学館として洞穴学、地質学、生物学、古生物、考古学等貴重な資料が展示されている。
龍泉洞青少年旅行村,369262441,39.8627,141.791931,日本, 〒027-0501 岩手県下閉伊郡岩泉町岩泉神成１２,日本三大鍾乳洞「龍泉洞」すぐそば,日本三大鍾乳洞「龍泉洞」すぐそば。キャンプ場、炊飯施設、シャワーハウス、多目的グラウンド、遊歩道、バンガロー、テニスコートの施設あり。アウトドアの季節にはぴったりです。H23年7月には貸テント4人用、6人用それぞれ4張を新しくしました。
ふれあいらんど岩泉,5379449,39.840328242,141.866789803,日本, 〒027-0502 岩手県下閉伊郡岩泉町乙茂大向４８,ペレニアルロックガーデン、オートキャンプ場40区画（一般サイト35、キャンピングカーサイト３、トレーラー２）・コテージ5棟・トレーラーハウス3棟、パークゴルフ場、400mトラックを備えた多目的広場、野外ステージ
,ペレニアルロックガーデン、オートキャンプ場40区画（一般サイト35、キャンピングカーサイト３、トレーラー２）・コテージ5棟・トレーラーハウス3棟、パークゴルフ場、400mトラックを備えた多目的広場、野外ステージ
薄衣の滝,40121335,39.417264683,141.00808382,日本, 〒025-0244 岩手県花巻市湯口天王２７−１,高さ20ｍ、幅7ｍの薄い布を垂れかけた様な滝,高さ20ｍ、幅7ｍの薄い布を垂れかけた様な滝。
清水寺,88268336,39.370509,141.031417,日本, 〒025-0037 岩手県花巻市太田第２１地割５−７,坂上田村麻呂が建立したと伝える,坂上田村麻呂が建立したと伝える。日本三清水の一つ。
北上カントリークラブ,42883463,39.267781557,140.981635245,日本, 〒024-0323 岩手県北上市和賀町煤孫１地割 県道37号線,すべての基本情報を見る
,すべての基本情報を見る
入畑ダム展望広場,14569564,39.23774736,140.949770788,日本, 岩手県北上市 県道122号線,展望広場に上がると、ダム周辺と北上平野を一望することができ、南西の方角には駒ヶ岳を見ることができます,展望広場に上がると、ダム周辺と北上平野を一望することができ、南西の方角には駒ヶ岳を見ることができます。新緑の季節にはダムの湖面がエメラルドグリーンに輝いて素晴らしい眺望が楽しめます。
御所ダム,16580685,39.693202633,141.026579579,日本, 〒020-0055 岩手県盛岡市繋山根１９２−４,雫石川をせき止めて造られた多目的ダムで中央コアー型ロックフィル，コンクリート動式の複合ダム,雫石川をせき止めて造られた多目的ダムで中央コアー型ロックフィル，コンクリート動式の複合ダム。洪水調節，用水供給，発電を行っている。日本版ＴＶＡで北上川流域五大ダムのフィナーレを飾る。
ケッパレランド,24163914,39.624624274,140.944755586,日本, 〒020-0573 岩手県岩手郡雫石町南畑第２１地割２６,夏はクロスカントリー、マウンテンバイク、ウォータージャンプなど、冬はクロスカントリースキーができる県内初のクロスカントリースキー場,夏はクロスカントリー、マウンテンバイク、ウォータージャンプなど、冬はクロスカントリースキーができる県内初のクロスカントリースキー場。芝ジブパーク、トランポリン、ミニランプ、スラックラインなどの1コインアメニティも充実。鶯宿温泉までをつなぐ登山道が整備されており、男助山登山の入り口としても。
八幡平カントリークラブ,27961698,39.639060199,140.937683501,日本, 〒020-0573 岩手県岩手郡雫石町南畑第３２地割８５,すべての基本情報を見る
,すべての基本情報を見る
岩手県公会堂,2564445,39.703207517,141.153452983,日本, 〒020-0023 岩手県盛岡市内丸１１−２,岩手県公会堂は，皇太子であった昭和天皇の御成婚を記念して建設が計画され，1925年（大正14年）9月の着工から1927年（昭和2年）6月の竣工まで，約2年の工期と総額43万8000円の建設費を投じて建設された,岩手県公会堂は，皇太子であった昭和天皇の御成婚を記念して建設が計画され，1925年（大正14年）9月の着工から1927年（昭和2年）6月の竣工まで，約2年の工期と総額43万8000円の建設費を投じて建設された。　設計は，東京の日比谷公会堂や早稲田大学大隈講堂の設計で知られる佐藤功一博士で，近代コンクリート建築の先駆け。創建当時の公会堂は，県会議事堂，大ホール，西洋料理店，皇族方の宿泊所と，4つの用途を備えていた。間口44メートル，奥行48メートルの規模で，鉄筋コンクリート造地下1階地上2階建，陸屋根となっている。玄関奥を階段室，その奥を中庭とし，後部にホールを置く。中央に高さ約24メートル・6 層の塔屋を設け，外壁をスクラッチタイル貼とし，外部に柱形を現して垂直性を強調しているのが特徴です。　　幾度かの改修が行われましたが，内部には漆喰の美しいレリーフや，優雅な曲線のバルコニーなど，創建当時の面影を伝えるアール・デコ様式の意匠が残されており，現在も会議室を主体とした施設として市民・県民に利用されています。
岩手銀行中ノ橋支店,213662,39.700319247,141.155190691,日本, 岩手県盛岡市 奥州街道(陸羽街道),明治時代を代表する典型的なルネッサンス様式で盛岡のシンボルになっている,明治時代を代表する典型的なルネッサンス様式で盛岡のシンボルになっている。外部、内部共にほとんど当時のまま。現在も銀行として活躍中。どこかで見かけたような外装だが、実は東京駅を手がけた同一チームが担当。その中のひとり葛西萬司は岩手県の出身。近くには昭和モダン建築の盛岡信用金庫本店もある。
もりおか歴史文化館,3608599,39.700833194,141.153341518,日本, 岩手県盛岡市 奥州街道(陸羽街道),2011年7月に開館した文化施設,2011年7月に開館した文化施設。1階では盛岡の観光情報や伝統文化を紹介し、2階では城下町盛岡の成立過程や盛岡藩主南部家に関する資料を展示しております。
安比高原スキー場,742323,40.00497678,140.980022798,日本, 〒028-7306 岩手県八幡平市安比高原６０５−１２８,"安比高原スキー場は、オーストリアのアルベルクやアメリカのアスペンなど世界を代表するスキーエリアと同じ北緯40度にあり、国立公園八幡平から連なる標高1,"安比高原スキー場は、オーストリアのアルベルクやアメリカのアスペンなど世界を代表するスキーエリアと同じ北緯40度にあり、国立公園八幡平から連なる標高1
長者屋敷清水,540757267,39.9722895,141.031014948,日本, 〒028-7305 岩手県八幡平市松尾第４地割１１１,小川の流れる緑地帯の中に朱塗りの太鼓橋や東屋などを設けた長者屋敷公園,小川の流れる緑地帯の中に朱塗りの太鼓橋や東屋などを設けた長者屋敷公園。その一角、木立に囲まれた高さ10ｍ程の岩壁の割れ目から清水が湧き出している。当地の大盗賊を討伐に来た坂上田村麻呂が、天皇より下賜された太刀をこの水で清めたとも言われている。野菜の直売所も設けてあるので立ち寄ってみては。
三ツ石山,40038293,39.851104844,140.898082977,日本, 岩手県岩手郡雫石町 県道212号線,展望雄大，乾性高山植物の宝庫,展望雄大，乾性高山植物の宝庫。網張温泉よりリフト利用で２時間３０分。滝ノ上温泉より上り２時間３０分，下り１時間４０分。
岩手高原スノーパーク,1361224,39.813874858,140.96603884,日本, 〒020-0585 岩手県岩手郡雫石町長山岩手山２２−３６２,"岩手高原スノーパークは初級者から上級者まで楽しめるゲレンデです,"岩手高原スノーパークは初級者から上級者まで楽しめるゲレンデです。センタープラザ内施設も充実しています。楽しいイベントもシーズン通して盛り沢山。料金もお得な｢手ぶらでパック｣は8時間券にスキーorボードセットとウエアで大人7
雫石スキー場,703408,39.775265712,140.930340234,日本, 〒020-0584 岩手県岩手郡雫石町西根栗木平１５２,緩・中・急斜面と変化に富んだ各コースは、初級者から上級者まで楽しめます,緩・中・急斜面と変化に富んだ各コースは、初級者から上級者まで楽しめます。特に4.5kmダウンヒルコースは滑り応え充分です。
ゆこたんの森,7029293,39.795056748,140.951062909,日本, 〒020-0585 岩手県岩手郡雫石町長山猫沢３,すべての基本情報を見る
,すべての基本情報を見る
たきざわ自然情報センター,88331773,39.806576806,141.011937125,日本, 〒020-0685 岩手県滝沢市鵜飼安達１１４−７,鞍掛山登山、歩くスキー、周辺山野草等岩手山麓の情報発信施設としてオープンしました,鞍掛山登山、歩くスキー、周辺山野草等岩手山麓の情報発信施設としてオープンしました。写真展や見頃の草花の紹介等最新の情報を備えてお客様のお越しをお待ちしております。
鞍掛山,2708256,39.820894038,141.023177622,日本, 岩手県滝沢市 県道219号線,岩手山のふもとに広がる標高８９７．１メートルの鞍掛山は、家族向けのハイキングコース,岩手山のふもとに広がる標高８９７．１メートルの鞍掛山は、家族向けのハイキングコース。小さな子供たちも気軽に楽しめます。鞍掛山から見える岩手山も雄大です。また、宮沢賢治の作品の源泉となった鞍掛山を含む岩手県内６カ所の自然景観が「イーハトーブの風景地 」として、景観の重要文化財にあたる国指定名勝に指定されました。
網張温泉,2710449,39.821540116,140.9379762,日本, 〒020-0585 岩手県岩手郡雫石町長山小松倉１４,ビックゲレンデが多い北東北エリアでは、比較的コンパクトですが、コースそれぞれに個性があり、すべり応えは十分です,ビックゲレンデが多い北東北エリアでは、比較的コンパクトですが、コースそれぞれに個性があり、すべり応えは十分です。初心者から上級者まで楽しめるスキー場、標高が比較的高いことから雪質のよさも自慢です。温泉のある休暇村岩手網張温泉もすぐ隣り、ゲレンデ、温泉グルメが便利です。
網張キャンプ場,155465484,39.821983337,140.941223145,日本, 〒020-0585 岩手県岩手郡雫石町長山小松倉１,休暇村の本館から徒歩30分の林間にある,休暇村の本館から徒歩30分の林間にある。本館と別館（網張温泉館）温泉浴場を利用できるのが魅力。また付近には大規模な網張温泉スキー場などのレジャー施設がある。フャイヤーサークル1，炊事場2トイレ1，管理棟1。
葛根田渓谷,440624198,39.817519,140.89735,日本, 岩手県岩手郡雫石町 県道194号線,新緑と紅葉が特に美しく，渓流釣りも人気がある,新緑と紅葉が特に美しく，渓流釣りも人気がある。冬季(11月下旬〜4月下旬)は車両通行止め。
石鳥谷アイスアリーナ,134999922,39.482278386,141.141583314,日本, 〒028-3171 岩手県花巻市石鳥谷町中寺林第７地割５,平成10年冬季国体フィギュア競技が開催された屋内スケートリンク,平成10年冬季国体フィギュア競技が開催された屋内スケートリンク。シーズンオフは、テニスコートや屋内競技、イベントスペースとして利用されます。
一関市博物館,144439881,38.946626696,141.051707268,日本, 〒021-0101 岩手県一関市厳美町沖野々２１５,常設展示-舞草刀と刀剣　玄沢と蘭学　文彦と言海　一関と和算
,常設展示-舞草刀と刀剣　玄沢と蘭学　文彦と言海　一関と和算
厳美渓,935032,38.944120359,141.047468044,日本, 〒021-0101 岩手県一関市厳美町南滝ノ上２,岩手県の磐井川沿いにある渓谷,岩手県の磐井川沿いにある渓谷。磐井川が巨岩を浸食し、２ｋｍにわたり渓谷美を見せる。渓流をはわんだ対岸のお茶屋からだんごとお茶を買う「郭公だんご」が名物。吊り橋から眺める蒸留の荒々しい流れと下流のゆったりした淵が対象的。甌穴が見せる渓流美が美しい。名勝天然記念物指定。紅葉の見頃は１０月中旬〜１１月中旬。
桜山神社,244711,39.701457677,141.151983201,日本, 〒020-0023 岩手県盛岡市内丸１−４１,社殿が盛岡城三の丸跡にあり、江戸時代中期の寛延２年に創建され南部藩の総鎮守として信仰されました,社殿が盛岡城三の丸跡にあり、江戸時代中期の寛延２年に創建され南部藩の総鎮守として信仰されました。国の重要文化財に指定される南北朝時代初期の国長作の刀が所蔵されています。毎年５月２５日から３日間行われる例大祭では、お神輿が騎馬武者に先導されて盛岡市内を練り歩き境内には多くの出店が立ち並びます。また、１月２６日に開催される伝統行事裸参りは盛岡の冬の風物詩として有名です。
猊鼻渓,2369631,38.987465834,141.261321902,日本, 〒029-0302 岩手県一関市東山町長坂久保６０−７,北上川の支流・砂鉄川両岸に巨岩・絶壁の連なる約2ｋｍの渓谷を舟下りで楽しめる,北上川の支流・砂鉄川両岸に巨岩・絶壁の連なる約2ｋｍの渓谷を舟下りで楽しめる。大正14年に名勝に指定され、日本百景のひとつに数えられる。史蹟名勝天然記念物。
紙すき館,126358941,38.990617604,141.25477713,日本, 〒029-0302 岩手県一関市東山町長坂町３９０,平安時代末期、平泉藤原文化の遺産の一つとして伝わり、８００年の伝統を誇る東山和紙,平安時代末期、平泉藤原文化の遺産の一つとして伝わり、８００年の伝統を誇る東山和紙。店内には職人の作った色とりどりの手作り和紙や、かわいい小物が並んでいる。原料をカップで枠に流し込んでオリジナルな和紙が作れる紙すき体験は、絵を描くような感覚で和紙が作れて、幼児から大人まで誰でも楽しめる。
サハラガラスパーク,3826876,38.945051184,141.048568019,日本, 〒021-0101 岩手県一関市厳美町滝ノ上２６３,まさにガラスのテーマパーク,まさにガラスのテーマパーク。まず１８００本のステンドグラスで作られた花時計にビックリする。30カ国以上から集められた３万点ものガラス製品や有名作家による作品まで揃う。吹きガラス体験や工房見学もでき、１輪挿しやグラスなどを作ることができる。壁から照明まで全てガラス製というレストランもある。
滝観洞,28240570,39.242847003,141.683855194,日本, 〒029-2501 岩手県気仙郡住田町上有住土倉２９８−８１,入口から880ｍのところに高さ60ｍ、周囲50ｍのドームがあり、天井の大理石の裂け目から落差29ｍの滝が落ちている,入口から880ｍのところに高さ60ｍ、周囲50ｍのドームがあり、天井の大理石の裂け目から落差29ｍの滝が落ちている。
宮古市魚菜市場,3329806,39.646224039,141.946017769,日本, 〒027-0072 岩手県宮古市五月町１−１,市民の台所として親しまれている市場,市民の台所として親しまれている市場。毎朝6時30分から新鮮な魚介類や水産加工品がズラリ勢ぞろいする。市場の中には、近在の農家のお母さんたちが自家栽培の野菜、果物、花を並べる直売スペースがある。鮮度と安さには定評がある。どこか雅びの残る宮古弁のやりとりにぬくもりを感じるほのぼの市場。
盛岡八幡宮,79256,39.695793408,141.16309594,日本, 〒020-0872 岩手県盛岡市八幡町１３−１,南部藩鎮守,南部藩鎮守。八幡宮例大祭では山車の巡行や流鏑馬が有名、境内には米内光政像、田村了咲句碑などがあります。南部氏は、もともと八幡神を氏神と仰ぐ家柄でした。今から約800年ほど昔に南部の藩祖である南部光行公が、 居城を三戸から不来方に移す際に、不来方の豪族である日戸氏が代々信仰していた鳩森八幡宮を修復し、 この地方の守護神として城内におまつりし、氏神と仰ぎました。城内の八幡社を藩主が篤く信奉することから、城下の民衆も自然に八幡神を崇敬するようになりました。 そのため、新たに崇敬の中心となるべき八幡神社の造営が必要とされ、 寛文11年に南部29代重信公が、商業の流通を図るために、町の中心部を整え、 新八幡宮の造営に着手しました。約1万5千坪の広大な境内地を定めて寛文11年に着手された造営工事は約8ヵ年を要し、 延宝8年にご本殿を始め、流鏑馬（やぶさめ）馬場等の主な建物や施設が整いました。 新八幡宮造営にあわせて、門前の町づくりにも着手し、その竣工と同時に門前町である八幡町が完成しました。 八幡町は、盛岡八幡宮の歴史とともに発展し現在に至っています。
盛岡市動物公園,285107,39.697289457,141.194349688,日本, 〒020-0803 岩手県盛岡市新庄下八木田６０,野外レクリエーションやピクニックなど自然を楽しみながら動物と親しめる施設,野外レクリエーションやピクニックなど自然を楽しみながら動物と親しめる施設。哺乳類，鳥類あわせて約１００種７００頭羽を展示しています。動物とのふれあい体験や、自然観察会なども行っています。
岩山展望台,725970,39.700940413,141.183499784,日本, 〒020-0803 岩手県盛岡市新庄岩山１５,標高約340ｍの頂上にあり，盛岡駅から車で15分の所に位置する岩山の展望台は，市街地はもちろん，岩手山や八幡平を含む奥羽山系から北上山系まで一望でき迫力満点,標高約340ｍの頂上にあり，盛岡駅から車で15分の所に位置する岩山の展望台は，市街地はもちろん，岩手山や八幡平を含む奥羽山系から北上山系まで一望でき迫力満点。背後には岩手山が望める。盛岡全景を望む夜景スポットとしても人気がある。
盛岡カントリークラブ,30485805,39.702146789,141.192594952,日本, 〒020-0803 岩手県盛岡市新庄岩山５３,すべての基本情報を見る
,すべての基本情報を見る
えさし郷土文化館,536822934,39.196001981,141.191128492,日本, 〒023-1101 岩手県奥州市江刺区岩谷堂小名丸１０２,農業紹介ホール、体験棟、奥の院の3つで構成されている,農業紹介ホール、体験棟、奥の院の3つで構成されている。江刺金札米や江刺りんごで全国的にも有名な江刺農業の歩みなどを紹介している他、予約制で，そば打ちやサキ織り、芸などが体験できる。奥の院には、国指定の重要文化財である仏像が数多く展示されている。中でも、「中善観音」と呼ばれる百観音菩薩は必見。
八重吉煎餅店,114179965,39.189842326,141.178473331,日本, 〒023-1113 岩手県奥州市江刺区中町３−１,昭和9年の創業以来、50年以上亀の子せんべいを作り続けている,昭和9年の創業以来、50年以上亀の子せんべいを作り続けている。
上の橋,16739743,38.928747084,141.129137278,日本, 岩手県一関市 奥州街道(陸羽街道),盛岡の中心部を流れる中津川にかかる、その昔盛岡三橋と呼ばれた橋の一つ,盛岡の中心部を流れる中津川にかかる、その昔盛岡三橋と呼ばれた橋の一つ。盛岡城築城の際、当時藩主であった南部利直がその欄干に取り付けた擬宝珠は青銅製で、今から約４００年前となる慶長14、16年の銘が刻まれている。橋のたもとには、市の花であるカキツバタが群生しており初夏には紫の花が咲きそろう。
ワインシャトー大迫,125849220,39.496161919,141.250799052,日本, 〒028-3316 岩手県紫波郡紫波町佐比内 国道396号線,ぶどうの収穫からワイン醸造までの行程をパネルやモニターなどで紹介するコーナーや、町で生産しているワインの試飲、即売コーナーがあるワインのミニ博物館,ぶどうの収穫からワイン醸造までの行程をパネルやモニターなどで紹介するコーナーや、町で生産しているワインの試飲、即売コーナーがあるワインのミニ博物館。
姫神山,3841652,39.844020809,141.24681386,日本, 〒028-4124 岩手県盛岡市玉山区馬場前田１１７,"みちのくの空に美しい三角形を描く姫神山,"みちのくの空に美しい三角形を描く姫神山。詩人石川啄木のふるさと盛岡市玉山区の中央に高まる花崗岩の残丘で、標高1
岩洞湖,3864519,39.832037536,141.358938217,日本, 〒028-2711 岩手県盛岡市玉山区薮川 小本街道,日本一美しいといわれる人造湖,日本一美しいといわれる人造湖。白樺・赤松などの林が神秘的です。湖畔には、シラカバやナラなどの広葉樹が群生しており、春の新緑や秋の紅葉など、四季それぞれに美しい風景を観ることができます。また、周辺には、キャンプ場や広場、遊歩道が整備されています。
天峰山,972395,39.80326769,141.259520291,日本, 〒020-0201 岩手県盛岡市玉山区日戸新田２４,姫神山の横長尾根（南山麓）に位置し，尼寺がある,姫神山の横長尾根（南山麓）に位置し，尼寺がある。岩手山を中心とした山並，北上川の流域が見渡せる牧歌的風景の高原。
弁天島,64298311,39.828776229,141.35432243,日本, 〒028-2711 岩手県盛岡市玉山区薮川 小本街道,好釣場
,好釣場
三王岩,28730933,39.789162386,141.962767652,日本, 〒027-0000 岩手県宮古市田老向新田１８６,田老湾口にそそり立つ男岩，女岩，太鼓岩の三巨岩,田老湾口にそそり立つ男岩，女岩，太鼓岩の三巨岩。陸中海岸を代表する景勝地。東日本大震災の影響により、三王岩周辺の一部遊歩道が通行不可能となっております。
岩手サファリパーク,14354244,38.808852,141.258973,日本, 〒029-3311 岩手県一関市藤沢町黄海山谷１２１,アフリカ動物などの中を車で探検するサファリパークとサル劇場、フラミンゴショー、サルとふれあえる世界のモンキーセンターゾウの背中に乗れるゾウの村があります,アフリカ動物などの中を車で探検するサファリパークとサル劇場、フラミンゴショー、サルとふれあえる世界のモンキーセンターゾウの背中に乗れるゾウの村があります。
石神の丘美術館,3608087,39.968754545,141.213522778,日本, 〒028-4307 岩手県岩手郡岩手町五日市第１０地割１２１−２０,石神の丘美術館は1993年7月に岩手県内初の野外彫刻美術館として開館しました,石神の丘美術館は1993年7月に岩手県内初の野外彫刻美術館として開館しました。その後，道の駅「石神の丘」の設置にともない大規模な改修が行われ、2002年7月にリニューアルオープンしました。屋外では6月下旬から7月上旬にかけてラベンダーが見頃となるほか美しい山野草や紅葉といった四季折々の自然も楽しめます。また、芸術鑑賞をしながら気軽にピクニックが楽しめる屋外展示に加えて常設展や企画展が楽しめるギャラリー、見るだけではなく作ることによって美術を体験できる工房，各種のイベント等の活動を通して地域に根ざした芸術文化活動の一拠点となり、幼児から高齢者まで幅広い年齢の方が構えることなくいつでも立ち寄れ，身近に美術を感じることのできるような開かれた美術館を目指しています。平成20年4月には「恋人の聖地」に認定され、新たな観光スポットとして期待されています。
駒形神社,36737191,39.419334412,141.5493927,日本, 〒028-0661 岩手県遠野市附馬牛町上附馬牛１４地割７９,駒ヶ岳に奥宮がある,駒ヶ岳に奥宮がある。子供騎馬武者行列は5月3日。予約不要。
カッパ淵,223425,39.354316132,141.57080438,日本, 〒028-0555 岩手県遠野市土淵町土淵７地割５０,カッパ伝説が多く残る遠野で一番知られている場所がここ,カッパ伝説が多く残る遠野で一番知られている場所がここ。その昔、武将が馬の足を洗っていたら、この淵からカッパが出てきて悪さをしたらしい。今はその淵らしきものはないが、幅２〜３ｍの川原には、夫婦のカッパが鎮座する祠があり、拝むと胸が大きくなるという噂も。駅前には、レンタサイクルもある。
たかむろ水光園,19273222,39.353896536,141.597807432,日本, 〒028-0553 岩手県遠野市土淵町柏崎７地割１７５,釣り堀の「遠野池」には、遠野物語にちなんだ東屋や清々しい渓流があり、周辺の曲り家形式の民族園、酒造土蔵の芸能館、水車小屋では昔ながらの遠野の暮らしに触れることができる,釣り堀の「遠野池」には、遠野物語にちなんだ東屋や清々しい渓流があり、周辺の曲り家形式の民族園、酒造土蔵の芸能館、水車小屋では昔ながらの遠野の暮らしに触れることができる。準天然のトロン温泉では「肌がツルツルになる」と言われ、若い人にも人気があり、女性にはおすすめの温泉。低温サウナもあり。水辺のオアシスに、曲り家や温泉が大集合。
常堅寺,5955665,39.354708125,141.571724899,日本, 〒028-0555 岩手県遠野市土淵町土淵７地割５５,曹洞宗,曹洞宗。遠野物語に登場するカッパ狛犬などがある。裏にはカッパ淵がある。
伝承園,3730808,39.357250578,141.569566082,日本, 〒028-0555 岩手県遠野市土淵町土淵６地割５,"遠野の民俗資料の保護、むかしから伝わる技術や行事の伝承のための施設,"遠野の民俗資料の保護、むかしから伝わる技術や行事の伝承のための施設。園内には佐々木喜善記念館、1
遠野郷八幡宮,7515112,39.343032164,141.546105805,日本, 〒028-0541 岩手県遠野市松崎町白岩２３地割１７−３,遠野郷の総鎮守,遠野郷の総鎮守。９月１４日，１５日の例大祭では郷土芸能が集う。
花巻新渡戸記念館,39410901,39.38921163,141.161168122,日本, 〒025-0014 岩手県花巻市高松第４地割７,藩政時代220年あまりにわたって花巻に居住し，新田開発等の地域開発に貢献した新渡戸氏の業績を紹介している,藩政時代220年あまりにわたって花巻に居住し，新田開発等の地域開発に貢献した新渡戸氏の業績を紹介している。
夏虫のお湯っこ,38772100,39.138201859,141.781241,日本, 〒022-0101 岩手県大船渡市三陸町越喜来小出５９−１,夏虫山の麓にある大自然に囲まれた日帰り人口温泉施設で、ゆっくりとした雰囲気でくつろぎの時間を味わうことができます,夏虫山の麓にある大自然に囲まれた日帰り人口温泉施設で、ゆっくりとした雰囲気でくつろぎの時間を味わうことができます。弱アルカリ性の人口温泉で、腰痛・肩こり・リウマチ・神経痛・疲労回復などの効能が望めます。浴室は、大浴場の他、ジェットバス、サウナ、泡風呂、スチームサウナ、薬湯などがあります。施設内には、マッサージを受けられる施設がある他、大評判の鹿カレーが食べられる食堂や、無料休憩室があります。宿泊施設の「遊・YOU・亭夏虫」と繋がっており宿泊もできることから、グランドゴルフやパラグライダー体験などのレジャーも気軽に楽しむことができます。
遊・YOU・亭 夏虫,38777003,39.138403221,141.781585996,日本, 〒022-0101 岩手県大船渡市三陸町越喜来小出５９−１,当館の近くには自然がいっぱい！御家族揃って遊べます,当館の近くには自然がいっぱい！御家族揃って遊べます。三陸の海と山を空から眺めてみませんか？4月〜10月は、パラグライダーの受付もしております。たくさん遊んだあとは、ぜひお湯っこと遊・YOU・亭夏虫でおくつろぎ下さい。ゆったりとした空間、ほっとする雰囲気。充実した設備と心からのおもてなし。グラス片手にくつろぎの空間をお楽しみください。当館は「第一回心に響くいわて景観賞」を受賞しました！
夏油高原スキー場,620898,39.237024253,140.905639935,Unnamed Road, 北上市 岩手県 日本,遠くに鳥海山、岩手山を望むことができる最大積雪量4mの国内屈指の積雪量が自慢です,遠くに鳥海山、岩手山を望むことができる最大積雪量4mの国内屈指の積雪量が自慢です。ナイター施設も充実しており、6人乗りのゴンドラが稼働し、滑走距離の長いナイターが楽しめます。スキーセンターには託児施設、展望天然風呂があります。レストラン、レンタルコーナー、ショップ、チケットカウンター、インフォメーションなどもあり、すべてがスキーセンター内の移動のみでOKです。スキースクールはSAJ公認(夏油高原スキースクール)があります。
夏油高原温泉,55879535,39.238637434,140.913815002,日本, 岩手県北上市 県道122号線,夏油高原スキー場に併設した温泉,夏油高原スキー場に併設した温泉。展望露天風呂からはオガラ森や前塚見山、北上市内を一望できます。外窓のある遠赤外線サウナは、気持ちよく体を温めてくれます。
岩手県立博物館,39214932,39.754770195,141.153838929,日本, 〒020-0102 岩手県盛岡市上田松屋敷３４,県制１００年を記念して昭和５５年に開館した岩手地方の資料を幅広く展示する総合博物館,県制１００年を記念して昭和５５年に開館した岩手地方の資料を幅広く展示する総合博物館。岩手の歴史を時代の流れに沿ってテーマ別に展示している総合展示室，動物や地質などの自然や，考古・民俗などを各分野に分けて展示する分類展示室，岩手県ゆかりの画家や彫刻家の作品を展示する近代美術展示室などがある。特に萬鉄五郎の作品や遺品は約１６００点に及んでいる。また古い民具を実際に使用してみることのできる体験学習室や，屋外には国の重要文化財に指定されている江戸後期に建てられた曲り家・直屋が移築復元されている。
四十四田公園,7413545,39.754778736,141.153320074,日本, 〒020-0102 岩手県盛岡市上田松屋敷３４,「南部片富士湖」として親しまれているダム湖を囲んだ公園,「南部片富士湖」として親しまれているダム湖を囲んだ公園。岩手山前方に広がる雄大な眺望が楽しめる公園です。「盛岡彫刻シンポジウム」の公開制作が開催されていたこともあり、公園内には6基の彫刻作品が設置されています。
遊林ランド種山,114995157,39.181612,141.397986,日本, 〒029-2311 岩手県気仙郡住田町世田米子飼沢３０−１９３,遊林ランドには、ヒノキ風呂、レストラン、休憩室、展望室、売店などが完備されており、木材をふんだんに使った建物の中で、ゆったりとしたひとときを過ごすことができます,遊林ランドには、ヒノキ風呂、レストラン、休憩室、展望室、売店などが完備されており、木材をふんだんに使った建物の中で、ゆったりとしたひとときを過ごすことができます。また、隣接する種山ヶ原森林公園には、遊歩道や東屋などが整備されています。
種山ヶ原森林公園,26976765,39.184005901,141.390548178,日本, 岩手県 国道397号線,宮澤賢治の作品をモチーフとした遊歩道が「遊林ランド種山」を起点として、美しい森の中に整備されています,宮澤賢治の作品をモチーフとした遊歩道が「遊林ランド種山」を起点として、美しい森の中に整備されています。大小さまざまな広場があり、山野草観察やバードウォッチングなど、家族で気軽に楽しめるトレッキングコース。
焼石岳,20265038,39.163803101,140.828796387,日本, 岩手県奥州市 国道397号線,秋田県東成瀬村との間にある山で、近年は花の名山として多くの登山愛好家が訪れている,秋田県東成瀬村との間にある山で、近年は花の名山として多くの登山愛好家が訪れている。
たねいち産直ふれあい広場,7524034,40.419669769,141.699416598,日本, 〒028-7900 岩手県九戸郡洋野町種市 国道45号線,国道４５号線沿にあり、とれたて野菜やその加工品・特産品等が購入できる,国道４５号線沿にあり、とれたて野菜やその加工品・特産品等が購入できる。食堂では地域に伝わる味が堪能できる。
ひろのまきば天文台,32512727,40.286290252,141.662896872,日本, 〒028-8802 岩手県九戸郡洋野町大野第６６地割８,日本一星空の見やすい場所に選ばれた同所で、北日本最大級の反射式望遠鏡による天体観測ができます,日本一星空の見やすい場所に選ばれた同所で、北日本最大級の反射式望遠鏡による天体観測ができます。
湯ったり館,4534269,39.616234831,141.793820858,日本, 〒028-2101 岩手県宮古市茂市第８地割５３,すべての基本情報を見る
,すべての基本情報を見る
閉伊川,211937510,39.616912539,141.795237064,日本, 〒028-2101 岩手県宮古市茂市 閉伊街道(宮古街道),兜明神岳を水源とし，風光に優れた渓流でアユ・ヤマメ・イワナの宝庫,兜明神岳を水源とし，風光に優れた渓流でアユ・ヤマメ・イワナの宝庫。
閉伊川オートキャンプ場,393031496,39.61764991,141.792908836,日本, 〒028-2101 岩手県宮古市茂市 閉伊街道(宮古街道),各サイトＡＣ電源付，サニタリーハウス有
,各サイトＡＣ電源付，サニタリーハウス有
横山八幡宮,28485408,39.637904514,141.94379919,日本, 〒027-0052 岩手県宮古市宮町２丁目５−１,宮古の地名の由来を伝える古い神社,宮古の地名の由来を伝える古い神社。境内には宮古の地名の由来になっている「神歌碑」が建っています。　義経北行伝説が伝えられており、義経・弁慶をはじめとする主従が松前渡海の安全祈願のため参籠した所で、弁慶直筆の大般若経が収まっていた観音堂があった。家臣の鈴木三郎重家は、老齢であったため残留し、名を重三郎と変え、この八幡宮の神主となったといわれている。
めがね橋,2710686,39.346354991,141.350841536,日本, 〒028-0304 岩手県遠野市宮守町下宮守 釜石街道,正式名称は「宮守川橋梁」,正式名称は「宮守川橋梁」。宮沢賢治の名作「銀河鉄道の夜」のモチーフにもなったと言われ、ライトアップされた姿は見る人を幻想的な世界へと誘う。
めがねばし直売所,2640324,39.3460142,141.351364785,日本, 〒028-0304 岩手県遠野市宮守町下宮守３０地割３７,村内農家婦人が中心となって自家製農産物や手工芸品を販売する,村内農家婦人が中心となって自家製農産物や手工芸品を販売する。多品種少量の品揃え。
湯本温泉,11344851,39.339730692,140.77484025,日本, 〒029-5505 岩手県和賀郡西和賀町湯本３０地割１３２,万治元年(1659)発見の古い温泉,万治元年(1659)発見の古い温泉。合併前の町名「湯田」は田の中から湯の湧いている所という意味で，この温泉からきている。一年中泳げる屋内温泉プールなど。近くのスキー場で楽しめるほか，山菜や茸，和賀川でのヤマメ，イワナ釣りも楽しめる。
和賀川,96905645,39.355040942,140.765278674,日本, 〒029-5503 岩手県和賀郡西和賀町湯田１９地割２２,すべての基本情報を見る
,すべての基本情報を見る
砂ゆっこ,238669747,39.316800175,140.788455389,日本, 〒029-5500 岩手県和賀郡西和賀町川尻 子規ライン,約90度の熱い湯がたっぷり湧く槻沢温泉,約90度の熱い湯がたっぷり湧く槻沢温泉。この熱い湯と湯田町特産の湯田けい砂の砂風呂が楽しめる。砂の上に浴衣を着て寝ころぶと係の人が温かい砂をたっぷりかけてくれる。15分程で体中から汗が出て体内の毒素も抜けるよう。砂風呂の後は泉質抜群のお湯でサッパリ。入浴のみは２００円（中学以下１００円）。
御所湖広域公園ファミリーランド,2907991,39.664107191,140.964790077,日本, 〒020-0572 岩手県岩手郡雫石町西安庭第３２地割１１３,ファミリーランドは、「水辺を舞台に、緑の中で心と体をのびのび伸ばし、家族や仲間と大いに楽しめる公園」です,ファミリーランドは、「水辺を舞台に、緑の中で心と体をのびのび伸ばし、家族や仲間と大いに楽しめる公園」です。　 園内には噴水があり、ジャブジャブ遊べる池や、せせらぎなどのほか大芝生広場やお花見広場、レクリェーション広場があり、子供からご年配の方まで家族そろって楽しむことができます。
岩手県立美術館,84622,39.693157814,141.12453604,日本, 〒020-0866 岩手県盛岡市本宮松幅１２,萬鐵五郎、松本竣介、舟越保武を柱とした郷土作家の作品を中心に収集展示し、また国内外の様々なテーマによる企画展を開催している,萬鐵五郎、松本竣介、舟越保武を柱とした郷土作家の作品を中心に収集展示し、また国内外の様々なテーマによる企画展を開催している。同時に講演会やワークショップ、コンサートといった美術に親しむための様々なイベントを開催している。企画展の観覧券で常設展も見学可能。
盛岡市アイスアリーナ,3425512,39.690917953,141.120476511,日本, 〒020-0866 岩手県盛岡市本宮５丁目４−１,すべての基本情報を見る
,すべての基本情報を見る
潮吹穴,83767557,39.676922397,141.981798951,日本, 〒027-0096 岩手県宮古市崎鍬ヶ崎第１６地割６７−７,崎山海岸にあり，白亜紀の岩層の空洞より海水が噴き上がる,崎山海岸にあり，白亜紀の岩層の空洞より海水が噴き上がる。昭和14年9月に国の天然記念物に指定されました。指定：昭和14年9月7日・国指定天然記念物。
北山崎,5079595,39.931373425,141.887886733,日本, 〒028-8407 岩手県下閉伊郡田野畑村 国道45号線,北部陸中海岸の白眉,北部陸中海岸の白眉。高さ２００ｍ前後の断崖絶壁が続く。通称海のアルプスと呼ばれ、（財）ＪＴＢの観光資源評価において、日本一の海岸美と評価されている。
黒崎,128185693,39.999762,141.932971,日本, 〒028-8351 岩手県下閉伊郡普代村第２地割 陸中海岸シーサイドライン,海岸線より垂直に１５０ｍの絶壁がそそり立ち、黒崎展望台からの景観は豪快である,海岸線より垂直に１５０ｍの絶壁がそそり立ち、黒崎展望台からの景観は豪快である。
ふだいのアンテナショップ,132067079,40.002736258,141.885761566,日本, 〒028-8332 岩手県下閉伊郡普代村第９地割銅屋５,すき昆布など海産物のほか、特産の昆布を使ったお菓子やうどんなどが揃っています,すき昆布など海産物のほか、特産の昆布を使ったお菓子やうどんなどが揃っています。
いわて子どもの森,14464115,40.221650782,141.290034067,日本, 〒028-5312 岩手県二戸郡一戸町一戸樋ノ口８,一戸町、奥中山の美しいブナ林に囲まれた「いわて子どもの森」は、子供達がさまざまな遊びを通じて感じる「おどろきと出会い」を育む体験型の児童館,一戸町、奥中山の美しいブナ林に囲まれた「いわて子どもの森」は、子供達がさまざまな遊びを通じて感じる「おどろきと出会い」を育む体験型の児童館。
新安比温泉,149957445,40.121059,141.0895,日本, 〒028-7515 岩手県八幡平市古屋敷８０,地下約９４５ｍから湧き出る温泉は毎分７０〜８０リットルで５３度,地下約９４５ｍから湧き出る温泉は毎分７０〜８０リットルで５３度。メタホウ酸鉄分などをふくむ食塩泉。
田代平高原,25992289,40.083587894,141.130800247,日本, 〒028-7515 岩手県八幡平市古屋敷９６,七時雨山のすそ野に広がる牧歌的情緒たっぷりの草原地帯,七時雨山のすそ野に広がる牧歌的情緒たっぷりの草原地帯。ツツジが群生し、山菜の宝庫。市営の牧野があり、秋には紅葉がすばらしい。
平泉文化遺産センター,8993701,38.993067913,141.111377118,日本, 〒029-4102 岩手県西磐井郡平泉町平泉花立４４,平泉から出土した遺跡物の数々を展示,平泉から出土した遺跡物の数々を展示。奥州藤原氏の歴史年表とともに当時の世界へ思いを馳せる場所
明治記念館,259746470,39.190102673,141.181008908,日本, 〒023-1117 岩手県奥州市江刺区南町４−３４,旧共立病院関係資料、教育関係資料、民族資料
,旧共立病院関係資料、教育関係資料、民族資料
薬師堂温泉,40857535,39.172459111,141.13943095,日本, 〒023-0003 岩手県奥州市水沢区佐倉河薬師堂２７,神経痛、冷え症、慢性皮膚病、慢性婦人病に効く,神経痛、冷え症、慢性皮膚病、慢性婦人病に効く。
御台場展望台,35872354,39.648960174,141.981397198,日本, 〒027-0001 岩手県宮古市日立浜町３２−４,浄土ヶ浜第1駐車場から徒歩約8分です,浄土ヶ浜第1駐車場から徒歩約8分です。眼下に浄土ヶ浜を見下ろせる絶景ポイントです。
浄土ヶ浜,220813,39.652191826,141.978568129,日本, 〒027-0001 岩手県宮古市日立浜町３２,陸中海岸を代表する景勝地,陸中海岸を代表する景勝地。白い流紋岩でできた美しい海岸。磯遊び、海水浴客で賑わう。日本の快水浴場百選の『海の部特選』に選定された。　浄土ヶ浜の地名は天保年間（1681〜1683）に宮古山常安寺七世の霊鏡和尚が「さながら極楽浄土のごとし」と感嘆したことから名づけられました。東日本大震災の被害による復旧工事のため、浄土ヶ浜区域内遊歩道が通行止めとなっております。
天照御祖神社,191846201,39.139483,141.57734,日本, 〒029-2311 岩手県気仙郡住田町世田米世田米駅６９,この神社は今でも同地区の鎮守であるが、その創立は不詳である,この神社は今でも同地区の鎮守であるが、その創立は不詳である。村の豪族地主の氏神が村の発展とともに鎮守に変化したものと考えられる。境内には古碑は少ないが、拝殿の前に文化１１年寄進された石灯籠２基がある。祭神は天照大神で、祭日は現在８月１７日である。
竹駒神社,56246515,39.047306612,141.60530448,日本, 〒029-2203 岩手県陸前高田市竹駒町童子８７,行基菩薩が玉山金山を発見したことから、伏見大社より金山守護神として勧請した後、藤原清衡が神社を奉斎した,行基菩薩が玉山金山を発見したことから、伏見大社より金山守護神として勧請した後、藤原清衡が神社を奉斎した。正月3ヶ日の初詣には多くの初詣客でにぎわう。神階は正一位稲荷大明神。
天神山公園,82308305,39.086484156,141.706427529,日本, 〒022-0003 岩手県大船渡市盛町町１−３,盛町の高台にあり，市内随一の桜の名所である,盛町の高台にあり，市内随一の桜の名所である。天神山公園付近には市指定の天然記念物である「紅ひがん桜」など貴重な桜があり、市民の憩いの場となっている。また、公園敷地内の広場には明治３３年７月に公園を訪れた石川啄木の歌碑が建っている。
幽玄洞,5808078,39.004046451,141.256200277,日本, 〒029-0302 岩手県一関市東山町長坂東本町１５９,化石の宝庫（ウミユリの本体の化石）・地底湖などがある鍾乳洞
,化石の宝庫（ウミユリの本体の化石）・地底湖などがある鍾乳洞
柳之御所資料館,205888424,38.992241605,141.120730291,日本, 〒029-4102 岩手県西磐井郡平泉町平泉伽羅楽１０８,柳之御所遺跡から出土した陶器、土器などの貴重な遺物を展示するとともに文化遺産をいかした平泉のまちづくりの紹介,柳之御所遺跡から出土した陶器、土器などの貴重な遺物を展示するとともに文化遺産をいかした平泉のまちづくりの紹介。
無量光院跡,4889289,38.992820571,141.11668119,日本, 〒029-4102 岩手県西磐井郡平泉町平泉 県道110号線,秀衡が、宇治平等院を模して創建したといわれ、平等院鳳凰堂より規模が大きかったと推定される,秀衡が、宇治平等院を模して創建したといわれ、平等院鳳凰堂より規模が大きかったと推定される。また，毛越寺・観自在王院と並ぶ臨池伽藍で、池跡・中島などの遺構が残っている。
とうほくニュージーランド村,14457892,39.035142932,141.087143972,日本, 〒029-4421 岩手県奥州市衣川区日向５９,衣川の豊かな自然にたたずむとうほくニュージーランド村,衣川の豊かな自然にたたずむとうほくニュージーランド村。美しいメルヘンの街並みや森、広大な牧場、大自然の中でとっておきの休日を満喫できる。
牛の博物館,4499654,39.026811524,141.123371289,日本, 〒023-0000 岩手県奥州市前沢区南陣場１０３,牛に関する資料を国内外より集め展示,牛に関する資料を国内外より集め展示。　「牛と人との共存を探り、生命・自然・人間を知る」をテーマとする世界唯一のウシ専門博物館。
真湯野営場,96652078,39.004294723,140.849983692,日本, 〒021-0101 岩手県一関市厳美町 国道342号線,ブナ原生林に囲まれた野営場,ブナ原生林に囲まれた野営場。
プラザおでって,3051534,39.700137914,141.154663033,日本, 〒020-0871 岩手県盛岡市中ノ橋通１丁目１−１０,市内の観光情報の閲覧ができる観光文化情報プラザと、イベントを行うおでってホールやギャラリーを中心とした６階建ての施設,市内の観光情報の閲覧ができる観光文化情報プラザと、イベントを行うおでってホールやギャラリーを中心とした６階建ての施設。６階には「盛岡てがみ館」があり、盛岡に縁のある著名人の書簡等を展示。１階には「産直夢街道」があり、岩手県や隣の秋田県の太平洋から日本海まで国道１０６沿いの特産物が並ぶ。
高松の池,397599,39.723613046,141.1435839,日本, 〒020-0114 岩手県盛岡市高松１丁目２３−６,上田堤が造られたのは、南部２６代藩主信直公が三戸より盛岡に移り、盛岡城築城を開始した慶長年間から寛永年間といわれています,上田堤が造られたのは、南部２６代藩主信直公が三戸より盛岡に移り、盛岡城築城を開始した慶長年間から寛永年間といわれています。当時、上田方面は湿地帯で、池方面からの浸水が町づくりの大きな障害となったため、治水を目的として、上田に三段の堤防が築かれました。この上堤、中堤、下堤のうち、最も大きかった中堤が、現在の高松の池となって残っています。上田堤付近は南部公の鷹狩りの場であり、また、松林の美しさが有名であったことにちなんで「高松の池」と名付けられたと伝えられています。　明治22年市制施行と共に公園化が進められ、サクラ以外にもボタン園・アヤメ園・バラ園等を整備し、風致公園として市民に親しまれています。平成元年に「日本さくらの名所100選」に選ばれました。
高松公園,6070899,39.721422,141.145397,日本, 〒020-0114 岩手県盛岡市高松１丁目３−４１,上田堤が造られたのは、南部２６代藩主信直公が三戸より盛岡に移り、盛岡城築城を開始した慶長年間から寛永年間といわれています,上田堤が造られたのは、南部２６代藩主信直公が三戸より盛岡に移り、盛岡城築城を開始した慶長年間から寛永年間といわれています。当時、上田方面は湿地帯で、池方面からの浸水が町づくりの大きな障害となったため、治水を目的として、上田に三段の堤防が築かれました。この上堤、中堤、下堤のうち、最も大きかった中堤が、現在の高松の池となって残っています。上田堤付近は南部公の鷹狩りの場であり、また、松林の美しさが有名であったことにちなんで「高松の池」と名付けられたと伝えられています。 　明治22年市制施行と共に公園化が進められ、サクラ以外にもボタン園・アヤメ園・バラ園等を整備し、風致公園として市民に親しまれています。　平成元年に「日本さくらの名所100選」に選ばれました。
高松芝水園,101565647,39.724653163,141.147532375,日本, 〒020-0102 岩手県盛岡市上田堤頭７０,盛岡市の高松の池となりにある釣堀で、夏季には子供対象にザリガニ釣りもできる,盛岡市の高松の池となりにある釣堀で、夏季には子供対象にザリガニ釣りもできる。管理人の指導もあり。休日には多くの家族連れでにぎわう。
グリーンピア三陸みやこ,9828578,39.792066629,141.971769127,日本, 〒027-0000 岩手県宮古市田老向新田１４８,ホテル（３００人収容），多目的グランド，テニスコート，室内外ゲートボール場，プール，体育館，トリムコース等
,ホテル（３００人収容），多目的グランド，テニスコート，室内外ゲートボール場，プール，体育館，トリムコース等
水沢公園,2107585,39.135895138,141.139573941,日本, 〒023-0857 岩手県奥州市水沢区中上野町１−９,桜の名所,桜の名所。特に樹齢350年前後のヒガン系桜の古木群は岩手県天然記念物に指定されている。また、園内には、高野長英記念館や後藤新平・斎藤實の銅像をはじめ、芭蕉句碑、子規句碑、太宰翁碑等があり、散策の人たちを引きつけている。
みちのく古都カントリークラブ,152218971,39.009863864,141.013383865,日本, 〒029-4475 岩手県奥州市衣川区中山８７,すべての基本情報を見る
,すべての基本情報を見る
遠野ふるさと村,14579694,39.395941396,141.540443033,日本, 〒028-0661 岩手県遠野市附馬牛町上附馬牛５地割８９,懐かしい農村を再現した場所,懐かしい農村を再現した場所。のどかな風景の中でさまざまな“農村体験”ができます。
小袖海女センター,28224226,40.131427462,141.807283234,日本, 〒028-8111 岩手県久慈市宇部町第１６地割２,北限の海女の拠点施設,北限の海女の拠点施設。奇岩と怪石が連なる美しい小袖海岸の先にある海女センター。この海女センターそばの海岸では、磯のウニを素潜りで採る海女の実演も見学することができます。
道の駅　のだ,2992418,40.11589991,141.818648439,日本, 〒028-8201 岩手県九戸郡野田村野田第３１地割 国道45号線,三陸鉄道・北リアス線の『陸中野田駅』と、観光物産館がドッキングした道の駅です,三陸鉄道・北リアス線の『陸中野田駅』と、観光物産館がドッキングした道の駅です。
同心屋敷,2404920,39.375295775,141.123054028,日本, 〒025-0084 岩手県花巻市桜町４丁目８３,花巻同心組３０人が居住した所,花巻同心組３０人が居住した所。下級武士の生活を伝える。１９８０年２棟を移転・改修した。
宮沢賢治詩碑,274611,39.374814752,141.12680912,日本, 〒025-0084 岩手県花巻市桜町４丁目１０３,盛岡で中学・高等農林時代の青春期を過ごした詩人童話作家,盛岡で中学・高等農林時代の青春期を過ごした詩人童話作家。賢治の死の一カ月前にあたる８月２２日の日付のある文語詩百編の中の一つ。※「かなた」と老いしタピングは　杖をはるかにゆびさせど 東はるかに散乱の　さびしき銀は声もなし なみなす丘はぼうぼうと　青きりんごの色に暮れ 大学生のタピングは　口笛軽く吹きにけり 老いたるミセスタッピング　「去年（こぞ）なが姉はこゝにして 中学生の一組に　花のことばを教へしか」 弧光燈（アークライト）にめくるめき　羽虫の群のあつまりつ 川と銀行木のみどり　まちはしづかにたそがるゝ
碁石海岸レストハウス,6229874,38.990331928,141.742332234,日本, 〒022-0001 岩手県大船渡市末崎町大浜２２１−６８,三陸海岸　岩手県大船渡市末崎町ある碁石海岸レストハウス店内でいかせんべいの製造・販売をしています,三陸海岸　岩手県大船渡市末崎町ある碁石海岸レストハウス店内でいかせんべいの製造・販売をしています。また、三陸の磯の香りたっぷりの海産物や水産加工品、大船渡市内の銘菓や工芸品を数多く取り揃えて販売しています。人気商品には、いかせんべい・いかすみいかせんべい・がごめ昆布茶などがあり、観光やドライブの思い出に新しい1ページを添えることが出来ます。２階には約100席もある食堂があり、大船渡の海の幸（アワビ、ホタテ）をふんだんに使った海鮮丼、海鮮ラーメンなど、大船渡を代表する水産物であるサンマを使用した「さんまらーめん」も提供しています。
世界の椿館・碁石,5546467,38.990719922,141.741695099,日本, 〒022-0001 岩手県大船渡市末崎町大浜２８０,気候が温暖なため「つばきの里」とよばれる大船渡市は、太平洋沿岸のヤブツバキの実取りの北限の町です,気候が温暖なため「つばきの里」とよばれる大船渡市は、太平洋沿岸のヤブツバキの実取りの北限の町です。つばきは大船渡市の花に指定されており、まちのシンボルとなっており、市内の至る所でヤブツバキが紅色の花を咲かせます。また、椿を展示する屋内施設としては、国内最大規模の「世界の椿館・碁石」では、日本の椿だけでなく、世界13カ国600種700本の椿を一堂に堪能することができます。特にもつばきが見頃を迎える1月中旬から３月にかけては、世界の色とりどりの花々がいっせいに咲き誇り、華麗なつばきの競演を存分に観賞することができます。また、、地域で生産された四季折々の植栽展示のほか、椿の苗木、椿グッズ、椿油、鉢植えなどが販売等も行われており、来場者からは大変好評です。つばきが見頃を迎える1月下旬から3月下旬までの間「世界の椿館・碁石つばきまつり」を開催しています。
大船渡の三面椿,98873618,38.993050587,141.727933573,日本, 〒022-0001 岩手県大船渡市末崎町中森１１,"熊野神社境内にある日本最大のヤブツバキ,"熊野神社境内にある日本最大のヤブツバキ。樹齢1
岩鋳鉄器館,28220633,39.67122585,141.154473048,日本, 〒020-0863 岩手県盛岡市南仙北２丁目２３−１０,明治３５年創業,明治３５年創業。南部鉄器の製造工程について説明を受けながら見学ができる（要予約）。南部鉄器の展示ギャラリーを始め、実際の作業工程を見学できるテーマパーク型工場。
深沢紅子野の花美術館,21508943,39.703199907,141.155975461,日本, 〒020-0885 岩手県盛岡市紺屋町４−８,「明るい人柄と、真の強さに裏打ちされた優しさがあふれている」と訪れた人々を魅了する盛岡出身の画家・深沢紅子の作品を展示した美術館です,「明るい人柄と、真の強さに裏打ちされた優しさがあふれている」と訪れた人々を魅了する盛岡出身の画家・深沢紅子の作品を展示した美術館です。平成８年に開館し、水彩作品４０点・油彩６〜７点を常時展示しています。花との出会いを一期一会とした紅子らしい企画展も行われます。
菊の司酒造,16880484,39.703678659,141.156603098,日本, 〒020-0885 岩手県盛岡市紺屋町４−２０,お酒の製造工程について見学ができます,お酒の製造工程について見学ができます。
五百羅漢,128114871,39.712063985,141.156044113,日本, 〒020-0016 岩手県盛岡市名須川町３１−５,愛宕神社背後の谷あいに、羅漢像を線彫りした自然石が無数に並んでいる,愛宕神社背後の谷あいに、羅漢像を線彫りした自然石が無数に並んでいる。相次ぐ凶作で餓死した人々の霊を供養するため，南部家の菩提寺大慈寺19代義山和尚が刻んだものと伝えられる。
報恩寺,2349580,39.711934335,141.156093197,日本, 〒020-0016 岩手県盛岡市名須川町３１−５,報恩寺（ほうおんじ）は広大な座禅堂と五百羅漢（ごひゃくらかん）で藩政時代から有名,報恩寺（ほうおんじ）は広大な座禅堂と五百羅漢（ごひゃくらかん）で藩政時代から有名。 石川啄木がまだ盛岡中学の学生だったころ、この北山一帯の風光をこよなく愛し、級友とよく散策したといわれる。（詩集「あこがれ」の中の「落瓦の賦」は報恩寺をうたった。）また、 宮沢賢治は 盛岡高等農林学校時代に報恩寺で参禅している。五百羅漢は報恩寺の羅漢堂に納められた尊像で、499体が現存。胎内の墨書銘から、1731年（享保16）、報恩寺代17世和尚が、大願主として造立、4年後に完成した。尊像は京都で9人の仏師によって製作され、盛岡に運んだ輸送用の箱は台座として再利用された。五百羅漢の五百という数字は、多数という意味で、それぞれの尊者に名はなく、服装からは印度・西域・支那の僧の風貌・容姿が連想され、マルコ・ポーロやフビライ・ハンの像もある。五百羅漢の現存は全国で50例ほど確認されているが、木彫りで499体が現存し、造立年代、尊像の製作者まで明確に知り得るのは、全国的にもまれな例といえる。昭和4１年に盛岡市の文化財に指定された。
龍谷寺,2484270,39.710640828,141.154634356,日本, 〒020-0016 岩手県盛岡市名須川町７−２,龍谷寺（りゅうこくじ）は明治４年から明治28年まで 石川啄木の母方の伯父、 葛原対月（かつらはらたいげつ）が住職だったお寺,龍谷寺（りゅうこくじ）は明治４年から明治28年まで 石川啄木の母方の伯父、 葛原対月（かつらはらたいげつ）が住職だったお寺。 対月の弟子であった啄木の父、 一禎（いってい）と対月の妹であった啄木の母カツが結ばれたのもこの寺だった。 対月は早くから和漢の書を修め、 易学、茶道に通じていたが、特に和歌に関しては一禎に大きな影響を与えた。 少年時代の啄木はしばしばこの寺を訪れ、 伯父の対月から詩歌の手ほどきを受けたといわれている。 境内には、国の天然記念物「モリオカシダレ」もあり、 春になると市民の目を楽しませてくれる。
光台寺,14542850,39.710626385,141.153629869,日本, 〒020-0016 岩手県盛岡市名須川町８−４,市指定文化財の盛岡城下絵屏風が所蔵されてる,市指定文化財の盛岡城下絵屏風が所蔵されてる。また、むかで姫の墓もある。（その伝説は以下のとおりです。）※昔、於武（おたけ）の方は、先祖がむかで退治に使った矢の根を持って、 南部家27代利直公に嫁いできました。 於武の方が亡くなったとき、遺体の下の変色した形が、むかでのはいまわる姿に似ていたことから、 「於武の方が持ってきた、むかでを退治した矢の根石の怨念にちがいない」と人々は驚き恐れました。この奇怪な出来事に利直公は、むかでは水を嫌うことから、堀をめぐらした土手の上に、 石垣でかこまれた墓の建立を命じました。ところが、堀にかこまれた墓地に見事な橋が架けられ、 殿様の渡り初めを待つ夜に、不思議なことに一夜のうちにその橋が壊され、大騒ぎとなりました。 その後、何度橋を架けても、むかでが出て壊してしまいました。 於武の方の墓には、大小のむかでが無数に出て、於武の方の髪の毛が片目の蛇となって石垣の間からはいまわり、 墓守は石の間に鉛を流し込んで防いだともいわれています。人々は、これらの出来事は矢の根石にまつわるむかでの怨霊のせいだと噂し、いつしか於武の方をむかで姫、 墓地を「むかで姫の墓」と呼ぶようになりました。
東顕寺,37359117,39.708352945,141.154053161,日本, 〒020-0016 岩手県盛岡市名須川町２−１,盛岡市に現在ある寺院の中では、最も歴史が古いと伝えられている,盛岡市に現在ある寺院の中では、最も歴史が古いと伝えられている。本尊は釈迦牟尼仏で、三尊仏は京都大仏師・駒野丹下定正の作で、唐様の三尊仏は珍しい。　裏側に三ツ石神社という、三個の巨大な花崗岩の岩が立ち並ぶ神社があり、その三ツ石に「岩手」の名のおこりの鬼の手形がある。また、文化講座の開催や釈迦降誕会法要、舟っこ流し行事もあり24時間のテレフォン法話も行っている。
サトウハチロー記念館,135623496,39.2729663,141.12818954,日本, 〒024-0043 岩手県北上市立花 県道14号線,サトウハチローは、1903年、東京生まれ,サトウハチローは、1903年、東京生まれ。童話集『叱られ坊主』で文部大臣賞を受賞しました。父は弘前、母は仙台の出身で「ボクの血の中には東北のものが流れているから、田舎の詩を書くのに何の苦労もしない」と言っていました。童謡「うれしいひなまつり」や「かわいいかくれんぼ」、流行歌「リンゴの歌」などの作詞のほか、生涯の作品は約２万編にものぼると言われます。著書やレコード・遺品を通して、作品世界に溢れ出る温かな人柄と、奔放な生き方に迫ります。
北上市憩いの森,34209448,39.26287753,141.126343107,日本, 〒024-0041 岩手県北上市稲瀬町岩脇２４,展勝地生活環境保全林内にありキャンプ場のほか、木工体験館、アスレチック遊具、遊歩道などが施設内にある,展勝地生活環境保全林内にありキャンプ場のほか、木工体験館、アスレチック遊具、遊歩道などが施設内にある。　付近には展勝地公園・博物館・みちのく民俗村・サトウハチロー記念館などがある。
花巻城址,10334028,39.391646166,141.118959234,日本, 〒025-0075 岩手県花巻市花城町５−１３,南部藩の家老北松斎の居城,南部藩の家老北松斎の居城。円城寺門と西御門・時鐘が面影を伝える。
鳥谷崎神社,56228162,39.389246057,141.122192753,日本, 〒025-0076 岩手県花巻市城内４−１,勧請・創立は不詳であるが、正和2年（１３１３年）に再建,勧請・創立は不詳であるが、正和2年（１３１３年）に再建。祭日は毎年９月１７〜１９日。
オドデ館,15831173,40.248602566,141.4163269,日本, 〒028-6506 岩手県九戸郡九戸村山屋第２地割２８,木工芸品・地場産品等，販売施設,木工芸品・地場産品等，販売施設。（道の駅・河川公園併設）
ミレットパーク,3884416,40.285205836,141.382477283,日本, 〒028-6222 岩手県九戸郡軽米町山内第３３地割５３,ミレットパークのセンターハウス「ミレットプラザ」にはソバ料理がメインの食堂や特産品販売所がある,ミレットパークのセンターハウス「ミレットプラザ」にはソバ料理がメインの食堂や特産品販売所がある。売店10:00〜15:00(休:月)、食堂(土・日・祝のみ11:00〜15:00)
御所野縄文公園,96486562,40.515937284,141.528766556,日本, 〒031-0812 青森県八戸市湊町鮫ノ口１１−７,"縄文中期4,"縄文中期4
折爪岳,45740098,40.266337916,141.373669984,日本, 〒028-6101 岩手県二戸市福岡織詰２６,7月上旬〜中旬に開催されるヒメボタル観賞会(要予約※１）では、100万匹ともいわれる東北最大級のヒメボタルが観賞でき、瞬く乱舞は自然のイルミネーションのようで幻想的です,7月上旬〜中旬に開催されるヒメボタル観賞会(要予約※１）では、100万匹ともいわれる東北最大級のヒメボタルが観賞でき、瞬く乱舞は自然のイルミネーションのようで幻想的です。　　「山居湧水（さんきょゆうすい）」といわれる、大変珍しい山頂付近からの湧き水やブナの原生林が残り、多様な動植物の宝庫です。　　ビジターセンター（Tel0195-23-7599）や食堂、キャンプ場、オートキャンプ場、登山コースなど整備されております。
珊瑚橋,27200415,39.283523178,141.131431656,日本, 〒024-0043 岩手県北上市立花１０地割１７３,北上市内から展勝地に向かう途中、北上川に架かる橋が珊瑚橋（橋長253.8）です,北上市内から展勝地に向かう途中、北上川に架かる橋が珊瑚橋（橋長253.8）です。この橋は明治41年、立花村（当時）の高舘徳次郎が私財を投じて造りあげたもので、有料で通行することができました。　当初は木製だった為、完成の翌年に洪水で流失するなど、たびたび流失、架け替えを繰り返し、昭和８年に現在のようなゲルバー橋に架け替えられました。　東京の両国橋や大阪の天満橋と同じ構造であり、夜間照明もあることから、当時は県１・２の名橋と言われました。ここからは、春には見事な桜並木、冬には飛来した白鳥を眺めることができます。
立花毘沙門堂,11333568,39.278640216,141.137089944,日本, 〒024-0043 岩手県北上市立花１６地割１０５,国見山極楽寺文化を物語る平安時代の仏教彫刻、木造毘沙門天立像と木造二天王立像（いずれも国指定重要文化財）を安置しています,国見山極楽寺文化を物語る平安時代の仏教彫刻、木造毘沙門天立像と木造二天王立像（いずれも国指定重要文化財）を安置しています。特に二天王は古像の遺品に乏しい東北地方におけるこの期の造像として注目されています。見学は事前に連絡が必要です。
釜石大観音,1313777,39.25662318,141.900939958,日本, 〒026-0002 岩手県釜石市大平町３丁目９−１,高さ48.5mの鉄筋コンクリート造りの観音像で、その腕に魚を抱いている,高さ48.5mの鉄筋コンクリート造りの観音像で、その腕に魚を抱いている。内部は13階に分かれ、本尊の魚籃観音や三十三観音、七福神胎内めぐりなどがあり、12階は展望台になっている。
南昌荘,4564572,39.695530689,141.148546345,日本, 〒020-0875 岩手県盛岡市清水町１３−４６,盛岡出身の実業家瀬川安五郎が明治18年に邸宅として建て、築庭も数年かけ完成した盛岡市指定の保護庭園である,盛岡出身の実業家瀬川安五郎が明治18年に邸宅として建て、築庭も数年かけ完成した盛岡市指定の保護庭園である。明治・大正・昭和・平成と、ほぼ118年の間に所有者が次々変わる中で、ときどきの社会変化を反映し今日の姿に継承されている。
北上川,7055112,39.693004996,141.148728132,日本, 〒020-0874 岩手県盛岡市南大通３丁目４−４９,岩手県のシンボルともいえる詩情豊かな東北第一の河川,岩手県のシンボルともいえる詩情豊かな東北第一の河川。御堂観音の境内に源を発し，啄木等を育んだ。
ラ・フランス温泉館,353665,39.573839508,141.083041647,日本, 〒028-3444 岩手県紫波郡紫波町小屋敷新在家９０,肌にやさしいアルカリ性の泉質で「美人の湯」と呼ばれる名湯と13種類ものお風呂が自慢,肌にやさしいアルカリ性の泉質で「美人の湯」と呼ばれる名湯と13種類ものお風呂が自慢。室内温泉プール、ウォータースライダーなども楽しめます。
不動温泉百万石,220476699,39.598645162,141.090545654,日本, 〒028-3627 岩手県紫波郡矢巾町和味第２地割１０６−５,肌がツルツル、発汗作用のある源泉かけ流しの温泉です,肌がツルツル、発汗作用のある源泉かけ流しの温泉です。土、日、祝日は朝６時からの営業をしているので、早起きをして朝風呂がおすすめです。　木立と池のほとりの景色で、すがすがしい気分になります。
御所湖広域公園,5208171,39.673238265,141.003341675,日本, 〒020-0571 岩手県岩手郡雫石町繋第４地割４２,乗り物広場・ファミリーランドなど家族やグループで思いっきり楽しめる充実した遊び場,乗り物広場・ファミリーランドなど家族やグループで思いっきり楽しめる充実した遊び場。
材木町よ市,286682,39.706908299,141.137276315,日本, 〒020-0063 岩手県盛岡市材木町７−３６,材木町で開かれる「よ市」は、毎週土曜日の夕方から始まり、 全長４３０メートルの通りが歩行者天国になります,材木町で開かれる「よ市」は、毎週土曜日の夕方から始まり、 全長４３０メートルの通りが歩行者天国になります。４０年前から続いている市で、 いーはとーぶアベニューは一層にぎやかさを増します。 野菜や果物、生花に山菜など旬のものがずらりと並び、出会いとふれあいを発見できます。
黒崎仙峡温泉,7451333,38.952272356,141.723271191,日本, 〒029-2208 岩手県陸前高田市広田町黒崎９,目の前に太平洋の雄大な景色を望む温泉,目の前に太平洋の雄大な景色を望む温泉。浴室から展望するリアス式海岸の壮大な眺めが最高。
九戸城跡,4352397,40.267167655,141.303095264,日本, 〒028-6101 岩手県二戸市福岡城ノ内１３５,奥州藤原氏時代には城が置かれたというが不詳,奥州藤原氏時代には城が置かれたというが不詳。三戸城（青森県三戸郡三戸町）を本拠とする南部氏の一族に九戸氏があり、永禄１２年（１５６９）政実のとき、鹿角地方奪還の戦功によって二戸郡を領し、九戸村伊保内から移って入城したとされる。天正１９年（１５９１）政実は南部氏に背いて挙兵、豊臣秀吉の発した大軍に攻められて滅びる。九戸城はその後，南部信直が福岡城と改称して三戸城から移る。信直没後、嫡男利直が入城するが，盛岡城が完成して利直が移ったため，廃城となった。現在は三方を深い谷に面した地形に面影をとどめているのみである。◎九戸政実（１５３６-１５９１）南部氏の一族。戦国末期，宗家の信直と争い，豊臣秀吉の兵五万に居城九戸城を攻められ降伏、斬首された。
ミル・みるハウス,31435723,40.322459796,141.381731607,日本, 〒028-6221 岩手県九戸郡軽米町晴山第２２地割３８１,町内外の特産品を集めており、農産物等も定評がある,町内外の特産品を集めており、農産物等も定評がある。レストラン(11:00〜15:00)も併設し、郷土食や旬の味覚が味わえる。定休日:毎週木曜
愛宕神社,92631938,40.111736088,141.817660566,日本, 〒028-8201 岩手県九戸郡野田村野田第２６地割１０−２,愛宕山自然公園の絶壁の頂上にある,愛宕山自然公園の絶壁の頂上にある。
ニュー軽米カントリークラブ,397144529,40.288038,141.488957,日本, 〒028-6413 岩手県九戸郡軽米町円子第２地割４−１,"みちのく最高峰のクォリティーを誇るコース・施設・おもてなしの心でお出迎えいたします,"みちのく最高峰のクォリティーを誇るコース・施設・おもてなしの心でお出迎えいたします。四季折々の姿を魅せる各ホールは、きっとゴルファーの皆様の心を癒してくれることでしょう。時に桜コースは、全ホール合わせて2
宮古市北上山地民俗資料館,31192856,39.600141449,141.679859161,日本, 〒028-2302 岩手県宮古市川井第２地割１８７,"国指定重要有形民俗文化財山村生産用具コレクション1,"国指定重要有形民俗文化財山村生産用具コレクション1
黒崎展望台,81361404,38.951709747,141.727340698,日本, 〒029-2208 岩手県陸前高田市広田町黒崎１６９,問合せ先：（０１９４）３５-２１１５
,問合せ先：（０１９４）３５-２１１５
安家洞,128148148,39.984781652,141.757843363,日本, 〒027-0611 岩手県下閉伊郡岩泉町安家年々２８４,総延長が23kmに達する日本最長の鍾乳洞,総延長が23kmに達する日本最長の鍾乳洞。いまだ全貌がわかっていない。　平成７年に日本最大規模の滝状鍾乳石（高さ35m）が発見された。
山田湾,7991342,39.464824318,141.96395874,日本, 〒028-1342 岩手県下閉伊郡山田町川向町１−１０,重茂半島と船越半島に囲まれた鏡のように静かな海,重茂半島と船越半島に囲まれた鏡のように静かな海。オランダ島、小島などが点在し、海の十和田湖と呼ばれる。
夫婦石,509936925,38.921379039,141.338982582,日本, 〒029-0803 岩手県一関市千厩町千厩 国道456号線,東洋一の奇岩,東洋一の奇岩。天王山公園入口にある周囲１０ｍ，高さ５ｍ余りの天然御影石の巨岩。隣接する岩と合わせて夫婦和合の神とされる。
湯川温泉,165008871,39.278613368,140.772232525,日本, 〒029-5514 岩手県和賀郡西和賀町湯川 県道215号線,永承元年（１０４６）発見,永承元年（１０４６）発見。奥羽山脈の真ん中，小鬼が瀬川の流れをはさんで旅館が建ち並ぶ典型的な湯治場。下流の出途ノ湯とその上の中ノ湯，奥ノ湯からなり，いずれも湯量が豊富で泉質もそれぞれ異なる。昔から岩手，秋田両県の農民の湯治場として知られ，自炊兼用の旅館もある。神経痛，リウマチ療養の長期滞在者が多い。
成島三熊野神社,90373279,39.365434146,141.197651625,日本, 〒028-0116 岩手県花巻市東和町北成島５区５６,奥の風土記に延暦中坂上田村麻呂が安置奉ると伝える,奥の風土記に延暦中坂上田村麻呂が安置奉ると伝える。9月19日例祭には、珍しい泣き相撲が行われる。敷地内に毘沙門堂、兜跋毘沙門天立像がある。
徳丹城跡,23195568,39.607440555,141.172041893,日本, 〒028-3603 岩手県紫波郡矢巾町西徳田第３地割 奥州街道(陸羽街道),律令国家の東北経営の前進拠点となっていた志波城がたびたび水害にあったため，征夷将軍文室綿麻呂が弘仁３年（812）ごろ築いた，辺境防備と開発の城柵，官衙である,律令国家の東北経営の前進拠点となっていた志波城がたびたび水害にあったため，征夷将軍文室綿麻呂が弘仁３年（812）ごろ築いた，辺境防備と開発の城柵，官衙である。廃城年代は、発掘調査成果から、９世紀中頃とみられる。発掘された遺物は，史跡西側の歴史民俗資料館に展示されている。
幣懸の滝,252035,39.617847825,141.081208365,日本, 〒028-3623 岩手県紫波郡矢巾町煙山第２地割９６,南昌山大滝の下流にあり，２段に見えて特徴のある美観である,南昌山大滝の下流にあり，２段に見えて特徴のある美観である。昔マタキが山へ入るときに山神に幣(ぬさ)を奉納して安全を祈ったところといわれている。※平成２５年８月９日の大雨災害により現在復旧作業中。
石川啄木記念館,35929622,39.846154529,141.171014758,日本, 〒028-4132 岩手県盛岡市玉山区渋民渋民９,石川啄木資料展示,石川啄木資料展示。啄木の理想の家をイメージしたという建物は彼の生誕１００年を記念して建てられたものです。全国の啄木ファンと研究家から寄贈された作品や遺品約300点を展示しており、記念館横には代用教員時代の小学校校舎とそのとき住んだ斉藤家が復元されています。
宝徳寺,129625540,39.845315374,141.172066033,日本, 〒028-4132 岩手県盛岡市玉山区渋民渋民２,明治２０年春、啄木誕生の１年後、父石川一禎は、日戸村の常光寺から渋民村の宝徳寺へ栄進しました,明治２０年春、啄木誕生の１年後、父石川一禎は、日戸村の常光寺から渋民村の宝徳寺へ栄進しました。その時、石川家の子供は、姉のサダ、トラ、妹のミツの３人姉妹と一人息子の一（はじめ：啄木）の４人でした。明治３８年１月、父一禎は住職を罷免され、一家は渋民村を去りました。万年山宝徳寺は、万治元年１６５８年に開基され、村内一の檀家を擁しています。啄木は、この寺に幼少時代を送りました。寺はその後改築されました。かつて啄木が愛した部屋は、当時のまま保存しています。裏庭には白蘋の池がありますが、中学時代に用いた号白蘋はこれに由来しています。境内には、父一禎の墓や歌碑などがあります。
渋民公園,20548267,39.84770222,141.166440075,日本, 〒028-4132 岩手県盛岡市玉山区渋民鶴塚１１７,石川啄木の全国第1号歌碑が北上川畔に立つ,石川啄木の全国第1号歌碑が北上川畔に立つ。“やはらかに柳あをめる北上の岸邊目に見ゆ泣けとごとくに”と刻まれ，高さ3mぐらいの大きな石碑で1922年（大正11）年4月に建てられたもの。吊り橋の鶴飼橋がかかる北上川を見下ろし，背後には女性的な山容の姫神山を，相対して岩手山を望む。公園内の啄木の駅では，地元主婦による手作りケーキや啄木グッズ，産直野菜も販売している。
産直チャグチャグ,127745398,39.754213309,141.101627033,日本, 〒020-0632 岩手県滝沢市牧野林９９３−２,定番の野菜から西洋野菜まで,定番の野菜から西洋野菜まで。スイカ、リンゴ、穀類、きのこ、苗、お花など。
相の沢キャンプ場,28629492,39.807189609,141.013209542,日本, 〒020-0685 岩手県滝沢市鵜飼安達１１４−７,岩手山のふもと、鞍掛山の真下に広がる、駐車場水道施設の整った快適なキャンプ場,岩手山のふもと、鞍掛山の真下に広がる、駐車場水道施設の整った快適なキャンプ場。
道の駅にしね,2548600,39.879850777,141.098998659,日本, 〒028-7111 岩手県八幡平市大更第２地割１５４−３６,新鮮で美味しい市内の農産物・特産品を直売している
,新鮮で美味しい市内の農産物・特産品を直売している
平庭高原,17812125,40.095423436,141.51610465,日本, 〒028-8605 岩手県久慈市山形町来内 国道281号線,その数約30万本と言われる日本有数の白樺林とレンゲツツジの群生で知られる、標高約800mの高原,その数約30万本と言われる日本有数の白樺林とレンゲツツジの群生で知られる、標高約800mの高原。６月上旬のレンゲツツジと10月の紅葉が見どころ。新緑や初夏のトレッキングにも最適。
どんぐりコロコロ,4990825,39.749111986,141.016623974,日本, 〒020-0507 岩手県岩手郡雫石町丸谷地６８,小岩井農場のとなりにある県産の木工品の展示即売所,小岩井農場のとなりにある県産の木工品の展示即売所。県内一の木工品の品ぞろえをしている。
雫石神社,13733828,39.742559,140.933254,日本, 〒020-0584 岩手県岩手郡雫石町西根北妻５２,今から900年以上前の昔々、雫石神社の境内にある杉の巨木の根元からわき出す清水が岩に滴り落ちるたび「たん・たん」とよい音を発していました,今から900年以上前の昔々、雫石神社の境内にある杉の巨木の根元からわき出す清水が岩に滴り落ちるたび「たん・たん」とよい音を発していました。人々はこれを水神様と祀り、親しみをこめて「滴石たんたん」と呼んだことに始まると伝えられています。 水琴窟は今でも見ることができます。通称、滴石たんたんとも呼ばれています。
岩手山神社,8360819,39.787404748,140.984089996,日本, 〒020-0585 岩手県岩手郡雫石町長山極楽野１９２,坂上田村麻呂将軍が，岩手山にこもる赤頭の高丸を討伐のため，御陣小屋を設けられたところと伝えられており（南部叢書），通称お新山として参拝されている,坂上田村麻呂将軍が，岩手山にこもる赤頭の高丸を討伐のため，御陣小屋を設けられたところと伝えられており（南部叢書），通称お新山として参拝されている。例祭旧暦5月27日。
橋野高炉跡,179099762,39.343518,141.682494,日本, 〒026-0411 岩手県釜石市橋野町第２地割６,安政５年から翌６年にかけ大島高任の指導によって建設された、現存する日本最古の洋式高炉跡で，国の文化財に指定されている,安政５年から翌６年にかけ大島高任の指導によって建設された、現存する日本最古の洋式高炉跡で，国の文化財に指定されている。昭和５９年４月３日に、アメリカ金属協会から歴史的遺産と認められ、「ヒストリカル・ランドマーク賞」を受賞した。現在、世界遺産登録にむけ取組が進められている。
気仙大工左官伝承館,11792602,39.010765876,141.692514171,日本, 〒029-2207 岩手県陸前高田市小友町茗荷１−２３７,全国にその名を馳せた「気仙大工」の伝統技術の技と心を結集した明治初期の民家を再現,全国にその名を馳せた「気仙大工」の伝統技術の技と心を結集した明治初期の民家を再現。母屋の囲炉裏の炎がやさしく出迎えてくれる。母屋，展示館，資料庫。神戸から分灯された、東日本大震災のモニュメント「希望の灯り」が灯り続けている。
箱根山展望台,73163157,39.013659926,141.694907444,日本, 〒029-2207 岩手県陸前高田市小友町茗荷１−２３７,三陸海岸「広田半島」から太平洋を一望できる、かくれた観光スポット,三陸海岸「広田半島」から太平洋を一望できる、かくれた観光スポット。だれもが感動し、もう一度来たくなるおすすめのスポット!!
気仙川,56168094,39.008385007,141.621210792,日本, 〒029-2204 岩手県陸前高田市気仙町木場８,7/1のアユの解禁日には県内外から大勢の大公望がみられます,7/1のアユの解禁日には県内外から大勢の大公望がみられます。
遠野市立博物館,3229308,39.327733138,141.528904438,日本, 〒028-0515 岩手県遠野市東舘町３−９,遠野市物語の世界、遠野の自然とくらし、遠野の民俗等,遠野市物語の世界、遠野の自然とくらし、遠野の民俗等。シアターでは民話やマンガ家水木しげるが描く河童などのアニメが人気。
鍋倉城址,14358481,39.326077367,141.527305003,日本, 〒028-0515 岩手県遠野市東舘町３−６,平泉の藤原泰衡討伐に功をたてた阿曾沼広綱は、源頼朝より和賀郡遠野十三郷を与えられて関東から下向し、横田城（遠野市松崎町）を築いたといい、以後、４００年にわたり阿曾沼氏が治め、広郷が鍋倉山に居城を移した,平泉の藤原泰衡討伐に功をたてた阿曾沼広綱は、源頼朝より和賀郡遠野十三郷を与えられて関東から下向し、横田城（遠野市松崎町）を築いたといい、以後、４００年にわたり阿曾沼氏が治め、広郷が鍋倉山に居城を移した。次いで鍋倉城は遠野南部氏の居所となり、明治に至る。
南部神社,387579,39.3273519,141.52844578,日本, 〒028-0515 岩手県遠野市東舘町３−９,遠野南部氏４代から８代までの勤王５世を祀る,遠野南部氏４代から８代までの勤王５世を祀る。
久慈渓流,15385267,40.176945409,141.642227098,日本, 岩手県久慈市 国道281号線,川に面した山腹が断崖となって落ち込み、峡谷をなし、水石群が発達した川は、動静の変化のある渓流美をなしています,川に面した山腹が断崖となって落ち込み、峡谷をなし、水石群が発達した川は、動静の変化のある渓流美をなしています。なかでも高く大きく聳え立つ鏡岩、屏風岩の壮大な美しさは、圧巻です。また、アユなどの魚が豊富で、釣り人たちの穴場となっています。
久慈市観光案内所,142414519,40.190283154,141.770516417,日本, 〒028-0061 岩手県久慈市中央３丁目３８,観光案内、宿泊施設案内　等
,観光案内、宿泊施設案内　等
久慈琥珀博物館,66326282,40.169772403,141.724585385,日本, 〒028-0071 岩手県久慈市小久慈町第１９地割９,緑に満ちた静かな森の中にある博物館,緑に満ちた静かな森の中にある博物館。この久慈琥珀博物館では、失われた太古の世界を閉じ込めた美しい自然のタイムカプセル「琥珀」の不思議な魅力を体感することができます。久慈市は琥珀の産出量国内一ですが、博物館の敷地内では琥珀採掘体験場もあり、
岩場海水プール,97304577,40.270456055,141.815879345,日本, 〒028-7801 岩手県久慈市侍浜町向町第７地割１３３,天然の岩場を利用した海水プール,天然の岩場を利用した海水プール。すぐ隣にはキャンプ場もあり、絶景の海岸美の中、夏の醍醐味を満喫することができます。また隣接する宿泊施設「侍の湯きのこ屋」では、絶景を眺めながら海の幸を楽しむこともできます。
巽山公園,32275027,40.189299925,141.76723327,日本, 〒028-0056 岩手県久慈市中町１丁目２１,市民の憩いの場,市民の憩いの場。2011年春に複合遊具が完成し子供たちに大人気！桜の季節には夜間ライトアップされた美しい桜を楽しめます。
みちのく民俗村,12916382,39.269623089,141.127461886,日本, 岩手県北上市 県道14号線,北上川流域及び東北地方の古民家や歴史的建造物などを展示保存する野外博物館,北上川流域及び東北地方の古民家や歴史的建造物などを展示保存する野外博物館。旧菅野家住宅，仙台藩寺坂御番所，修験道場などのほか，南部曲り家などの民家や川舟小屋，唐臼小屋などがある。また民俗資料館や消防資料館などもある。
諏訪神社,127636186,39.008612018,141.614955708,日本, 〒029-2204 岩手県陸前高田市気仙町町裏１０,源義経ゆかりの神社,源義経ゆかりの神社。平泉の戦いから逃れた源義経一行は久慈までたどりつき、ここから北海道へ渡るためにみなとを見てまわり手だてを考えていると、そこへ追手の畠山重忠があらわれた。心の中では義経を敬っていた重忠はあたらないようにと祈りながら、義経に向かって矢を放つ。すると、その矢は松の木にあたり、義経は無事北へ落ちのびることができた。畠山重忠は矢が義経にあたらなかったことを感謝して、その矢をご神体として祠を建てた。それが諏訪神社の始まりであるとの言い伝えがある。
男山展望台,107200137,39.262879078,141.125086957,日本, 〒024-0041 岩手県北上市稲瀬町岩脇 県道14号線,頂上近くまで車で登れるので、手軽に北上平野の展望を楽しむことができます,頂上近くまで車で登れるので、手軽に北上平野の展望を楽しむことができます。頂上には「やすらぎの像」が立ち、奥羽山脈を背景にした北上盆地、そして眼下には北上川と和賀川が合流する大パノラマが一望できます。
胆沢城跡,201428332,39.179678279,141.135649681,日本, 〒023-0003 岩手県奥州市水沢区佐倉河渋田８,征夷大将軍坂上田村麻呂が延暦２１年（８０２）に築き、それまで多賀城に置かれていた鎮守府を移す,征夷大将軍坂上田村麻呂が延暦２１年（８０２）に築き、それまで多賀城に置かれていた鎮守府を移す。以来、陸奥における軍事的拠点となる。２００年後，前九年の役が起こったとき、源頼義が鎮守府将軍として入城している。◎坂上田村麻呂（７５８-８１１）平安朝初期の武将。わが国最初の征夷大将軍となり、蝦夷征討に武功を示す。
碁石海岸,5100866,39.011074971,141.704459881,日本, 〒022-0001 岩手県大船渡市末崎町上山１７６−８,大船渡市末崎半島の東南端約6ｋｍの海岸線で背後のアカマツやたくさんの草花が彩りを添えるなど、変化にとんだ岸景勝地である,大船渡市末崎半島の東南端約6ｋｍの海岸線で背後のアカマツやたくさんの草花が彩りを添えるなど、変化にとんだ岸景勝地である。「国の名勝・天然記念物」に指定されているほか、「日本の渚・百選」にも選ばれている。なかでも波の浸食により3つの大きな穴が開いた穴通磯は絶景スポットである。名前の由来は、碁石のような扁平な石（黒色の泥岩による円礫）で構成されている海岸があることによる。
大船渡市立博物館,62985758,38.98939838,141.74192067,日本, 〒022-0001 岩手県大船渡市末崎町大浜２２１−１１７,名勝碁石海岸の近くにある大船渡市立博物館は、三陸海岸一帯で発掘された土偶や古代の漁具などを展示しながら、大地の成り立ちや古くからの人々の暮らしの様子を伝えています,名勝碁石海岸の近くにある大船渡市立博物館は、三陸海岸一帯で発掘された土偶や古代の漁具などを展示しながら、大地の成り立ちや古くからの人々の暮らしの様子を伝えています。スケッチシートに館内の展示物などの絵を描いて提出すると、その絵は１週間館内に展示された後館長からの手紙と共にあなたのもとへ返送されますので、そのやり取りを通して帰った後も学びを深めることも出来ます。過去の津波に関する資料も展示されておりますので、震災学習の場としても活用できます。
おさかなセンター三陸,6142120,39.042125,141.722047,日本, 〒022-0002 岩手県大船渡市大船渡町砂子前１,店内に入ると、壁に所狭しと掲げられた華やかな大漁旗と大船渡のお祭り囃子、気仙甚句のBGMでお出迎えしてくれるおさかなセンター,店内に入ると、壁に所狭しと掲げられた華やかな大漁旗と大船渡のお祭り囃子、気仙甚句のBGMでお出迎えしてくれるおさかなセンター。大船渡で水揚げされた活きの良い取れたての魚介類と、新鮮さをそのままギュッと詰めた加工品や珍味、そして復興グッズも販売しているお土産選びには最適な施設です。もちろんお買い上げ頂いた商品は宅配便でお届け可能です。漁師のかき小屋やお食事処まんぼう亭もあります。
フレアイランド尾崎岬,41202657,39.023412917,141.739042909,日本, 〒022-0007 岩手県大船渡市赤崎町鳥沢１８８,南方には、世界三大漁場に面し、背後には豊かな緑と2500本の椿に囲まれた森林,南方には、世界三大漁場に面し、背後には豊かな緑と2500本の椿に囲まれた森林。対岸は国立公園碁石海岸の眺めが広がり、海と森が一度に満喫できるのが、ここフレアイランド尾崎岬です。簡単にバーベキューが楽しめるバーベキューハウスがあり、鍋やまな板もレンタルでき、３日前に予約すれば食材の注文も可能です。宿泊施設には木造ハンガローと和風コテージがあり、天体観測やバードウォッチングなどのアウトドアにも最適です。そして記の温かみを生かした遊具施設も充実しており、アウトドア初心者からお子様まで安心して利用できます。他にもさまざまな用途に合わせて楽しめる多目的ホール、ミーティングや研修に使えるコミュニティースペースも完備しています。
光原社,71708,39.705960574,141.137988731,日本, 〒020-0063 岩手県盛岡市材木町２−２０,木の香漂う明るいクラフトの店,木の香漂う明るいクラフトの店。すてきなデザインの小物類が多く，味のクラフトも人気。
永祥院,102175470,39.706794595,141.138755679,日本, 〒020-0063 岩手県盛岡市材木町４−１０,境内に、清水観世音をまつる観音堂や、酒買地蔵の伝説などで有名な酒買地蔵堂がある,境内に、清水観世音をまつる観音堂や、酒買地蔵の伝説などで有名な酒買地蔵堂がある。※酒買地蔵伝説※昔、材木町のある酒屋に毎晩酒を買いにくる物言わぬ小僧がおりました。ある晩のこと、 貸した小樽を返さぬことに腹を立てた番頭は、小僧の頭を木槌でなぐってしまいました。 けれども、帰って行く小僧の身を案じた酒屋の主人は、そっとあとをつけました。ところが永祥院（えいしょういん）のお堂の前まで来ると、小僧の姿が見あたりません。 不思議に思ってお堂の中をのぞいてみると、何と貸した小樽が山のようになっています。 ふとお地蔵さんを見上げると、その眉間に傷がついているではありませんか。 そのとき、酒屋の耳に「お客様には親切にしておあげなさい」と鈴のような声がきこえました。 「もったいないことをした、毎晩このお地蔵様が化身されてお酒を買いに来られたのだ」 と酒屋は心から悔やみました。その後、酒屋は親切第一に商売に励み、 縁日にはお地蔵様にお酒を供えて商売繁盛の守り本尊としておまつりをしました。 するとお店は大繁盛、健康と賢い子宝にも恵まれました。
岩手県営スケート場,44345071,39.740271918,141.112294712,日本, 〒020-0122 岩手県盛岡市みたけ５丁目９−１,すべての基本情報を見る
,すべての基本情報を見る
盛岡ハイランドカントリークラブ,14258251,39.674752002,141.074918179,日本, 〒020-0054 岩手県盛岡市猪去釈迦堂４４,すべての基本情報を見る
,すべての基本情報を見る
啄木新婚の家,166402,39.706155089,141.141589302,日本, 〒020-0021 岩手県盛岡市中央通３丁目１２−８,明治38年5月、処女詩集「あこがれ」を出版した石川啄木は、 東京で新婚生活をもつという生活設計を変更して、市内の新山小路（現在の中央通3丁目）に帰り、 年来の恋人堀合節子と結婚式を挙げました,明治38年5月、処女詩集「あこがれ」を出版した石川啄木は、 東京で新婚生活をもつという生活設計を変更して、市内の新山小路（現在の中央通3丁目）に帰り、 年来の恋人堀合節子と結婚式を挙げました。しかし、父母と妹が同居する新婚生活は窮迫し、そこでの生活はわずか3週間。 同7月に市内の加賀野磧町（現在の加賀野１丁目）に移り住みます。その時の様子は随筆「我が四畳半」に描かれています。 かやぶきの屋根など当時と変わったところもありますが、ほぼ当時のまま現存しています。 啄木の書や写真なども展示されています。
円光寺,1544409,39.691882226,141.154575348,日本, 〒020-0874 岩手県盛岡市南大通３丁目１２−２５,盛岡に生まれ、内閣総理大臣、海軍大臣をつとめた米内光政が眠っている,盛岡に生まれ、内閣総理大臣、海軍大臣をつとめた米内光政が眠っている。本堂は市指定保存建築物に指定されている。また、元禄５年（１６９２年）に植栽された、盛岡市指定天然記念樹の夫婦(めおと)桂樹がある。
志波城古代公園,39400392,39.683039369,141.105393648,日本, 〒020-0855 岩手県盛岡市上鹿妻五兵エ新田４８,平安時代初め（803年）に築城された志波城跡の外郭南門や築地塀を復元して公開しています,平安時代初め（803年）に築城された志波城跡の外郭南門や築地塀を復元して公開しています。歴史上中央政府が築いた日本最北の城は古代の志波城といわれています。盛岡が日本北限の築城の地に選ばれたのは、当時米作の北限が盛岡だと考えられていたからだと思われます。志波城跡の南辺に約1200年前に築城されたときの姿が復元され、中央に配した南門は間口15メートル、奥行き6メートル、高さ11.1メートルあり、平城宮跡朱雀門（奈良市）に次ぐ大規模な門です。その両側それぞれ126 メートルに土を層状に固めた築地塀をめぐらしており、塀の上には櫓（やぐら）を組んでいます。
志波城跡,3106092,39.68303977,141.105362177,日本, 〒020-0855 岩手県盛岡市上鹿妻五兵エ新田４８,陸奥国最北端の古代城柵,陸奥国最北端の古代城柵。志波城跡の南辺に約1200年前に築城された時の姿が復元され、中央に配した南門は門口15m、奥行6m、高さ11.1mあり、平城宮跡朱雀門に次ぐ大規模な門。その両側それぞれ126mに土を層状に固めた築地堀をめぐらしており、堀の上にはやぐらを組んでいる。
愛宕山記念公園,970441,39.713527961,141.161775945,日本, 〒020-0014 岩手県盛岡市愛宕下１４,市街地に隣接する愛宕山に、平成５年皇太子殿下の御成婚記念として整備,市街地に隣接する愛宕山に、平成５年皇太子殿下の御成婚記念として整備。市内を見渡す展望台は夜景スポットとしても有名で、そこを中心としたメイン広場には妃殿下雅子様ゆかりの「ハマナス」三輪が描かれている。また公園内の自然散策路沿いには、盛岡ゆかりの歌人、立原道造、武島繁太郎の歌碑が並ぶ。
大慈寺,6273221,39.693384923,141.157006958,日本, 〒020-0828 岩手県盛岡市大慈寺町４−７,"寛文１３年（１６７３）の創建,"寛文１３年（１６７３）の創建。明治１７年の大火で焼失したが、平民宰相・原敬の寄進建立で現在に至る。 大慈寺の境内には、大正１１年東京駅で一青年の凶刃に倒れた原敬が、その遺言により眠っている。　また、盛岡ならではの送り盆行事「舟っこ流し」発祥の寺院。　大慈寺では「普茶料理」と呼ばれる山草野菜を材料とした素朴な精進料理（中国風の素朴な味は見た目にたいへん美しく、先人から授かった医食同源の知恵を継承）を食することも可能だが、 その場合は事前予約（12名以上70名位まで、1人7
永泉寺,39425351,39.693292909,141.159335598,日本, 〒020-0828 岩手県盛岡市大慈寺町８−２２,左甚五郎の作と伝えられている木像七福神はじめ多くの文化財を有する,左甚五郎の作と伝えられている木像七福神はじめ多くの文化財を有する。※滝ノ上観音縁起：旧中野村に白滝という場所があり、最近まで幅2メートル、高さ数メートルの滝があった。昔ここに観音様が祀られていた。あるとき、付近に山火事が発生し危うく類焼しそうになった。観音様は自ら難を逃れて永泉寺に飛んでこられたと伝えられる。それ以来、当寺に祀られ、滝ノ上観音と崇められ盛岡三十三番札所の七番として信仰を集めている。
久昌寺,3452906,39.695600547,141.156777332,日本, 〒020-0874 岩手県盛岡市南大通１丁目１６−１６,寺のシンボルである山門は、総ケヤキ造り,寺のシンボルである山門は、総ケヤキ造り。昭和８年の落成で屋根を支える垂木が放射状に伸び見事な反りを描く「扇垂木造り」が特色。山門の周囲には獅子頭、昇り竜など数々の彫刻がはめ込まれ、１つひとつにいわれがあるという。なお、本堂前にあるシダレカツラは、盛岡市大ヶ生の瀧源寺にある天然記念物シダレカツラより分かれたものといわれている。
岩手大学ミュージアム,2785451,39.712726866,141.14051789,日本, 〒020-0102 岩手県盛岡市上田１丁目１９−１６,ミュージアム本館、農業教育資料館、獣医学科標本室、植物園、自然観察園があり、これまでの研究業績等をはじめ、宮沢賢治ゆかりの資料の見学もできる,ミュージアム本館、農業教育資料館、獣医学科標本室、植物園、自然観察園があり、これまでの研究業績等をはじめ、宮沢賢治ゆかりの資料の見学もできる。解説ボランティアの説明をうけながらの見学も可能。農業教育資料館は国の重要文化財の指定を受けている。※獣医学科標本室の開設ボランティアによる説明は要予約。
榊山稲荷神社,2656486,39.718852561,141.152027249,日本, 〒020-0061 岩手県盛岡市北山２丁目１２−１２,盛岡の街づくりが始まった慶長２年に、榊山稲荷大明神を盛岡の守護神として城内に祀ったことから始まります,盛岡の街づくりが始まった慶長２年に、榊山稲荷大明神を盛岡の守護神として城内に祀ったことから始まります。藩政時代は、藩主から一般庶民にいたるまで篤く信仰され、「もりおか開運神社」と称され崇められました。その後、明治維新の改革により廃社となったものを、昭和の初めに再興され今では社殿・社務所・参集殿はもとより、盛岡藩時代から由縁のある名勝庭園「緑風苑」を有し、境内は壮厳あふれる神域を醸し出しています。
多賀神社,388122647,39.650983603,141.154843569,日本, 〒020-0834 岩手県盛岡市永井２４地割１８,承元（1207〜1210）の頃、源氏の武将の家臣「木村太郎三郎」が武士の生活を捨て、近江の国の多賀大明神に御神剣を奉じ、御神体を持って諸国修行に当地を訪れ、山津田から平渡に向かい竜川を渡ろうとして神剣を流失し、村人の協力で竜川の淵から探し出し、小祠を建て「明神」として祀った,承元（1207〜1210）の頃、源氏の武将の家臣「木村太郎三郎」が武士の生活を捨て、近江の国の多賀大明神に御神剣を奉じ、御神体を持って諸国修行に当地を訪れ、山津田から平渡に向かい竜川を渡ろうとして神剣を流失し、村人の協力で竜川の淵から探し出し、小祠を建て「明神」として祀った。のち、村が展けてから「近江明神」とよび村の名を「御明神村」と呼ぶようになった。代々別当職を務める木村氏は木村太郎三郎の直系。境内にある老杉は1600年を経ていると言われている。
日高神社,12906818,39.142391888,141.132909485,日本, 〒023-0000 岩手県奥州市水沢区日高小路１７,弘仁元年の創建と伝えられる古社,弘仁元年の創建と伝えられる古社。日高火防祭にまつわる神社として有名。予約不要。
釜淵の滝,283098,39.455562042,141.065632411,日本, 〒025-0304 岩手県花巻市湯本第１地割１２５−２,花巻温泉の近く,花巻温泉の近く。台川の大岩盤を滑る滝。平成17年3月2日付で、国指定名勝「イーハトーブ風景地」の一つに指定された。
滴生舎,75458488,40.196937527,141.18018508,日本, 〒028-6100 岩手県二戸市浄法寺町御山中前田２３,国産漆の約80％を生産する二戸市浄法寺町,国産漆の約80％を生産する二戸市浄法寺町。「浄法寺漆」は中尊寺金色堂、日光東照宮や金閣寺など国宝や重要文化財の修復に利用されています。　　その良質な「浄法寺漆」を使った漆器や漆工芸品の展示や漆器の修理を行っております。　　展示販売している隣には、工房があり作業を見学できるほか、漆絵付け体験教室も行っています。
鵜の巣断崖,10954901,39.889159731,141.957498105,日本, 〒027-0421 岩手県下閉伊郡岩泉町小本大牛内１２４,島越の南、弧状200mの高さの絶壁が5層に渡りそそり立つ,島越の南、弧状200mの高さの絶壁が5層に渡りそそり立つ。赤松と海の色が調和した見事な絶景である。
熊の鼻展望台,26768002,39.840234284,141.980907619,日本, 〒027-0421 岩手県下閉伊郡岩泉町小本 国道45号線,小本海岸の南に突き出た半島の形が、熊の頭と鼻先に似ているところから「熊の鼻」と命名,小本海岸の南に突き出た半島の形が、熊の頭と鼻先に似ているところから「熊の鼻」と命名。
大念寺,149469286,39.358553,141.898883,日本, 〒028-1115 岩手県上閉伊郡大槌町上町１−８,大念寺は岩城（現福島県平市）の専称寺の末寺で、開基は1684年良清上人受覚和尚によるものとされる,大念寺は岩城（現福島県平市）の専称寺の末寺で、開基は1684年良清上人受覚和尚によるものとされる。1767年の火災により、本堂、庫裡、文書類が消失したが、本尊の阿弥陀如三尊等の仏像は消失を免れたという。1798年に第十二世良義上人快端和尚の時に、本堂、庫裡、山門等が再建。その際に門弟たちの奉納した善導大師・法然上人の木造が蔵された。
小鎚神社,78803361,39.357978,141.897256,日本, 〒028-1115 岩手県上閉伊郡大槌町上町２−１６,元は新山にあり、開拓者芳形三郎を祀ったともされている,元は新山にあり、開拓者芳形三郎を祀ったともされている。
江岸寺,89945016,39.359947727,141.903465935,〒028-1117, 日本,当町における寺院開基で最も古いとされるのがこの江岸寺である,当町における寺院開基で最も古いとされるのがこの江岸寺である。
吉祥寺,49269427,39.373402816,141.93679357,日本, 〒028-1101 岩手県上閉伊郡大槌町吉里吉里４丁目４−７,すべての基本情報を見る
,すべての基本情報を見る
越喜来浪板海水浴場,41019062,39.103753826,141.861076701,日本, 〒022-0101 岩手県大船渡市三陸町越喜来東崎浜８０,波が穏やかで、小さなお子さんも安心の越喜来浪板（おきらいなみいた）海水浴場,波が穏やかで、小さなお子さんも安心の越喜来浪板（おきらいなみいた）海水浴場。海水の透明度もピカイチで、潜ったり泳いだりいっぱいはしゃいじゃってもOK!
望洋平キャンプ場,96909402,38.974635906,141.452019563,日本, 〒029-1201 岩手県一関市室根町折壁室根山１−１７７,室根山の8合目にあり、テントサイトから太平洋気仙沼湾が一望できる,室根山の8合目にあり、テントサイトから太平洋気仙沼湾が一望できる。夜は海上に漁火を見ることもできる。室根山頂までは歩いて15分の距離にあり、山頂からの眺望は360度の大パノラマが楽しめる。フリーサイト、オートテントサイトのほかバンガローもある。
室根神社,49501743,38.971561335,141.448129001,日本, 〒029-1201 岩手県一関市室根町折壁室根山２,本宮と新宮の２社がある,本宮と新宮の２社がある。本宮は１２９５余年前の養老２年に元正天王の勅令を奉じ鎮守府将軍大野東人が、蝦夷降伏の祈願所として紀州本宮村の熊野権現を勧請したものである。一方、新宮は約６８０余年前の正和２年に陸奥の守護職葛西清信が奥７郡いわゆる磐井・江刺・胆沢・気仙・本吉・登米・牡鹿の鎮守として、紀州新宮村から熊野神宮の神霊を勧請したものだ。東北三大荒祭の一つといわれる室根神社特別大祭が旧暦閏年の翌年に開催される。
産直山ちゃん,229529794,39.015333,141.419894,日本, 〒029-0711 岩手県一関市大東町大原金山沢２２,一関市と陸前高田市を結ぶ国道343号線沿いにある、産直施設です,一関市と陸前高田市を結ぶ国道343号線沿いにある、産直施設です。地元産の野菜や果物の他、工芸品などを販売しています。また、季節ごとに収穫祭なとさまざまなイベントを開催しています。
きらら室根山天文台,41073515,38.972586434,141.445048814,日本, 〒029-1201 岩手県一関市室根町折壁室根山１−１４６,室根山展望休憩所の屋上に設置された天体ドーム,室根山展望休憩所の屋上に設置された天体ドーム。口径50cmの反射式望遠鏡と15cmの屈折式サブ望遠鏡により壮大な天体の世界が楽しめる。また、ミニプラネタリウムや９大惑星模型、天体パネル展示などもある。
千厩アイスアリーナ,179044776,38.924921328,141.360490093,日本, 〒029-0803 岩手県一関市千厩町千厩上駒場３６０−１４,すべての基本情報を見る
,すべての基本情報を見る
ニコニコパーク,92573855,38.857166,141.361230041,日本, 〒029-3404 岩手県一関市藤沢町徳田大望沢３７−１０,健康スポーツ公園
,健康スポーツ公園
産直来夢くん,40279475,39.114491323,141.15052922,日本, 〒023-0841 岩手県奥州市水沢区真城杉ノ下５１,東北最大級の産直施設、地元の新鮮野菜、生鮮食品、精肉、工芸品などの販売,東北最大級の産直施設、地元の新鮮野菜、生鮮食品、精肉、工芸品などの販売。広い敷地には新鮮な農産物や魚介類などが販売される直売所と地元食材を使ったメニューが楽しめるレストラン棟があります。
お物見公園,116888393,39.05038784,141.11893841,日本, 〒023-0000 岩手県奥州市前沢区下小路３１,前沢城主の城跡、桜の名所
,前沢城主の城跡、桜の名所
株式会社岩手ヤクルト工場,172838990,39.240529525,141.083682151,日本, 〒024-0051 岩手県北上市相去町大松沢１−４５,２００７年（平成１９年）北上市に完成した岩手ヤクルト工場は、先進の設備・施設を整えた世界最新鋭の工場です,２００７年（平成１９年）北上市に完成した岩手ヤクルト工場は、先進の設備・施設を整えた世界最新鋭の工場です。徹底した検査、管理体制のもと生産された製品は、北海道から関東エリアまで東日本全域をカバーし、毎日１７０万本出荷されています。また、お客様に「安全・安心を体感していただける工場」として開設当初から工場見学の受け入れを行っており、来場者数は年間２万人以上に及んでいます。 ２０１３年１２月で累計１５万人を達成しております。
岩手県立花きセンター,28778662,39.235067,141.043937,日本, 〒029-4501 岩手県胆沢郡金ケ崎町六原 県道159号線,すべての基本情報を見る
,すべての基本情報を見る
萬鉄五郎記念美術館,43285889,39.385407306,141.239541546,日本, 〒028-0114 岩手県花巻市東和町土沢９区１２９−３,日本洋画壇の先駆者萬鉄五郎の絵画・遺品等の展示,日本洋画壇の先駆者萬鉄五郎の絵画・遺品等の展示。土沢城跡に建つ。
旧小原家住宅,434632084,39.349299211,141.272850037,日本, 〒028-0122 岩手県花巻市東和町谷内６区４０,建物は寄棟造,建物は寄棟造。茅葺の曲がり家で，曲がり家が発生したと思われる時期に建てられた住宅として貴重なもの。
盛岡南ゴルフ倶楽部,13637935,39.474794237,141.189698356,日本, 〒028-3121 岩手県花巻市石鳥谷町戸塚第２地割１３,すべての基本情報を見る
,すべての基本情報を見る
早池峰神社,38224794,39.540637116,141.509517727,日本, 岩手県宮古市 県道25号線,盛岡藩の東の鎮山とされた早池峰山の祈願所として、岳妙泉寺が整備されました,盛岡藩の東の鎮山とされた早池峰山の祈願所として、岳妙泉寺が整備されました。慶長15年（1610）から３年をかけて、岳妙泉寺の奥宮として造営されたのが新山堂（現・早池峰神社）です。慶長以後２度ほど修復されましたが、内陣柱を中心とした軸組や、軒回りの彫刻・装飾などにも慶長期の堅実な手法が残されています。
薬師岳,96151475,39.529827149,141.495502216,日本, 岩手県宮古市 県道25号線,早池峰山南方にそびえ山頂はハイマツとシャクナゲが群生する,早池峰山南方にそびえ山頂はハイマツとシャクナゲが群生する。
早池峰山,21717902,39.558291078,141.488842964,日本, 岩手県花巻市 県道25号線,"標高1,"標高1
国立岩手山青少年交流の家,5953928,39.826088759,141.088045835,日本, 〒020-0601 岩手県滝沢市後２９２,"〈山・雪・みちのく　岩手山〉秀峰岩手山の自然豊かな山裾に位置する国立岩手山青少年交流の家(愛称：テンパーク)は,"〈山・雪・みちのく　岩手山〉秀峰岩手山の自然豊かな山裾に位置する国立岩手山青少年交流の家(愛称：テンパーク)は
メイプルカントリークラブ,141076316,39.748938759,141.043596268,Unnamed Road, 大沢外山野 滝沢市 岩手県 020-0709 日本,すべての基本情報を見る
,すべての基本情報を見る
南部富士カントリークラブ,36921557,39.912101833,141.163112938,日本, 〒028-7111 岩手県八幡平市大更第４７地割３４,すべての基本情報を見る
,すべての基本情報を見る
くずまき高原牧場,14438974,40.009266892,141.343821287,日本, 〒028-5402 岩手県岩手郡葛巻町葛巻第４０地割５７−１２５,牧場産の乳製品やパン・チーズが購入できるほか、様々な酪農体験が可能,牧場産の乳製品やパン・チーズが購入できるほか、様々な酪農体験が可能。
葛巻町社会体育館,155360049,40.038087679,141.448155874,日本, 〒028-5402 岩手県岩手郡葛巻町葛巻第８地割３０,バスケットコート２面を楽に取れる広さのメインコートのほか、柔剣道場、トレーニング室も完備されています,バスケットコート２面を楽に取れる広さのメインコートのほか、柔剣道場、トレーニング室も完備されています。
雫石ゴルフ場,36920167,39.776712146,140.931441228,日本, 〒020-0584 岩手県岩手郡雫石町西根栗木平１５２,すべての基本情報を見る
,すべての基本情報を見る
国見山荘,33688902,39.7272288,140.79277783,日本, 〒020-0582 岩手県岩手郡雫石町橋場龍川山１,国見温泉にある日帰り温泉入浴施設,国見温泉にある日帰り温泉入浴施設。四季の自然美あふれる雄大な八幡平国立公園の中、秋田県との県境駒ヶ岳の南麓に位置する国見山荘は、湯治場としてのんびりと静養するに最適な環境。「緑の薬湯」と呼ばれる薬効抜群のエメラルドグリーンのお湯が自慢。　また隣接する国見キャンプ場は自然のままの姿を残した野趣あふれるキャンプ場。駒ケ岳の登山口に近く、登山のベースに最適。
雫石町総合運動公園,9514763,39.699089673,140.963757834,日本, 〒020-0543 岩手県岩手郡雫石町高前田１１１−３８,雫石総合運動公園は体育館や陸上競技場、野球場、テニスコート等、様々なスポーツが楽しめる総合施設です,雫石総合運動公園は体育館や陸上競技場、野球場、テニスコート等、様々なスポーツが楽しめる総合施設です。町民のいこいの場、健康増進の場、スポーツ向上の場としてご利用下さい。
二戸市シビックセンター,126454076,40.26856161,141.294595756,日本, 〒028-6103 岩手県二戸市石切所荷渡６,市の情報発信基地となる地域情報センター,市の情報発信基地となる地域情報センター。　「福田繁雄デザイン館」はグラフィックデザイナーであった福田氏のグラフィックアート、立体オブジェ、ポスターなどが展示される日本で唯一の常設展示場です。　「田中舘愛橘記念科学館」は、田中舘博士が携わった実験装置や科学的に工作する体験工房のほか、遺品やローマ字の遺墨を展示、博士の生涯や業績を映像で紹介してくれます。
奥州市伝統産業会館,149565733,39.145089868,141.187702769,日本, 〒023-0132 岩手県奥州市水沢区羽田町駅前１丁目１１０,鋳物製品の製造工程を再現展示、鋳物工芸家の秀作等を展示
,鋳物製品の製造工程を再現展示、鋳物工芸家の秀作等を展示
石応禅寺,10962832,39.276105182,141.880459098,日本, 〒026-0022 岩手県釜石市大只越町１丁目１−１,曹洞宗の名刹,曹洞宗の名刹。「徳治の古碑」や供養石で知られる。
薬師公園,85165155,39.274260049,141.878960881,日本, 〒026-0024 岩手県釜石市大町３丁目１−１８,平和女神像，市街と海が一望,平和女神像，市街と海が一望。桜の名所としても知られ、例年4月には薬師公園桜まつりが開催される。
川の駅よこた,4453738,39.075698079,141.579699438,日本, 〒029-2202 岩手県陸前高田市横田町砂子田１６９,都市と農村との交流を目的とした施設で、交流室や地場産品直売所、食堂が設置されている,都市と農村との交流を目的とした施設で、交流室や地場産品直売所、食堂が設置されている。
普門寺,77993943,39.025997236,141.656766388,日本, 〒029-2206 岩手県陸前高田市米崎町地竹沢１８１,曹洞宗の古刹,曹洞宗の古刹。ツツジの咲く頃は見事。三重塔、大仏像あり。奥州33観音29番札所。被災松を使用した親子地蔵を安置。
新鮮館おおまち,37167961,38.929068414,141.137087345,日本, 〒021-0881 岩手県一関市大町４−２９,産直施設,産直施設。地元一関や両磐、宮城県北で生産された野菜や果物、それに友好都市である気仙沼市の海産物などがズラリと並ぶ。
産直ふるさと大東,35923127,39.022330313,141.327690482,日本, 〒029-0521 岩手県一関市大東町渋民関ノ上１１５,地元で収穫した新鮮な野菜や果物、特産品の販売を行っています,地元で収穫した新鮮な野菜や果物、特産品の販売を行っています。また、敷地内では餅や味噌の加工も行われており、できたてほやほやの商品も並びます。
旧沼田家武家住宅,11514918,38.929097626,141.132093072,日本, 〒021-0885 岩手県一関市田村町２−１８,江戸時代後期に一関藩家老職を勤めた沼田家の住宅,江戸時代後期に一関藩家老職を勤めた沼田家の住宅。創建は18世紀の初頭から中頃と推定され、約300年の歴史を有していて、付近を流れる磐井川のたび重なる水害にも倒壊することなく今日に至っています。
釣山公園,13881594,38.924807647,141.130343975,日本, 〒021-0874 岩手県一関市釣山１−９,日本庭園・野草園・展望台などがあり，市民の憩いの場となっている,日本庭園・野草園・展望台などがあり，市民の憩いの場となっている。春には桜、秋には紅葉が楽しめる。
一関遊水地記念緑地公園,90397330,38.939784156,141.158266068,日本, 〒029-0131 岩手県一関市狐禅寺石ノ瀬６１,１００種１，０００本の桜が咲き乱れる公園,１００種１，０００本の桜が咲き乱れる公園。
磐井川,7271081,38.93123514,141.129588308,日本, 〒021-0031 岩手県一関市青葉２丁目１−２２,栗駒山に源を発し，一関市周辺にて北上川に合流,栗駒山に源を発し，一関市周辺にて北上川に合流。
市民の森,344922148,40.188254078,141.759877291,日本, 〒028-0082 岩手県久慈市川貫第５地割２０−２３０,展望施設・アスレチック施設・バーベキュー・遊歩道・自然道の散策などの森林レクリエーションを思う存分楽しめる,展望施設・アスレチック施設・バーベキュー・遊歩道・自然道の散策などの森林レクリエーションを思う存分楽しめる。杉の家はこねでブックエンドなどの木工作体験ができる（有料）。
北上観光物産館アクセス,231866252,39.282197681,141.120457649,日本, 〒024-0061 岩手県北上市大通り１丁目３−１,北上駅西口から地下通路直結の販売店,北上駅西口から地下通路直結の販売店。産地特定農産物からお菓子、工芸品まで幅広い品揃え。季節に応じた旬の商品も取り扱っています。春には、山菜・アスパラ、秋には二子さといも、初冬には北上市成田産のふじりんご等を販売しています。　季節限定品に限らず、随時全国宅配サービスを行っております。是非、ご利用ください。
日本現代詩歌文学館,149434692,39.293158784,141.114020348,日本, 〒024-0083 岩手県北上市柳原町１丁目５−６９,日本現代詩歌文学館は、詩、短歌、俳句、川柳など、明治以降の日本の詩歌資料を全国規模で総合的に収集保存、展示を行い、詩歌文学の振興を図ることを目的とした全国唯一の詩歌専門の総合文学館です,日本現代詩歌文学館は、詩、短歌、俳句、川柳など、明治以降の日本の詩歌資料を全国規模で総合的に収集保存、展示を行い、詩歌文学の振興を図ることを目的とした全国唯一の詩歌専門の総合文学館です。全国から訪れる来館者も多く、「言霊の館」として広く親しまれています。
詩歌の森公園,274205,39.292318724,141.114869486,日本, 〒024-0093 岩手県北上市本石町２丁目５−６０,昭和54年の黒沢尻工業高校移転に伴い、跡地に整備され、日本現代詩歌文学館を擁する公園,昭和54年の黒沢尻工業高校移転に伴い、跡地に整備され、日本現代詩歌文学館を擁する公園。　広さ４haの広大な敷地は春夏秋冬４つのゾーンで構成され、四季それぞれの趣をたたえています。
大堤公園,51428814,39.260203872,141.092627048,日本, 〒024-0051 岩手県北上市相去町高前檀２７,北上総合運動公園に隣接し、松林に囲まれ７ｈａの沼があり、キャンプ場も併設している,北上総合運動公園に隣接し、松林に囲まれ７ｈａの沼があり、キャンプ場も併設している。冬は約１，０００羽の白鳥が飛来する。
北上総合運動公園,325898,39.258846162,141.094577959,日本, 〒024-0051 岩手県北上市相去町高前檀２７,北上市の南部に位置し、平成11年の全国高等学校体育大会（インターハイ）の主会場になった市民スポーツ施設の拠点で、第１種陸上競技場、総合体育館、多目的運動場、キャンプ場等の各種施設があります,北上市の南部に位置し、平成11年の全国高等学校体育大会（インターハイ）の主会場になった市民スポーツ施設の拠点で、第１種陸上競技場、総合体育館、多目的運動場、キャンプ場等の各種施設があります。また公園の中央には大きな堤があり、冬季には白鳥飛来地としても市民の憩いの場として親しまれています。
雄山寺,197572677,39.394757829,141.111198664,日本, 〒025-0092 岩手県花巻市大通り１丁目７−８,永禄元年（1558）開基,永禄元年（1558）開基。花巻開町の祖　北信愛（松斎）公の寺。なお、この寺には北松斎自筆写本及び古文書などの遺品を所有している。
花巻文化村,193002154,39.430160364,141.141357422,日本, 〒025-0004 岩手県花巻市葛第８地割２８３,花巻空港北側に位置し、芸術家の創作活動を支援し、交流を通して地域の人々の文化意識を高めることを目的とした「青雲塾」をはじめ、子供たちの自由な発想と創造力を高める「次世代セミナー（自由教室）」を開催しています,花巻空港北側に位置し、芸術家の創作活動を支援し、交流を通して地域の人々の文化意識を高めることを目的とした「青雲塾」をはじめ、子供たちの自由な発想と創造力を高める「次世代セミナー（自由教室）」を開催しています。詳細については要問合せ。また、運営しているのは花巻文化村協議会で平成１１年に岩手県で第１号となるＮＰＯ法人に認証されています。
斎藤實記念館,116908101,39.14435247,141.134468175,日本, 〒023-0000 岩手県奥州市水沢区吉小路２４,實の愛用品をはじめ、2・26事件で凶弾を受けた鏡などが展示されている,實の愛用品をはじめ、2・26事件で凶弾を受けた鏡などが展示されている。記念館は生家に隣接しており、生家も見学することができる。
長安寺,11027466,39.108785055,141.687620568,日本, 〒022-0005 岩手県大船渡市日頃市町長安寺４１,約900年前に創建された東北屈指の名刹,約900年前に創建された東北屈指の名刹。高さ20ｍにも及ぶ総ケヤキ造りの山門が堂々と構えています。長安寺のシンボルともいえる山門は、1796年に着工されましたが、禁制のケヤキを使用した上17.5ｍの高楼であるという二つの理由で、伊達藩より取り壊しを命じられました。しかし1807年、「廓念坊秀諦」が弁明に努め、工事続行不可を条件に黙認されました。そのため、扉なし、袖なし、開きなしの門となっています。現在の本堂は明治16年（1833年）の創建です。境内には、市の天然記念物に指定されている、「奥州しだれ桜」「長安寺大イチョウ」も見ることができます。
岩山公園,3414751,39.70167283,141.181912422,日本, 〒020-0803 岩手県盛岡市新庄岩山１５,石川啄木の銅像と歌碑10点，遊園地，スキー場がある,石川啄木の銅像と歌碑10点，遊園地，スキー場がある。近くの岩山展望は，標高３４１ｍの頂上に立っており，盛岡市を一望し，背後には岩手山が見える。姫神山・早池峰山などの峰を連ねる北上山地や，駒が岳などの奥羽山地もよく望まれている。夜景は、日本夜景遺産に選定。
岩山パークランド,7440325,39.701169195,141.190625933,日本, 〒020-0803 岩手県盛岡市新庄岩山５３,岩山公園内にあるファミリー向けの遊園地で，観覧車からは雄大なパノラマが楽しめるスピンコースターやアポロなどの絶叫マシーンや、サイクルモノレール・ゴーカートなど多くの遊戯施設を備えている,岩山公園内にあるファミリー向けの遊園地で，観覧車からは雄大なパノラマが楽しめるスピンコースターやアポロなどの絶叫マシーンや、サイクルモノレール・ゴーカートなど多くの遊戯施設を備えている。夏季はナイター営業も。
聖寿禅寺,24300998,39.718353282,141.151109934,日本, 〒020-0061 岩手県盛岡市北山２丁目１２−１５,南部家菩提寺であり、お亀地蔵、横川省三の墓があります,南部家菩提寺であり、お亀地蔵、横川省三の墓があります。また盛岡市指定の重要文化財に指定されているマリア観音が所蔵されています。五重塔は1805年に南部藩主により当時5千両の大金で建立されたもので、江戸の谷中の五重塔を真似て作られたものであり古い盛岡城下図面にも描かれています。その五重塔の中にあるお亀地蔵は南部の殿様の側室であった亀姫の身代わり地蔵と伝えられていて子安地蔵尊・安産の地蔵として知られるようになりました。
