小岩井農場まきば園,〒020-0507,岩手県岩手郡雫石町丸谷地36-1
賢治の学校（宮沢賢治童話村）,〒025-0014,岩手県花巻市高松26-19
中尊寺金色堂,〒029-4102,岩手県西磐井郡平泉町平泉字衣関202
新鉛温泉 愛隣館,〒025-0252,岩手県花巻市西鉛23
つなぎ温泉,〒020-0055,岩手県盛岡市繋字湯ノ館
宮沢賢治記念館,〒025-0011,岩手県花巻市矢沢1-1-36
浄土ヶ浜,,岩手県宮古市
八幡平パノラマスキー場,〒028-7302,岩手県八幡平市八幡平温泉郷
鉛温泉 藤三旅館,〒025-0252,岩手県花巻市鉛中平７５−１
龍泉洞,〒027-0501,岩手県下閉伊郡岩泉町岩泉字神成1-1
小岩井農場,〒020-0507,岩手県岩手郡雫石町丸谷地36-1
志戸平温泉,〒025-0244,岩手県花巻市湯口字志戸平26
夏油高原スキー場,〒024-0322,岩手県北上市和賀町岩崎新田
盛岡手づくり村,〒020-0055,岩手県盛岡市繋字尾入野64-102
鴬宿温泉,〒020-0574,岩手県岩手郡雫石町鶯宿温泉
北上川,〒020-0001,岩手県盛岡市（岩手町〜宮城県追波湾・石巻湾）
安比高原スキー場,〒028-7557,岩手県八幡平市安比高原
岩手高原スノーパーク,〒020-0500,岩手県岩手郡雫石町長山岩手山
毛越寺庭園,〒029-4102,岩手県西磐井郡平泉町平泉字大沢58
道の駅　石鳥谷,〒028-3171,岩手県花巻市石鳥谷町中寺林7-17-3
達谷西光寺,〒029-4102,岩手県西磐井郡平泉町平泉字北澤16番地
盛岡城跡公園,〒020-0023,岩手県盛岡市内丸1-37
中尊寺,〒029-4102,岩手県西磐井郡平泉町平泉字衣関202
安比高原,〒028-7557,岩手県八幡平市松尾
猊鼻渓舟下り,〒029-0302,岩手県一関市東山町長坂字町467
特産品プラザ　らら・いわて,〒020-0024,岩手県盛岡市菜園1-3-6 農林会館1Ｆ
網張温泉,〒020-0501,岩手県岩手郡雫石町長山字小松倉14-3
不動の滝,〒028-7542,岩手県八幡平市高畑
八幡平下倉スキー場,〒028-7302,岩手県八幡平市寄木松川国有林内
厳美渓,〒021-0101,岩手県一関市厳美町
雫石スキー場,〒020-0501,岩手県岩手郡雫石町高倉温泉
八幡平,〒028-7303,岩手県岩手郡松尾村
大沢温泉,〒025-0244,岩手県花巻市湯口大沢181
盛岡城跡,〒020-0023,岩手県盛岡市内丸1-37
松川温泉,〒028-7302,岩手県八幡平市
八幡平ハイツ,〒028-7302,岩手県八幡平市八幡平温泉郷
毛越寺,〒029-4102,岩手県西磐井郡平泉町平泉字大沢58
御所湖,〒020-0055,岩手県盛岡市繋
滝観洞,〒029-2501,岩手県気仙郡住田町上有住字土倉298-81 滝観洞センター
愛真館,〒020-0055,岩手県盛岡市つなぎ字塗沢40-4
ほっとゆだ,〒029-5512,岩手県和賀郡湯田町川尻40-53
宮古市魚菜市場,〒027-0072,岩手県宮古市五月町1-1
たろし滝,〒028-3185,岩手県花巻市石鳥谷町大瀬川
盛岡市動物公園,〒020-0803,岩手県盛岡市新庄字下八木田60-18
砂ゆっこ,〒029-5504,岩手県和賀郡湯田町槻沢25-16-8
安比高原牧場,〒028-7557,岩手県八幡平市安比高原
歴史公園えさし藤原の郷,〒023-1101,岩手県奥州市江刺区岩谷堂字小名丸86-1
岩山公園,〒020-0803,岩手県盛岡市新庄字岩山50-6
盛岡八幡宮,〒020-0872,岩手県盛岡市八幡町13-1
ワインシャトー大迫,〒028-3203,岩手県花巻市大迫町大迫10-18-3
小岩井農場牧場館・山麓館,〒020-0507,岩手県岩手郡雫石町丸谷地36-1
岩洞湖（ワカサギ釣り）,〒028-2711,岩手県盛岡市玉山区藪川字亀橋
山の神温泉　優香苑,〒025-0253,岩手県花巻市下シ沢字中野53番地1
田老の防波堤,〒027-0300,岩手県宮古市田老
岩手サファリパーク,〒029-3311,岩手県一関市藤沢町黄海字山谷121-2
大沢温泉自炊部,〒025-0244,岩手県花巻市湯口字大沢181
石と賢治のミュージアム,〒029-0303,岩手県一関市東山町松川字滝ノ沢149-1
賢治の教室（宮沢賢治童話村）,〒025-0014,岩手県花巻市高松26-19
岩山展望台,〒020-0803,岩手県盛岡市新庄字岩山50-6
黒石寺,〒023-0101,岩手県奥州市水沢区黒石町山内17
いわて子どもの森,〒028-5134,岩手県二戸郡一戸町奥中山字西田子1486-2
国立天文台水沢VLBI観測所（旧緯度観測所）,〒023-0861,岩手県奥州市水沢区星ガ丘町2番12号
ホテル森の風アネックス　沢内銀河高原,〒029-5701,岩手県和賀郡沢内村川舟3-647-1
カッパ淵,〒028-0555,岩手県遠野市土淵町土淵
宮沢賢治イーハトーブ館,〒025-0014,岩手県花巻市高松1-1-1
三陸ふるさと物産センター（道の駅さんりく）,〒022-0101,岩手県大船渡市三陸町越喜来字井戸洞95-27
ゆこたんの森,〒020-0585,岩手県岩手郡雫石町長山猫沢3-6
金鶏山,〒029-4102,岩手県西磐井郡平泉町
瀬美温泉,〒024-0322,岩手県北上市和賀町岩崎新田1-128-2
岩手県立博物館,〒020-0102,岩手県盛岡市上田松屋敷34
八幡平温泉館  森乃湯,〒028-7302,岩手県岩手郡松尾村寄木1-590-280
藤島のフジ,〒028-5221,岩手県二戸郡一戸町小鳥谷字仁昌寺
新安比温泉,〒028-7533,岩手県八幡平市叺田43-1
内間木洞,〒028-8712,岩手県久慈市山形町小国
道の駅　たろう,〒027-0378,岩手県宮古市田老字重津部34-2
道の駅「種山ヶ原」ぽらん,〒029-2311,岩手県気仙郡住田町世田米字子飼沢30-39
夫婦石,〒029-0803,岩手県一関市千厩町千厩字石堂地内
高館（義経堂）,〒029-4102,岩手県西磐井郡平泉町柳御所14
花と緑と安らぎの湯東和温泉,〒028-0115,岩手県花巻市東和町安俵6‐135
江刺ふるさと市場,〒023-1131,岩手県奥州市江刺区愛宕字金谷83-2
胆沢川温泉さくらの湯,〒023-0003,岩手県奥州市水沢区佐倉河字明神堂27
後藤新平記念館,〒023-0053,岩手県奥州市水沢区大手町4-1
宮古港海戦記念碑,〒027-0001,岩手県宮古市浄土ケ浜
焼石クアパークひめかゆ,〒023-0403,岩手県奥州市胆沢区若柳字天沢52-7
御所湖とシオンの像,〒020-0055,岩手県盛岡市つなぎ
アグリパーク おおさわ,〒028-7917,岩手県九戸郡種市町第69地割16-1
湯ったり館,〒028-2101,岩手県宮古市茂市8-53
めがね橋,〒028-0304,岩手県遠野市宮守町下宮守
道の駅　みやもり,〒028-0304,岩手県遠野市宮守町下宮守30-37-1
錦秋湖,〒029-5512,岩手県和賀郡西和賀町
御所湖川村美術館,〒020-0572,岩手県岩手郡雫石町西安庭第11-55-6
水辺公園　うぐいす湯の里公園,,岩手県岩手郡雫石町鶯宿温泉
八幡宮,〒020-0500,岩手県岩手郡雫石町下町東35
岩手県立美術館,〒020-0866,岩手県盛岡市本宮字松幅12-3
中津川,〒020-0001,岩手県盛岡市
北山崎,〒028-8402,岩手県下閉伊郡田野畑村北山
四季亭,〒020-0055,岩手県盛岡市繋湯ノ館137
四季館　彩冬,〒028-7554,岩手県岩手郡安代町字赤坂田254-9
たかむろ水光園,〒028-0553,岩手県遠野市土淵町柏崎7-175-2
奥中山高原,〒028-5134,岩手県二戸郡一戸町奥中山字西田子662-1
久慈平岳,〒028-7916,岩手県九戸郡洋野町/軽米町
めがねばし直売所,〒028-0304,岩手県遠野市宮守町下宮守30-37-1 道の駅みやもり施設内
平泉文化遺産センター,〒029-4102,岩手県西磐井郡平泉町平泉字花立44
休暇村岩手網張温泉,〒020-0585,岩手県岩手郡雫石町網張温泉
八重吉煎餅店,〒023-1113,岩手県奥州市江刺区中町3-12
遠野郷八幡宮,〒028-0541,岩手県遠野市松崎町白岩23-19
薬師堂温泉,〒023-0003,岩手県奥州市水沢区佐倉河字薬師堂27
シートピアなあど,〒027-0004,岩手県宮古市臨港通1-20
トドヶ崎,〒027-0096,岩手県宮古市重茂第9地割大平
安比高原温泉郷,〒028-7595,岩手県岩手郡安代町安比高原
鳥越観音,〒028-5313,岩手県二戸郡一戸町鳥越字宮古沢
龍泉新洞科学館,〒027-0501,岩手県下閉伊郡岩泉町岩泉字神成
満蔵寺,〒029-2311,岩手県気仙郡住田町世田米字本町
光勝寺,〒029-2311,岩手県気仙郡住田町世田米字鉢ヶ森
砂鉄川,〒029-0302,岩手県一関市東山町
旧東北砕石工場,〒029-0303,岩手県一関市東山町松川字滝ノ沢
幽玄洞,〒029-0302,岩手県一関市東山町長坂字東本町154-1
猊鼻渓,〒029-0302,岩手県一関市東山町長坂字町375 げいびセンター
柳之御所資料館,〒029-4102,岩手県西磐井郡平泉町平泉字加羅楽108-1
白山神社,〒029-4102,岩手県西磐井郡平泉町平泉字衣関173
柳之御所遺跡,〒029-4102,岩手県西磐井郡平泉町平泉字柳御所地内
とうほくニュージーランド村,〒029-4302,岩手県奥州市衣川区日向59
シープラザ釜石（釜石物産センター）,〒026-0031,岩手県釜石市鈴子町22-1
祭畤温泉,〒021-0101,岩手県一関市厳美町祭畤32
一関市博物館,〒021-0101,岩手県一関市厳美町字沖野々215
北上川,〒021-0001,岩手県一関市
県立水産科学館,〒027-0001,岩手県宮古市日立浜町32-28
もりおか啄木・賢治青春館,〒020-0871,岩手県盛岡市中ノ橋通1-1-25 旧第九十銀行
高松公園,〒020-0114,岩手県盛岡市高松1-26-1
寺町通り,〒020-0001,岩手県盛岡市本町通二丁目
浄土ヶ浜自然歩道,〒027-0001,岩手県宮古市
釜石大観音,〒026-0002,岩手県釜石市大平町3-9-1
サハラガラスパーク,〒021-0101,岩手県一関市厳美町滝ノ上263-1
鵜の巣断崖,〒028-8405,岩手県下閉伊郡田野畑村真木沢
スワローツアー平泉レンタサイクル,〒029-4102,岩手県西磐井郡平泉町平泉駅構内
産直あおぞら,〒028-0115,岩手県花巻市東和町安俵6区94
駅前橋上市場　サン・フィッシュ釜石,〒026-0031,岩手県釜石市鈴子町2-1
真湯温泉センター,〒021-0101,岩手県一関市厳美町字真湯
花巻新渡戸記念館,〒025-0014,岩手県花巻市高松9-21
釜淵の滝,〒025-0304,岩手県花巻市湯本
駒形神社,〒023-0857,岩手県奥州市水沢区中上野町1-83
盛岡市子ども科学館,〒020-0866,岩手県盛岡市本宮字蛇屋敷13-1
高松の池,〒020-0114,岩手県盛岡市高松1-26-1
一関市案内所,〒021-0867,岩手県一関市駅前６７ JR一ノ関駅内
台温泉,〒025-0305,岩手県花巻市台
奥州平泉温泉そば庵しづか亭,〒029-4102,岩手県西磐井郡平泉町平泉字長倉１０−５
「花と泉の公園」ぼたん園・ベゴニア館,〒029-3103,岩手県西磐井郡花泉町老松字下宮沢159-1
館ケ森アーク牧場,〒029-3311,岩手県東磐井郡藤沢町黄海字衣井沢山9-15
無量光院跡,〒029-4102,岩手県西磐井郡平泉町平泉字花立地内
石鳥谷アイスアリーナ,〒028-3171,岩手県花巻市石鳥谷町中寺林6-92-1
焼走り熔岩流,〒028-7113,岩手県八幡平市
岩手山,〒020-0501,岩手県岩手郡雫石町/滝沢村/八幡平市
みちのくあじさい園,〒021-0221,岩手県一関市舞川字原沢111
遠野ふるさと村,〒028-0661,岩手県遠野市附馬牛町上附馬牛5-89-1
小袖海女センター,〒028-8111,岩手県久慈市宇部町第24地割110-2
渡り温泉,〒025-0244,岩手県花巻市湯口字佐野21-8
宮沢賢治詩碑（「雨ニモマケズ」詩碑）,〒025-0084,岩手県花巻市桜町4丁目
碁石海岸,〒022-0001,岩手県大船渡市末崎町
岩鋳鉄器館,〒020-0863,岩手県盛岡市南仙北2-23-9
深沢紅子野の花美術館,〒020-0885,岩手県盛岡市紺屋町4-8
報恩寺,〒020-0016,岩手県盛岡市名須川町31-5
大堤公園,〒024-0051,岩手県北上市相去町
イギリス海岸,〒025-0063,岩手県花巻市下小舟渡
オドデ館,〒028-6506,岩手県九戸郡九戸村山屋2-28-1
展勝地,〒024-0043,岩手県北上市立花，稲瀬町
大船渡の三面椿,〒022-0001,岩手県大船渡市末崎町 熊野神社境内
鉄の歴史館,〒026-0002,岩手県釜石市大平町3-12-7
ミルク工房ボン・ディア,〒028-3203,岩手県花巻市大迫町大迫11-39-4
いちごハウスたかはし,〒028-3141,岩手県花巻市石鳥谷町五大堂9-84
南昌荘,〒020-0875,岩手県盛岡市清水町13-46
七時雨冷泉,〒028-7401,岩手県八幡平市西根寺田25-191-1
閑董院,〒029-2201,岩手県陸前高田市矢作町字馬越
松尾八幡平物産館　あすぴーて,〒028-7303,岩手県八幡平市柏台1-28
「北上川源泉・いわてまち川の駅」,〒028-4306,岩手県岩手郡岩手町大字御堂2-14-4
詩歌の森公園,〒024-0093,岩手県北上市本石町
田野畑村民俗資料館,〒028-8407,岩手県下閉伊郡田野畑村田野畑128-9
長者ヶ原廃寺跡,〒029-4414,岩手県奥州市衣川区田中西
箱根山,〒029-2207,岩手県陸前高田市小友町
四季彩の宿　ふる里,〒029-5514,岩手県和賀郡湯田町湯川52ー17
ラ・フランス温泉館,〒028-3444,岩手県紫波郡紫波町小屋敷字新在家90
藤七温泉,〒028-7302,岩手県八幡平市松尾寄木北の又
松川地熱発電所,〒028-7302,岩手県八幡平市松尾寄木松川温泉
南網張ありね温泉,〒020-0585,岩手県岩手郡雫石町長山猫沢3-6
矢びつ温泉,〒021-0101,岩手県一関市厳美町字下り松65-2
折爪岳山頂,〒028-6101,岩手県二戸市福岡折詰地内
ひぃなの丘　湖山荘,〒020-0055,岩手県盛岡市繋字上野23-36
八幡平トラウトガーデン,〒028-7302,岩手県八幡平市松尾寄木第1地割474-6
夢みる老止の館,〒029-3207,岩手県西盤井郡花泉町油島字上柏木39
蛭子屋　小野染彩所,〒020-0063,岩手県盛岡市材木町10-16
チャグチャグ馬コ,〒020-0172,岩手県岩手郡滝沢村鵜飼〜盛岡市八幡町
プラザおでって,〒020-0871,岩手県盛岡市中ノ橋通1-1-10
精華の湯,〒025-0305,岩手県花巻市台2-56-1
紙すき館,〒029-0302,岩手県東磐井郡東山町長坂字町390
長者屋敷清水,〒028-7305,岩手県岩手郡松尾村松尾長嶺神社内
綿帽子温泉館　あずみの湯,〒028-7557,岩手県岩手郡安代町細野436-1
プロ食,〒020-0835,岩手県盛岡市津志田24-13
岩山,〒020-0803,岩手県盛岡市新庄岩山
早池峰古参道跡,〒028-0522,岩手県遠野市土淵町地内
陸前高田オートキャンプ場モビリア,〒029-2207,岩手県陸前高田市小友町字獺沢155-78
奥中山自然休養村管理センター「朝朱の湯」,〒028-5133,岩手県二戸郡一戸町奥中山字西田子662-1
銀河牧場一戸町天文台,〒028-5302,岩手県二戸郡一戸町女鹿字新田42-21
奥中山自然休養村,〒028-5134,岩手県二戸郡一戸町奥中山字西田子662-1
奥州街道,〒028-5300,岩手県二戸郡一戸町
実相寺のイチョウ,〒028-5312,岩手県二戸郡一戸町一戸字大沢
奥中山高原,〒028-5134,岩手県二戸郡一戸町奥中山
七時雨山,〒028-7111,岩手県八幡平市
稲庭交流センター「天台の湯」,〒028-6805,岩手県二戸市浄法寺町字野黒沢133-1
高曲原,〒028-6101,岩手県二戸市
稲庭岳,〒028-6100,岩手県二戸市字野黒沢
コロポックルランド,〒028-6505,岩手県九戸郡九戸村江刺家茅9地割81
長興寺,〒028-6504,岩手県九戸郡九戸村長興寺
大名館,〒028-6504,岩手県九戸郡九戸村長興寺
折爪岳,〒028-6505,岩手県九戸郡九戸村江刺家
平庭高原,〒028-0001,岩手県久慈市山形町・葛巻町
物産館ぱあぷる,〒028-8201,岩手県九戸郡野田村大字野田31-31-1
ミレットパーク,〒028-6222,岩手県九戸郡軽米町大字山内33-53-1
ミル・みるハウス,〒028-6221,岩手県九戸郡軽米町大字晴山22-38-1
雪谷川ダムフォリストパーク・軽米チューリップ園,〒028-6411,岩手県九戸郡軽米町小軽米20-3-1
源兵衛平高原キャンプ場,〒028-2104,岩手県宮古市刈屋
閉伊川,〒028-2101,岩手県宮古市
黒崎展望台,〒028-8353,岩手県下閉伊郡普代村黒崎
ハマナス,〒028-8301,岩手県下閉伊郡普代村浜園地
堀内海岸,〒028-8301,岩手県下閉伊郡普代村
普代浜,〒028-8335,岩手県下閉伊郡普代村普代
サッパ船アドベンチャーズ,〒028-8403,岩手県下閉伊郡田野畑村羅賀
畠山神社,〒028-8405,岩手県下閉伊郡田野畑村大芦
思惟大橋,〒028-8407,岩手県下閉伊郡田野畑村菅窪
北山崎展望台,〒028-8402,岩手県下閉伊郡田野畑村北山
鵜の巣断崖展望台,〒028-8405,岩手県下閉伊郡田野畑村真木沢
島越,〒028-8401,岩手県下閉伊郡田野畑村
安家洞,〒027-0611,岩手県下閉伊郡岩泉町安家18番
櫃取湿原,〒028-5633,岩手県下閉伊郡岩泉町釜津田
早坂高原,〒028-2233,岩手県下閉伊郡岩泉町釜津田
四十八坂展望台,〒028-1371,岩手県下閉伊郡山田町船越
グリーンピア三陸みやこ,〒027-0373,岩手県宮古市田老向新田
津波の波高跡,〒027-0300,岩手県宮古市田老字青砂里（三王遊歩道手前200メートル）
三王岩,〒027-0322,岩手県宮古市田老字青砂里
田老川,〒027-0300,岩手県宮古市
稲荷穴,〒028-0305,岩手県遠野市宮守町達曽部54-57　55-71
遊林ランド種山,〒029-2311,岩手県気仙郡住田町世田米字子飼沢30-193
健康センター　わくわくランド　三嶋の湯,〒029-0803,岩手県一関市千厩町千厩字駒ノ沢234番地
西行桜の森,〒029-4101,岩手県西磐井郡平泉町長島
観自在王院跡,〒029-4102,岩手県西磐井郡平泉町平泉字志羅山地内
国道４号線沿い,〒029-4102,岩手県西磐井郡平泉町平泉字泉屋61-7
ヒメカユウ,〒023-0001,岩手県奥州市胆沢区若柳
焼石岳,〒023-0403,岩手県奥州市胆沢区若柳
牛の博物館,〒029-4205,岩手県奥州市前沢区南陣場103-1
金ケ崎温泉 駒子の湯,〒029-4503,岩手県胆沢郡金ケ崎町西根和光544番地1
ホテルみどりの郷スケート場,〒029-4505,岩手県胆沢郡金ケ崎町永栄上宿26-3
鳥海柵,〒029-4503,岩手県胆沢郡金ケ崎町西根原添下鳥海二宮後
武家屋敷城内諏訪小路（重要伝統的建造物群保存地区）,〒029-4503,岩手県胆沢郡金ケ崎町西根城内・諏訪小路地区
和賀岳,〒029-5614,岩手県和賀郡西和賀町内
巣郷温泉,〒029-5522,岩手県和賀郡西和賀町巣郷
湯川温泉,〒029-5514,岩手県和賀郡西和賀町湯川
湯本温泉,〒029-5505,岩手県和賀郡西和賀町湯本
峠山パークランドオアシス館,〒029-5513,岩手県和賀郡西和賀町本内４６-１２５-１０６
兜跋毘沙門天立像,〒028-0116,岩手県花巻市東和町北成島5-1
南部杜氏伝承館,〒028-3171,岩手県花巻市石鳥谷町中寺林7-17-2
南部杜氏の里公園,〒028-3171,岩手県花巻市石鳥谷町中寺林
ガラス体験工房森のくに,〒028-3203,岩手県花巻市大迫町大迫12-45-1
徳丹城跡,〒028-3603,岩手県紫波郡矢巾町大字西徳田
幣懸の滝,〒028-3623,岩手県紫波郡矢巾町煙山地内
野村胡堂・あらえびす記念館,〒028-3315,岩手県紫波郡紫波町彦部字暮坪193-1
紫波フルーツパーク体験工房,〒028-3535,岩手県紫波郡紫波町遠山字松原1-11
紫波ぶどう園,〒028-3316,岩手県紫波郡紫波町佐比内字飯豊田59-1
紫波城山公園,〒028-3304,岩手県紫波郡紫波町二日町字古舘
赤石神社,〒028-3307,岩手県紫波郡紫波町桜町字本町川原1
石川啄木記念館,〒028-4132,岩手県盛岡市玉山区渋民字渋民9
盛岡市外山森林公園,〒028-2711,岩手県盛岡市玉山区薮川字大の平31-1
岩洞湖家族旅行村キャンプ場・オートキャンプ場,〒028-2711,岩手県盛岡市玉山区藪川字亀橋33-4
岩洞湖,〒028-2711,岩手県盛岡市玉山区薮川字亀橋
イーハトーブ火山局,〒028-7302,岩手県八幡平市松尾寄木2-515
岩手県県民の森森林ふれあい学習館フォレストｉ（アイ）,〒028-7302,岩手県八幡平市松尾寄木1-515-5
松尾八幡平ビジターセンター,〒028-7303,岩手県八幡平市柏台1-28
妻の神広場キャンプ場,〒028-7302,岩手県八幡平市松尾寄木
茶臼岳展望台,〒028-7111,岩手県八幡平市
松川玄武岩,〒028-7302,岩手県八幡平市
七滝,〒028-7111,岩手県八幡平市
松川渓谷,〒028-7302,岩手県八幡平市
御釜湖,〒028-7111,岩手県八幡平市
茶臼岳,〒028-7111,岩手県八幡平市
滝沢相の沢温泉お山の湯,〒020-0172,岩手県滝沢市鵜飼字安達114-3
馬っこパーク・いわて,〒020-0173,岩手県滝沢市滝沢字砂込389-18
鞍掛山,〒020-0172,岩手県滝沢市鵜飼字安達
岩手山,〒020-0173,岩手県岩手郡滝沢村滝沢字岩手山
焼走り温泉,〒028-7113,岩手県八幡平市平笠24-728
焼走り熔岩流観察路,〒028-7100,岩手県八幡平市
岩手山（南部片富士）,〒028-7113,岩手県八幡平市
石神の丘美術館,〒028-4307,岩手県岩手郡岩手町五日市10-121-21
岩手沼宮内カントリークラブ,〒028-4421,岩手県岩手郡岩手町一方井
岩手町彫刻公園,〒028-4395,岩手県岩手郡岩手町五日市10-44
くずまきワイン(葛巻高原食品加工株式会社),〒028-5403,岩手県岩手郡葛巻町江刈1-95-55
森の館ウッディ・炭の科学館,〒028-5403,岩手県岩手郡葛巻町江刈1-95-55 くずまきワイン
くずまき高原牧場,〒028-5402,岩手県岩手郡葛巻町葛巻40-57-176
花工房 らら倶楽部,〒020-0585,岩手県岩手郡雫石町長山七ツ田27
どんぐりコロコロ,〒020-0507,岩手県岩手郡雫石町丸谷地68-82
橋場温泉,〒020-0582,岩手県岩手郡雫石町橋場坂本118番地10
玄武温泉,〒020-0585,岩手県岩手郡雫石町
雫石高倉温泉,〒020-0584,岩手県岩手郡雫石町高倉温泉
国見温泉,〒020-0582,岩手県岩手郡雫石町橋湯国見温泉
滝ノ上温泉,〒020-0584,岩手県岩手郡雫石町西根
ありね山荘,〒020-0585,岩手県岩手郡雫石町長山小松倉13-7
小岩井乳業工場,〒020-0507,岩手県岩手郡雫石町丸谷地36-1
ケッパレランド,〒020-0573,岩手県岩手郡雫石町南畑第21地割26-15
八幡平カントリークラブ,〒020-0574,岩手県岩手郡雫石町鶯宿温泉
雫石ゴルフ場,〒020-0593,岩手県岩手郡雫石町高倉温泉
御所湖広域公園,〒020-0572,岩手県岩手郡雫石町・盛岡市
岩手県営屋内温水プール,〒020-0585,岩手県岩手郡雫石町長山大鉢森38-4
小柳沢砂防公園オートキャンプ場,〒020-0582,岩手県岩手郡雫石町橋場坂本118-10
弘法桜,,岩手県岩手郡雫石町長山七ツ田
小岩井農場の一本桜,,岩手県岩手郡雫石町
雫石あねっこ,〒020-0501,岩手県岩手郡雫石町
御所湖乗りもの広場,〒020-0572,岩手県岩手郡雫石町西安庭11-7-4
御所湖広域公園ファミリーランド,〒020-0572,岩手県岩手郡雫石町西安庭32-113
岩手山神社,〒020-0585,岩手県岩手郡雫石町長山頭無野
御所ダム,〒020-0501,岩手県岩手郡雫石町/盛岡市
鳥越の滝,〒020-0501,岩手県岩手郡雫石町西根
千沼ヶ原,〒020-0501,岩手県岩手郡雫石町
三ツ石山,〒020-0501,岩手県岩手郡雫石町/八幡平市
駒ヶ岳,〒020-0501,岩手県岩手郡雫石町/仙北市（秋田県）
金田一温泉郷,〒028-5711,岩手県二戸市金田一
九戸城跡,〒028-6101,岩手県二戸市福岡字城の内
馬仙峡,〒028-6103,岩手県二戸市石切所
折爪岳,〒028-6101,岩手県二戸市福岡字織詰26
種山高原星座の森,〒023-1551,岩手県奥州市江刺区米里字大畑66-21
種山高原キャンプ場,〒023-1551,岩手県奥州市江刺区米里字大畑66-21
青ノ木グリーンパーク,〒026-0411,岩手県釜石市橋野町
日中永遠和平の像,〒026-0002,岩手県釜石市大平町（大平公園内）
橋野高炉跡,〒026-0411,岩手県釜石市橋野町
釜石市郷土資料館,〒026-0031,岩手県釜石市鈴子町15-2
気仙大工左官伝承館,〒029-2206,岩手県陸前高田市小友町茗荷1-237
清水の湧口,〒029-2201,岩手県陸前高田市矢作町字清水
道の駅 高田松原,〒029-2205,岩手県陸前高田市高田町字古川28-5
真湯温泉,〒021-0101,岩手県一関市厳美町字真湯１
須川温泉,〒021-0101,岩手県一関市厳美町祭畤山国有林
厳美渓温泉,〒021-0101,岩手県一関市厳美町
昭和湖,〒021-0101,岩手県一関市厳美町祭畤山国有林内
栗駒山（須川岳）,〒021-0101,岩手県一関市厳美町祭畤山国有林内
まん十屋,〒028-0523,岩手県遠野市中央通り5-11
遠野城下町資料館,〒028-0523,岩手県遠野市中央通り4-6
伝承園,〒028-0555,岩手県遠野市土淵町土淵6-5-1
遠野市立博物館,〒028-0515,岩手県遠野市東舘町3-9
遠野物語碑,〒028-0501,岩手県遠野市遠野駅前
鍋倉公園,〒028-0524,岩手県遠野市新町
福泉寺,〒028-0545,岩手県遠野市松崎町駒木7-57
五百羅漢,〒028-0524,岩手県遠野市新町
鍋倉城址,〒028-0524,岩手県遠野市新町
南部曲り家（千葉家）,〒028-0533,岩手県遠野市綾織町上綾織1-14
南部曲り家（菊池家）,〒028-0555,岩手県遠野市土淵町土淵6-5-1
高清水高原,〒028-0501,岩手県遠野市松崎町
早池峰山,〒028-0501,岩手県遠野市（宮古市）
新山根温泉べっぴんの湯,〒028-8521,岩手県久慈市山根町下戸鎖4-5-1
もぐらんぴあ まちなか水族館,〒028-0061,岩手県久慈市中央2-9（久慈駅前）
久慈琥珀博物館,〒028-0071,岩手県久慈市小久慈町19-156-133
岩場海水プール,〒028-7801,岩手県久慈市侍浜町
北侍浜キャンプ場,〒028-7801,岩手県久慈市侍浜町
久慈海岸・つりがね洞,〒028-8111,岩手県久慈市長内町
北限の海女,〒028-8111,岩手県久慈市宇部町
巽山公園,〒028-0056,岩手県久慈市中町1-48
横沼展望台,〒028-7801,岩手県久慈市侍浜町
展勝地レストハウス,〒024-0043,岩手県北上市立花14-21-1
さくらまつり遊覧船,〒024-0043,岩手県北上市立花地内
夏油高原温泉,〒024-0322,岩手県北上市和賀町岩崎新田
瀬峯坂温泉 宝珠の湯,〒024-0321,岩手県北上市和賀町岩崎2-3-1
入畑温泉,〒024-0322,岩手県北上市和賀町岩崎新田1-3-1
夏油温泉,〒024-0322,岩手県北上市和賀町岩崎新田
利根山光人記念美術館,〒024-0043,岩手県北上市立花15-153-2
みちのく民俗村,〒024-0043,岩手県北上市立花14-59
サトウハチロー記念館,〒024-0043,岩手県北上市立花13-67-3
北上カントリークラブ,〒024-0323,岩手県北上市和賀町煤孫1地割
和賀川ふれあい広場,〒024-0058,岩手県北上市下鬼柳
立花毘沙門堂,〒024-0043,岩手県北上市立花16-105
極楽寺遺跡,〒024-0041,岩手県北上市稲瀬町
北上市立鬼の館,〒024-0321,岩手県北上市和賀町岩崎16-131
入畑ダム展望広場,〒024-0322,岩手県北上市和賀町岩崎新田
男山展望台,〒024-0041,岩手県北上市稲瀬町
台温泉 精華の湯(日帰り温泉）,〒025-0305,岩手県花巻市台2-56-1
悠の湯 風の季,〒025-0244,岩手県花巻市湯口松原36-3
ひまわり温泉 ぎんがの湯,〒028-3182,岩手県花巻市石鳥谷町松林寺3-81-10
金矢温泉,〒025-0321,岩手県花巻市金矢5-251-1
鉛温泉 藤三旅館,〒025-0252,岩手県花巻市鉛字中平75-1
高村光太郎記念館,高村山荘,〒025-0037,岩手県花巻市太田3-85-1
花巻ぶどう園風光苑,〒025-0033,岩手県花巻市諏訪316
志戸平温泉プール アクアランド PALPAL,〒025-0244,岩手県花巻市湯口字志戸平27-1
花巻広域公園,〒025-0321,岩手県花巻市金矢5-252-1
清水寺,〒025-0037,岩手県花巻市太田21-5-1
花巻城鐘つき堂,,岩手県花巻市
花巻城址,〒025-0076,岩手県花巻市城内
早池峰と賢治の展示館,〒028-3203,岩手県花巻市大迫町大迫3-161 大迫交流活性化センター敷地内
花巻市博物館,〒025-0014,岩手県花巻市高松26-8-1
円城寺門,〒025-0076,岩手県花巻市城内7-28
薄衣の滝,,岩手県花巻市湯口字天王
緒ケ瀬の滝,〒025-0304,岩手県花巻市湯本
みずさわ物産センターZプラザアテルイ,〒023-0816,岩手県奥州市水沢区西町1-1
奥州市埋蔵文化財調査センター,〒023-0003,岩手県奥州市水沢区佐倉河字九蔵田96-1
水沢公園,〒023-0857,岩手県奥州市水沢区中上野町1-1
胆沢城跡,〒023-0003,岩手県奥州市水沢区佐倉河字宮ノ内地内
吉小路・新小路・日高小路・大畑小路,〒023-0807,岩手県奥州市
水沢公園のヒガン系桜群,〒023-0857,岩手県奥州市水沢区中上野町（水沢公園）
水沢案内所(東北本線),〒023-0813,岩手県奥州市水沢区東大通1-1
さいとう製菓,〒022-0002,岩手県大船渡市大船渡町字富沢41-12
碁石海岸穴通船,〒022-0001,岩手県大船渡市末崎町字大浜
夏虫のお湯っこ,〒022-0101,岩手県大船渡市三陸町越喜来字小出59-1
碁石海岸青少年キャンプ場,〒022-0001,岩手県大船渡市末崎町字大浜
フレアイランド尾崎岬,〒022-0007,岩手県大船渡市赤崎町字鳥沢188-7
氷上山,〒029-2201,岩手県陸前高田市
マリンコープＤＯＲＡ,〒027-0071,岩手県宮古市小山田2-2-1
みやこ浄土ヶ浜遊覧船,〒027-0001,岩手県宮古市浄土ヶ浜日立浜町３２-６９
トヨタレンタリース岩手 宮古店,〒027-0021,岩手県宮古市藤原3-7-12
姉吉キャンプ場,〒027-0111,岩手県宮古市重茂姉吉
宮古港海戦説明板,〒027-0001,岩手県宮古市日立浜町 臼木山地内
潮吹穴,〒027-0096,岩手県宮古市崎秋ヶ崎第17地割古里27番
かわとく壱番館,〒020-0023,岩手県盛岡市内丸16-1
光原社,〒020-0063,岩手県盛岡市材木町2-18
岩山パークランド,〒020-0803,岩手県盛岡市新庄岩山50
原敬記念館,〒020-0866,岩手県盛岡市本宮4丁目38-25
岩手県営スケート場,〒020-0122,岩手県盛岡市みたけ5-9-1
盛岡市アイスアリーナ,〒020-0866,岩手県盛岡市本宮5丁目4-1
盛岡市立太田スポーツセンターキャンプ場,〒020-0053,岩手県盛岡市上太田穴口4-3
上の橋擬宝珠,〒020-0887,岩手県盛岡市上ノ橋町
啄木新婚の家,〒020-0021,岩手県盛岡市中央通三丁目17-18
報恩寺五百羅漢,〒020-0016,岩手県盛岡市名須川町31-15
米内光政の墓,〒020-0874,岩手県盛岡市南大通三丁目11-49
材木町よ市,〒020-0063,岩手県盛岡市材木町
志波城古代公園,〒020-0855,岩手県盛岡市上鹿妻五兵衛新田48-1
岩手県立御所湖広域公園,〒020-0055,岩手県盛岡市繋 雫石町西安庭地内（御所湖周辺）
岩手県営運動公園,〒020-0122,岩手県盛岡市みたけ1-10-1
一ノ倉邸,〒020-0126,岩手県盛岡市安倍館19-64
盛岡市中央公民館御薬園,〒020-0013,岩手県盛岡市愛宕町14-1
光台寺,〒020-0016,岩手県盛岡市名須川町8-4
桜山神社,〒020-0023,岩手県盛岡市内丸1-42
大慈寺,〒020-0828,岩手県盛岡市大慈寺町5-6
東顕寺,〒020-0016,岩手県盛岡市名須川町2-1
龍谷寺,〒020-0016,岩手県盛岡市名須川町7-2
志波城跡,〒020-0855,岩手県盛岡市上鹿妻五兵衛新田48-1
岩手大学ミュージアム,〒020-0066,岩手県盛岡市上田三丁目18-8
ベアレン醸造所,〒020-0061,岩手県盛岡市北山一丁目3-31
盛岡市中央卸売市場,〒020-8567,岩手県盛岡市羽場10-100
もりおか歴史文化館,〒020-0023,岩手県盛岡市内丸1番50号
遺跡の学び館,〒020-0866,岩手県盛岡市本宮字荒屋13-1
岩手県公会堂,〒020-0023,岩手県盛岡市内丸11-2
マリオス展望室,〒020-0045,岩手県盛岡市盛岡駅西通2-9-1 マリオス最上階
いーはとーぶアベニュー材木町,,岩手県盛岡市材木町
石割桜,〒020-0023,岩手県盛岡市内丸9-1 盛岡地方裁判所敷地内
米内のしだれ桜群,〒020-0001,岩手県盛岡市上米内字中居49番 米内浄水場内
高松公園の桜,〒020-0114,岩手県盛岡市高松1丁目26-1
雫石川,〒020-0001,岩手県盛岡市（雫石町）
室根山,〒029-1111,岩手県一関市千厩町/大東町/室根町
角塚古墳,〒023-0401,岩手県奥州市胆沢区南都田字塚田
錦秋湖温泉,〒029-5513,岩手県和賀郡西和賀町耳取
岩手公園ホタルの里,〒020-0023,岩手県盛岡市内丸 岩手公園梅林下
民宿 海楽荘,〒022-0001,岩手県大船渡市末崎町字大浜39
民宿 碁石丸,〒022-0001,岩手県大船渡市末崎町字泊里137-1
彩雲荘,〒028-7302,岩手県岩手郡松尾村寄木北の又
折爪岳山頂展望台,〒028-6103,岩手県二戸市福岡折詰地内
穴ゆっこ,〒029-5513,岩手県和賀郡湯田町耳取49-2-137
上の橋,〒020-0887,岩手県盛岡市上の橋
割烹旅館 廣美亭,〒025-0304,岩手県花巻市湯本1-88-1
岩手銀行中ノ橋支店,〒020-0871,岩手県盛岡市中ノ橋通り1-2-20
湯田温泉峡,〒029-5511,岩手県和賀郡湯田町40-53
奥中山高原センターハウス,〒028-5133,岩手県二戸郡一戸町奥中山字西田子662-1
もみじ交遊舎,〒028-5313,岩手県二戸郡一戸町鳥越字宮古沢21番地1
御所野縄文公園,〒028-5316,岩手県二戸郡一戸町岩舘字御所野2
高森高原キャンプ場,〒028-5302,岩手県二戸郡一戸町女鹿字新田
根反の大珪化木,〒028-5315,岩手県二戸郡一戸町根反
浪打峠の交叉層,〒028-5312,岩手県二戸郡一戸町一戸字大越田
銚子の口,〒028-5301,岩手県二戸郡一戸町
高森高原,〒028-5302,岩手県二戸郡一戸町女鹿
綿帽子温泉館あずみの湯,〒028-7557,岩手県八幡平市細野436-1
草ノ湯温泉,〒028-7111,岩手県八幡平市八幡平国有林地内
安比温泉,〒028-7111,岩手県八幡平市安比岳国有林内
八幡平市博物館,〒028-7533,岩手県八幡平市叺田230
桜松神社,〒028-7542,岩手県八幡平市高畑
だんぶり長者泉の酒湧出の地,〒028-7652,岩手県八幡平市長者前
鹿角街道の一里塚,〒028-7664,岩手県八幡平市
殿坂の石碑,〒028-7676,岩手県八幡平市沢口
ブナの二次林,〒028-7557,岩手県八幡平市国有林内
天狗森の夏氷山風穴,〒028-7111,岩手県八幡平市天狗森国有林
モルデン沸石,〒028-7554,岩手県八幡平市黒沢
蟇沼,〒028-7111,岩手県八幡平市
八幡沼,〒028-7111,岩手県八幡平市
中のまきば・奥のまきば,〒028-7557,岩手県八幡平市安比高原
田代平高原,〒028-7515,岩手県八幡平市
滴生舎,〒028-6941,岩手県二戸市浄法寺町御山字中前田23-6
浄法寺歴史民俗資料館,〒028-6942,岩手県二戸市浄法寺町字御山久保35
稲庭キャンプ場,〒028-6855,岩手県二戸市山内
八葉山天台寺,〒028-6942,岩手県二戸市浄法寺町字御山久保33-1
安比川,〒028-6977,岩手県二戸市
ひろのまきば天文台,〒028-8802,岩手県九戸郡洋野町大野66-8-142
戸井良沢水芭蕉公園,〒028-6612,岩手県九戸郡九戸村戸田
九戸村森林公園,〒028-6501,岩手県九戸郡九戸村荒谷
九戸神社,〒028-6504,岩手県九戸郡九戸村長興寺1-10
九戸政實公の首塚,〒028-6503,岩手県九戸郡九戸村小倉
ふるさと創造館,〒028-6502,岩手県九戸郡九戸村伊保内18-91-3
しだれ栗,〒028-6505,岩手県九戸郡九戸村江刺家
千本松,〒028-6504,岩手県九戸郡九戸村長興寺
公孫樹,〒028-6504,岩手県九戸郡九戸村長興寺
桂藤,〒028-6501,岩手県九戸郡九戸村荒谷
折爪五滝,〒028-6505,岩手県九戸郡九戸村江刺家
岩手洋野ゴルフクラブ,〒028-8805,岩手県九戸郡洋野町水沢第11地割19-13
久慈平岳キャンプ場,〒028-8801,岩手県九戸郡洋野町上館地内
内間木キャンプ場,〒028-8712,岩手県久慈市大字小国16-100-15
平庭高原キャンプ場,〒028-0001,岩手県久慈市大字霜畑
平庭高原のレンゲツツジ,〒028-8713,岩手県久慈市山形村・葛巻町
アジア民族造形館,〒028-8201,岩手県九戸郡野田村日形井6-63-2
玉川野営場,〒028-8202,岩手県九戸郡野田村玉川地内
海蔵院,〒028-8201,岩手県九戸郡野田村大字野田門前小路
愛宕参道広場,〒028-8201,岩手県九戸郡野田村大字野田（愛宕町地区）
十府ヶ浦海岸,〒028-8201,岩手県九戸郡野田村
たねいち産直ふれあい広場,〒028-7912,岩手県九戸郡洋野町種市32-95-1
大谷温泉,〒028-7916,岩手県九戸郡洋野町74-137-14
大和の丘森林公園,〒028-7916,岩手県九戸郡洋野町種市71-61-1
南部もぐり,〒028-7912,岩手県九戸郡洋野町種市
岡谷稲荷神社,〒028-7902,岩手県九戸郡洋野町岡谷
江戸ヶ浜,〒028-7915,岩手県九戸郡洋野町種市
瀧澤大滝,〒028-7917,岩手県九戸郡洋野町滝沢
中野白滝,〒028-7906,岩手県九戸郡洋野町中野
軽米町物産交流館,〒028-6302,岩手県九戸郡軽米町大字軽米8-118
軽米町歴史民俗資料館,〒028-6302,岩手県九戸郡軽米町軽米9-53-1
ニュー軽米カントリークラブ,〒028-6413,岩手県九戸郡軽米町大字円子2-4-1
雪谷川ダムフォリストパーク・軽米  キャンプ場,〒028-6411,岩手県九戸郡軽米町小軽米20-3-1
ミレットパーク キャンプ場,〒028-6222,岩手県九戸郡軽米町山内33-53-1
軽米町ハートフル・スポーツランド,〒028-6302,岩手県九戸郡軽米町軽米1-160-1
雪谷川ダムフォリストパーク・軽米,〒028-6411,岩手県九戸郡軽米町大字小軽米20-3-1
軽米町えぞと大自然のロマンの森（歴史と民話の館）,〒028-6302,岩手県九戸郡軽米町軽米9-53-1
徳楽寺,〒028-6302,岩手県九戸郡軽米町大字軽米4-1
軽米八幡宮,〒028-6302,岩手県九戸郡軽米町軽米8-172-1
薬師塗漆工芸館,〒028-2304,岩手県宮古市箱石5-22-1
西塔幸子記念館,〒028-2421,岩手県宮古市江繁9-43
宮古市北上山地民俗資料館,〒028-2302,岩手県宮古市川井2-187-1
タイマグラキャンプ場,〒028-2301,岩手県宮古市江繁
区界高原ウォーキングセンター,〒028-2631,岩手県宮古市門馬田代2-111-54
判官神社,〒028-2304,岩手県宮古市箱石
木の博物館,,岩手県宮古市
ダケカンバ,〒028-2301,岩手県宮古市
スズラン,〒028-2301,岩手県宮古市
薬師川渓流,〒028-2301,岩手県宮古市
閉伊川渓流,〒028-2301,岩手県宮古市
区界高原,〒028-2301,岩手県宮古市
和井内ふるさと会館,〒028-2105,岩手県宮古市和井内17-64-2
宮古市新里生涯学習センター「玄翁館」,〒028-2101,岩手県宮古市茂市5-2
閉伊川オートキャンプ場,〒028-2101,岩手県宮古市茂市8-53
牧庵鞭牛和尚の碑,〒028-2101,岩手県宮古市茂市
源兵衛平,〒028-2104,岩手県宮古市刈屋
ふだいのアンテナショップ,〒028-8332,岩手県下閉伊郡普代村第９地割字銅や５番地３
ネダリ浜,〒028-8353,岩手県下閉伊郡普代村黒崎
普代浜園地海水浴場,〒028-8301,岩手県下閉伊郡普代村
北山崎自然遊歩道,〒028-8301,岩手県下閉伊郡普代村
黒崎園地オートキャンプ場,〒028-8353,岩手県下閉伊郡普代村黒崎園地
黒崎園地キャンプ場,〒028-8353,岩手県下閉伊郡普代村黒崎園地
緑の村キャンプ場,〒028-8323,岩手県下閉伊郡普代村鳥居
北緯40度運動公園,〒028-8311,岩手県下閉伊郡普代村白井
自然休養村緑の村,〒028-8323,岩手県下閉伊郡普代村鳥居
鵜鳥神社,〒028-8323,岩手県下閉伊郡普代村鳥居
アンモ浦展望台,〒028-8353,岩手県下閉伊郡普代村黒崎
ハマユリ,〒028-8301,岩手県下閉伊郡普代村浜園地
月見草,〒028-8301,岩手県下閉伊郡普代村浜園地
ハマギク,〒028-8300,岩手県下閉伊郡普代村浜園地
ムラサキギリの花,〒028-8353,岩手県下閉伊郡普代村黒崎
ツツジ,〒028-8301,岩手県下閉伊郡普代村
黒崎,〒028-8353,岩手県下閉伊郡普代村黒崎
力持海岸,〒028-8301,岩手県下閉伊郡普代村
太田名部海岸,〒028-8345,岩手県下閉伊郡普代村太田名部
普代案内所,〒028-8300,岩手県下閉伊郡普代村９字銅屋５-３ 三陸鉄道普代駅内
切牛弥五兵衛の墓所,〒028-8405,岩手県下閉伊郡田野畑村切牛
田野畑太助の墓所,〒028-8407,岩手県下閉伊郡田野畑村田野畑
百姓一揆顕彰碑,〒028-8407,岩手県下閉伊郡田野畑村田野畑
田野畑太助の生家,〒028-8407,岩手県下閉伊郡田野畑村田野畑
切牛弥五兵衛生家跡,〒028-8405,岩手県下閉伊郡田野畑村切牛
思惟大橋コミュニティ公園,〒028-8407,岩手県下閉伊郡田野畑村菅窪
戊辰の役石浜古戦場,〒028-8403,岩手県下閉伊郡田野畑村明戸
南部藩鉄山たたら跡,〒028-8407,岩手県下閉伊郡田野畑村鉄山
三閉伊一揆最初の集合地,〒028-8402,岩手県下閉伊郡田野畑村池名
思案坂大橋,〒028-8405,岩手県下閉伊郡田野畑村真木沢
ハマボウフウ,〒028-8403,岩手県下閉伊郡田野畑村明戸
ハマナス,〒028-8405,岩手県下閉伊郡田野畑村真木沢
ハマエンドウ,〒028-8405,岩手県下閉伊郡田野畑村真木沢
北山崎のシロバナシャクナゲ,〒028-8402,岩手県下閉伊郡田野畑村北山崎
イワタバコ,〒028-8405,岩手県下閉伊郡田野畑村真木沢
ハマヒルガオ,〒028-8405,岩手県下閉伊郡田野畑村真木沢
ハマギク,〒028-8405,岩手県下閉伊郡田野畑村真木沢〜北山
弁天島,〒028-8401,岩手県下閉伊郡田野畑村
ひらなめ海岸,〒028-8403,岩手県下閉伊郡田野畑村羅賀・明戸
槙木沢渓谷,〒028-8405,岩手県下閉伊郡田野畑村真木沢
田野畑村総合案内所,〒028-8402,岩手県下閉伊郡田野畑村北山129-10 北山崎ビジターセンター内
モシ竜ロマン・クルーズ,,岩手県下閉伊郡岩泉町小本
ふるさと体験工房,〒027-0502,岩手県下閉伊郡岩泉町乙茂字乙茂76
自然体感の郷ハイマートまつはし,〒028-2311,岩手県下閉伊郡岩泉町二升石字日蔭
ふれあいらんど岩泉,〒027-0502,岩手県下閉伊郡岩泉町乙茂字大向
龍泉洞青少年旅行村,〒027-0501,岩手県下閉伊郡岩泉町岩泉字神成
御殿崎自然休養林,〒027-0421,岩手県下閉伊郡岩泉町小本字大牛内
加茂神社,〒027-0424,岩手県下閉伊郡岩泉町袰野字赤鹿
熊の鼻展望台,〒027-0421,岩手県下閉伊郡岩泉町小本
安家川,,岩手県下閉伊郡岩泉町安家/野田村
清水川,〒027-0501,岩手県下閉伊郡岩泉町岩泉
宇霊羅山,〒027-0501,岩手県下閉伊郡岩泉町岩泉
県立陸中海岸青少年の家,〒028-1371,岩手県下閉伊郡山田町船越2-42
鯨と海の科学館 ※震災のため休館中,〒028-1371,岩手県下閉伊郡山田町船越7-50-1
絆船クルーズ,〒028-1392,岩手県下閉伊郡山田町
マリン・ツーリズム山田,〒028-1392,岩手県下閉伊郡山田町
浦の浜海水浴場 ※震災の影響で現在利用できません。,〒028-1371,岩手県下閉伊郡山田町船越
オランダ島海水浴場 ※震災の影響で現在利用できません。,〒028-1321,岩手県下閉伊郡山田町・山田湾
荒神海水浴場 ※震災の影響で現在利用できません。,〒028-1371,岩手県下閉伊郡山田町船越
船越家族旅行村オートキャンプ場・ケビンハウス,〒028-1371,岩手県下閉伊郡山田町船越９-２６６-２
船越家族旅行村,〒028-1301,岩手県下閉伊郡山田町
オランダ島,〒028-1352,岩手県下閉伊郡山田町飯岡
臥竜梅,〒028-1311,岩手県下閉伊郡山田町大沢
山田湾,〒028-1301,岩手県下閉伊郡山田町
船越半島,〒028-1301,岩手県下閉伊郡山田町
鯨山,〒028-1321,岩手県下閉伊郡山田町/大槌町
霞露ヶ岳,〒028-1301,岩手県下閉伊郡山田町
小田代冷泉,〒027-0342,岩手県宮古市田老字小田代16
真崎海岸海水浴場,〒027-0311,岩手県宮古市田老字和野
真崎遊歩道,〒027-0311,岩手県宮古市
三王遊歩道,〒027-0322,岩手県宮古市田老字青砂里
沼の浜キャンプ場,〒027-0300,岩手県宮古市田老 真崎海岸
津波記念碑,〒027-0300,岩手県宮古市田老字田の沢
常運寺,〒027-0301,岩手県宮古市田老字館が森140
原下展望台,〒027-0311,岩手県宮古市田老字和野 真崎海岸
駒止桜,〒027-0333,岩手県宮古市田老古田
唐傘松,〒027-0361,岩手県宮古市田老小堀内
ハマナス,〒027-0300,岩手県宮古市田老栃内浜
真崎海岸,〒027-0311,岩手県宮古市田老字和野
佐賀部,〒027-0300,岩手県宮古市田老
青野滝,〒027-0375,岩手県宮古市
明神岳飛山,〒027-0300,岩手県宮古市
稲荷穴施設,〒028-0305,岩手県遠野市宮守町達曽部54-57
寺沢高原,〒028-0301,岩手県遠野市宮守町上宮守
大槌湾,〒028-1101,岩手県上閉伊郡大槌町
吉里吉里善兵衛の墓,〒028-1101,岩手県上閉伊郡大槌町吉里吉里
大念寺,〒028-1115,岩手県上閉伊郡大槌町上町1-8
江岸寺,〒028-1117,岩手県上閉伊郡大槌町末広町10-11
小鎚神社,〒028-1115,岩手県上閉伊郡大槌町上町2-16
大槌稲荷神社,〒028-1105,岩手県上閉伊郡大槌町安渡2-8-1
天照御祖神社,〒028-1101,岩手県上閉伊郡大槌町吉里吉里
宮ノ口判官堂,〒028-1101,岩手県上閉伊郡大槌町宮ノ口
蓮乘寺,〒028-1117,岩手県上閉伊郡大槌町末広町7-14
吉祥寺,〒028-1101,岩手県上閉伊郡大槌町吉里吉里4-4-7
金沢山大勝院,〒028-1133,岩手県上閉伊郡大槌町金沢28-54
大槌城跡,〒028-1101,岩手県上閉伊郡大槌町城山
崎山弁天遺跡,〒028-1101,岩手県上閉伊郡大槌町吉里吉里
碇川砲台跡,〒028-1101,岩手県上閉伊郡大槌町浪板
レンゲツツジ,〒028-1101,岩手県上閉伊郡大槌町新山
蓬莱島,〒028-1102,岩手県上閉伊郡大槌町
浪板不動滝,〒028-1101,岩手県上閉伊郡大槌町浪板
高滝,〒028-1133,岩手県上閉伊郡大槌町金沢
新山高原,〒028-1121,岩手県上閉伊郡大槌町小鎚
越喜来浪板海水浴場,〒022-0101,岩手県大船渡市三陸町越喜来字浪板
綾里海水浴場,〒022-0211,岩手県大船渡市三陸町綾里
吉浜海水浴場,〒022-0101,岩手県大船渡市三陸町吉浜
大窪山森林公園,〒022-0102,岩手県大船渡市三陸町吉浜字平根
龍昌寺聖観音,〒022-0101,岩手県大船渡市三陸町越喜来字甫嶺64
宮野貝塚,〒022-0211,岩手県大船渡市三陸町綾里
不動滝,〒022-0211,岩手県大船渡市三陸町綾里
夏虫山高原,〒022-0101,岩手県大船渡市三陸町越喜来
種山ヶ原森林公園,〒029-2311,岩手県気仙郡住田町世田米字子飼沢30-193 遊林ランド種山
種山ケ原,〒029-2311,岩手県気仙郡住田町世田米
五葉山,〒029-2300,岩手県気仙郡住田町・大船渡市・釜石市の境界
一関市立川崎公民館（生涯学習ステーション）,〒029-0202,岩手県一関市川崎町薄衣字諏訪前7-1
川崎石蔵山林間広場,〒029-0201,岩手県一関市川崎町門崎字石蔵地内
川崎農山村広場,〒029-0202,岩手県一関市川崎町薄衣字町裏地内
千石河川公園,〒029-0202,岩手県一関市川崎町薄衣字千石地内
川崎水辺プラザ,〒029-0202,岩手県一関市川崎町薄衣（北上川堤防）
建長の碑,〒029-0201,岩手県一関市川崎町門崎字石蔵地内
河崎の柵跡,〒029-0201,岩手県一関市川崎町門崎字川崎地内
薄衣城跡,〒029-0202,岩手県一関市川崎町薄衣字古舘地内
薄衣の笠松,〒029-0202,岩手県一関市川崎町薄衣字柏木地内
布佐窟,〒029-0201,岩手県一関市川崎町門崎字石蔵地内
ふるさと自然公園センター,〒029-1201,岩手県一関市室根町折壁字室根山1-177
室根山自然研究路,〒029-1201,岩手県一関市室根町折壁
望洋平キャンプ場,〒029-1201,岩手県一関市室根町折壁字室根山
室根山国民休養地,〒029-1201,岩手県一関市室根町/千厩町/大東町
きらら室根山天文台,〒029-1201,岩手県一関市室根町折壁字室根山
三十三観音,〒029-1201,岩手県一関市室根町折壁字室根山
本尊聖観音立像,〒029-1201,岩手県一関市室根町折壁字向山
室根高原県立自然公園,〒029-0711,岩手県一関市大東町、千厩町、室根町
蟻塚公園,〒029-1201,岩手県一関市室根町折壁字上山
室根神社,〒029-1201,岩手県一関市室根町折壁字室根山
室根山参道,〒029-1201,岩手県一関市室根町折壁字室根山
室根山展望台,〒029-1201,岩手県一関市室根町折壁字室根山
室根山のツツジ,〒029-1201,岩手県一関市室根町折壁字室根山
姫滝,〒029-1201,岩手県一関市室根町折壁字室根山
室根高原,〒029-1201,岩手県一関市室根町折壁室根山
唐梅館山環境保全林遊歩道,〒029-0302,岩手県一関市東山町長坂
唐梅館総合公園,〒029-0302,岩手県一関市東山町長坂字西本町212-1
菅公夫人の墓,〒029-0301,岩手県一関市東山町田河津竹沢
宮沢賢治の碑,〒029-0302,岩手県一関市東山町長坂西本町（新山公園内）
二十五菩薩堂,〒029-0303,岩手県一関市東山町松川字町裏ノ上
猊鼻渓の藤,〒029-0302,岩手県一関市長坂字町467
熊谷美術館,〒029-0803,岩手県一関市千厩町千厩字町143番地
千厩アイスアリーナ,〒029-0803,岩手県一関市千厩町千厩字上駒場360番地14 千厩アイスアリーナ
黄金山キャンプ場,〒029-0802,岩手県一関市千厩町小梨字新地地内
飛ケ森キャンプ場,〒029-1111,岩手県一関市千厩町奥玉字飛ケ森11-80
菅秀才精霊塔,〒029-0804,岩手県一関市千厩町磐清水字松森15番地
飛ケ森森林公園,〒029-1111,岩手県一関市千厩町奥玉字飛ヶ森11-183
大光寺薬師堂,〒029-0803,岩手県一関市千厩町千厩字宮敷89番地
観音堂,〒029-1111,岩手県一関市千厩町奥玉字林沢地内
舘山公園,〒029-0803,岩手県一関市千厩町千厩館山地内
千厩酒のくら交流施設（旧横屋酒造・佐藤家住宅）,〒029-0803,岩手県一関市千厩町千厩字北方134番地
館ケ森ファームマーケット,〒029-3311,岩手県一関市藤沢町黄海字衣井沢山9-18
陶芸センター,〒029-3311,岩手県一関市藤沢町黄海字東深萱192-6
大籠キリシタン資料館,〒029-3522,岩手県一関市藤沢町大籠字右名沢28-7
ニコニコパーク,〒029-3404,岩手県一関市藤沢町徳田字大望沢
保呂羽山神社,〒029-3521,岩手県一関市藤沢町保呂羽
大籠キリシタン史跡,〒029-3522,岩手県一関市藤沢町大籠
ガンボクエゴノキ,〒029-3522,岩手県一関市藤沢町大篭沢内11
保呂羽山,〒029-3521,岩手県一関市藤沢町保呂羽
芦東山記念館,〒029-0521,岩手県一関市大東町渋民字伊勢堂71-17
アストロ・ロマン大東,〒029-0711,岩手県一関市大東町大原字山口51-137
観福寺,〒029-0431,岩手県一関市大東町猿沢
曽慶熊野神社,〒029-0522,岩手県一関市大東町曽慶
興田神社,〒029-0602,岩手県一関市大東町鳥海小山41
東川院,〒029-0521,岩手県一関市大東町渋民小林35
摺沢八幡神社,〒029-0523,岩手県一関市大東町摺沢
箒榧,〒029-0431,岩手県一関市大東町猿沢
滑岩渓流,〒029-0711,岩手県一関市大東町大原
小黒滝,〒029-0602,岩手県一関市大東町鳥海
蓬莱山,〒029-0602,岩手県一関市大東町鳥海
大文字キャンプ場,〒029-4101,岩手県西磐井郡平泉町長島字山田地内
木工芸館「遊鵬」,〒029-4101,岩手県西磐井郡平泉町長島字深山95-741
束稲山のツツジ,〒029-4101,岩手県西磐井郡平泉町/奥州市前沢区/一関市東山町
毛越寺のアヤメ,〒029-4102,岩手県西磐井郡平泉町平泉字大沢58
束稲山,〒029-4102,岩手県西磐井郡平泉町/奥州市前沢区／一関市東山町
南岩手カントリークラブ,〒029-3102,岩手県一関市花泉町金沢字鹿伏14-2
総合運動公園キャンプ場,〒029-3205,岩手県一関市花泉町花泉字伊勢沢22
花と泉の公園「れいなｄｅふろーれす」,〒029-3103,岩手県一関市花泉町老松字宮沢159番地1
国見平温泉 はごろもの湯,〒029-4305,岩手県奥州市衣川区長袋230-5
黒滝温泉 のぞみの湯,〒029-4491,岩手県奥州市衣川区上立沢112
歴史ふれあい館,〒029-4421,岩手県奥州市衣川区日向60-18
みちのく古都カントリークラブ,〒029-4475,岩手県奥州市衣川区中山87-5
衣川ふるさと自然塾,〒029-4387,岩手県奥州市衣川区下大森109-3
とうほくニュージーランド村庭園,〒029-4421,岩手県奥州市衣川区日向59
和我叡登挙神社・月山権現社,〒029-4452,岩手県奥州市衣川区川西
雲際寺,〒029-4401,岩手県奥州市衣川区張山60
接待館跡,〒029-4443,岩手県奥州市
安倍館跡,〒029-4384,岩手県奥州市衣川区石神
菊の滝,〒029-4317,岩手県奥州市
衣の滝,〒029-4462,岩手県奥州市衣川区増沢
国見山,〒029-4462,岩手県奥州市衣川区長塚
瑞月（前すぱおあご）,〒023-0403,岩手県奥州市胆沢区若柳字堰袋8-1
胆沢郷土資料館,〒023-0401,岩手県奥州市胆沢区南都田字加賀谷地1-1
つぶ沼キャンプ場,〒023-0403,岩手県奥州市胆沢区若柳字谷子沢1-106
於呂閇志胆沢川神社,〒023-0403,岩手県奥州市胆沢区若柳字下堰袋
ユキツバキ,〒023-0001,岩手県奥州市胆沢区若柳
胆沢川渓谷,〒023-0403,岩手県奥州市胆沢区若柳
つぶ沼,〒023-0403,岩手県奥州市胆沢区若柳字谷子字1-606
肉のちだきゅうアスティ店,〒029-4211,岩手県奥州市前沢区駅東2-8-1
前沢温泉「舞鶴の湯」,〒029-4205,岩手県奥州市前沢区字徳沢1番地45
三沢初子の釈迦像,〒029-4208,岩手県奥州市前沢区字山下181 久成寺内
高野長英母堂の墓,〒029-4208,岩手県奥州市前沢区字山下72番地霊桃寺内
お物見公園,〒029-4206,岩手県奥州市前沢区陣場
西岩寺,〒029-4207,岩手県奥州市前沢区字下小路84番地
霊桃寺,〒029-4208,岩手県奥州市前沢区字山下72番地
白鳥舘遺跡,〒029-4205,岩手県奥州市前沢区字白鳥舘
明後沢古瓦出土地,〒029-4201,岩手県奥州市前沢区古城字明後沢
経塚山のつつじ,〒029-4203,岩手県奥州市前沢区生母字二子
お物見公園の桜,〒029-4206,岩手県奥州市前沢区陣場
みちのく城址温泉 萌えの湯,〒029-4505,岩手県胆沢郡金ケ崎町永栄上宿26番地3
永岡温泉 夢の湯,〒029-4504,岩手県胆沢郡金ケ崎町永沢石持沢6-284
千貫石温泉 湯元東館,〒029-4503,岩手県胆沢郡金ケ崎町西根二枚橋5-1
岩手県立県南青少年の家,〒029-4504,岩手県胆沢郡金ケ崎町永沢下舘49-1
岩手県立花きセンター,〒029-4501,岩手県胆沢郡金ケ崎町六原頭無2-1
桑島重三郎記念館,〒029-4501,岩手県胆沢郡金ケ崎町六原下小路23-3
金ヶ崎ゴルフコース,〒029-4504,岩手県胆沢郡金ケ崎町永沢
千貫石森林公園キャンプ場,〒029-4503,岩手県胆沢郡金ケ崎町西根後千貫石15-1
森山総合公園,〒029-4503,岩手県胆沢郡金ケ崎町西根森山31-2
佐藤得二文学碑,〒029-4503,岩手県胆沢郡金ケ崎町西根南羽沢55
千田正記念館,〒029-4502,岩手県胆沢郡金ケ崎町三ケ尻谷地中98
千貫石森林公園,〒029-4503,岩手県胆沢郡金ケ崎町西根後千貫石15-1
諏訪公園,〒029-4503,岩手県胆沢郡金ケ崎町西根諏訪小路
伊達・南部藩境塚,〒029-4503,岩手県胆沢郡金ケ崎町西根遠谷巾1-15
三角点展望台,〒029-4503,岩手県胆沢郡金ケ崎町西根和光
駒ヶ岳山麓,〒029-4503,岩手県胆沢郡金ケ崎町西根和光
千貫石堤,〒029-4503,岩手県胆沢郡金ケ崎町西根千貫石
駒ヶ岳,〒029-4503,岩手県胆沢郡金ケ崎町西根
ほっとゆだ・自転車ぶらり旅,〒029-5512,岩手県和賀郡西和賀町川尻４０-７３-１１
ゆだ交通（旧湯川温泉タクシー）,〒029-5507,岩手県和賀郡西和賀町大沓36-63-4
女神山,,岩手県和賀郡西和賀町
碧祥寺博物館,〒029-5614,岩手県和賀郡西和賀町太田3-32
志賀来キャンプ場,〒029-5611,岩手県和賀郡西和賀町大野第17地割165番地
玉泉寺,〒029-5614,岩手県和賀郡西和賀町太田3-57
浄円寺,〒029-5614,岩手県和賀郡西和賀町太田3-45
碧祥寺,〒029-5614,岩手県和賀郡西和賀町太田3-32
七ツ釜,〒029-5614,岩手県和賀郡西和賀町弁天
真昼岳,〒029-5614,岩手県和賀郡西和賀町内
左草温泉,〒029-5501,岩手県和賀郡西和賀町左草
槻沢温泉,〒029-5504,岩手県和賀郡西和賀町槻沢
川尻温泉,〒029-5512,岩手県和賀郡西和賀町川尻40-53
大沓温泉,〒029-5507,岩手県和賀郡西和賀町大沓
西和賀町立川村デッサン館,〒029-5511,岩手県和賀郡西和賀町上野々39-142-1
西和賀町立川村美術館,〒029-5511,岩手県和賀郡西和賀町上野々39-190-2
西和賀町歴史民俗資料館,〒029-5511,岩手県和賀郡西和賀町上野々39-190-2
和賀川,〒029-5612,岩手県和賀郡西和賀町
湯田高原カントリー倶楽部,〒029-5522,岩手県和賀郡西和賀町野々宿62-203-20
正岡子規句碑「秋風や人あらわなる山の宿」,〒029-5512,岩手県和賀郡西和賀町川尻
貯砂ダム,〒029-5500,岩手県和賀郡西和賀町川尻 錦秋湖川尻総合公園
南本内川,〒029-5500,岩手県和賀郡西和賀町
湯川沼,〒029-5514,岩手県和賀郡西和賀町
南本内岳,〒023-0001,岩手県和賀郡西和賀町
東和ふるさと村おためし工房,〒028-0115,岩手県花巻市東和町安俵6-147-2
萬鉄五郎記念美術館,〒028-0114,岩手県花巻市東和町土沢5-135
東和ふるさと歴史資料館,〒028-0114,岩手県花巻市東和町土沢9-198
成島和紙工芸館,〒028-0116,岩手県花巻市東和町北成島5-202
猿ヶ石川,〒028-0114,岩手県花巻市
田瀬釣り公園,〒028-0123,岩手県花巻市東和町田瀬10-138
東和町グリーン・ツーリズム体験,〒028-0114,岩手県花巻市東和町土沢8区60
東和B＆G海洋センター,〒028-0123,岩手県花巻市東和町田瀬29区1
東和いこいの森キャンプ場,〒028-0123,岩手県花巻市東和町田瀬13区48
田瀬湖オートキャンプ場,〒028-0123,岩手県花巻市東和町田瀬10区地内
田瀬湖ふれあいランド,〒028-0123,岩手県花巻市
萬鉄五郎記念碑,〒028-0114,岩手県花巻市東和町土沢5区-135
横川省三記念碑及び墓,〒028-0113,岩手県花巻市東和町東晴山
つちざわ市日,〒028-0114,岩手県花巻市東和町土沢「アイリス駐車場」内
西洋風モデルガーデン,〒028-0115,岩手県花巻市東和町安俵6-135
舘山公園,〒028-0114,岩手県花巻市東和町土沢
丹内山神社,〒028-0122,岩手県花巻市東和町谷内2-303
薬師堂,〒028-0123,岩手県花巻市田瀬
毘沙門堂,〒028-0116,岩手県花巻市東和町北成島5-1
成島三熊野神社,〒028-0116,岩手県花巻市東和町北成島5-1
丹内山神社経塚,〒028-0122,岩手県花巻市東和町谷内2-224-2
旧谷内村村農会館,〒028-0122,岩手県花巻市東和谷内2区282
伊藤家住宅,〒028-0123,岩手県花巻市東和町田瀬
旧小原家住宅,〒028-0122,岩手県花巻市東和町谷内6-37
泥金山のシラキ,〒028-0103,岩手県花巻市東和町石鳩岡
数栗自生地,〒028-0103,岩手県花巻市東和町石鳩岡9-63
酒匠館,〒028-3171,岩手県花巻市石鳥谷町中寺林7-17-3
石鳥谷歴史民俗資料館,〒028-3171,岩手県花巻市石鳥谷町中寺林7-7-1
石鳥谷農業伝承館,〒028-3171,岩手県花巻市石鳥谷町中寺林7-28-1
盛岡南ゴルフ倶楽部,〒028-3121,岩手県花巻市石鳥谷町戸塚2-13-1
戸塚森森林公園キャンプ場,〒028-3111,岩手県花巻市石鳥谷町新堀
戸塚森森林公園,〒028-3111,岩手県花巻市石鳥谷町新堀
光勝寺,〒028-3141,岩手県花巻市石鳥谷町五大堂11-49
大興寺,〒028-3181,岩手県花巻市石鳥谷町大興寺23-1
土仏観音堂宇,〒028-3181,岩手県花巻市石鳥谷町大興寺23-1
光林寺,〒028-3171,岩手県花巻市石鳥谷町中寺林12-54
新堀城跡,〒028-3111,岩手県花巻市石鳥谷町新堀
好地旧一里塚,〒028-3101,岩手県花巻市石鳥谷町好地
江曽一里塚,〒028-3151,岩手県花巻市石鳥谷町江曽
戸塚森森林公園の桜・梅・つつじ,〒028-3111,岩手県花巻市石鳥谷町新堀57-44-7
長善寺の桜,〒028-3111,岩手県花巻市石鳥谷町新堀65-54
逆ひば,〒028-3153,岩手県花巻市石鳥谷町小森林
葛丸川渓流,〒028-3185,岩手県花巻市石鳥谷町大瀬川
渓流の駅,〒028-3203,岩手県花巻市大迫町大迫1-1-2
清流の駅,〒028-3204,岩手県花巻市大迫町亀ケ森14-124-4
大迫郷土文化保存伝習館,〒028-3201,岩手県花巻市大迫町内川目1-2
早池峰ぶどう園 吉田ぶどう園,〒028-3201,岩手県花巻市大迫町内川目40-65-1
河原の坊キャンプ場,〒028-3201,岩手県花巻市大迫町内川目河原の坊
笠詰野営場,〒028-3201,岩手県花巻市大迫町内川目国有林地内
早池峰神社,〒028-3201,岩手県花巻市大迫町内川目1-1
七折の滝,〒028-3201,岩手県花巻市内川目
早池峰山,〒028-3201,岩手県花巻市大迫町内川目
不動温泉百万石,〒028-3627,岩手県紫波郡矢巾町和味2-106-5
マース矢巾パストラルバーデン,〒028-3623,岩手県紫波郡矢巾町大字煙山3-563
矢巾温泉郷,〒028-3623,岩手県紫波郡矢巾町大字煙山
南昌山麓水辺の里,〒028-3623,岩手県紫波郡矢巾町大字煙山
矢巾町営キャンプ場,〒028-3623,岩手県紫波郡矢巾町大字煙山
南昌山,〒028-3600,岩手県紫波郡矢巾町
ききょう荘,〒028-3443,岩手県紫波郡紫波町上松本字内方96
峠の駅,〒028-3316,岩手県紫波郡紫波町佐比内字馬場80-1
ぶどう園・小原,〒028-3316,岩手県紫波郡紫波町佐比内外ヶ沢ぶどう団地内
岩手ゴルフ倶楽部,〒028-3453,岩手県紫波郡紫波町土舘字馬ノ子1-1
野村胡堂の歌碑,〒028-3304,岩手県紫波郡紫波町二日町字古舘
巽聖歌の詩碑,〒028-3307,岩手県紫波郡紫波町桜町字下川原100
志和稲荷神社,〒028-3442,岩手県紫波郡紫波町升沢字前平17-1
勝源院の逆ガシワ,〒028-3305,岩手県紫波郡紫波町日詰字朝日田273
志和稲荷神社の杉群,〒028-3442,岩手県紫波郡紫波町升沢字前平17-1
志賀理和気神社の南面の桜,〒028-3307,岩手県紫波郡紫波町桜町字本町川原1
紫波城山公園の桜群,〒028-3304,岩手県紫波郡紫波町二日町字古舘
船久保洞窟,〒028-3532,岩手県紫波郡紫波町船久保字百沢
滝名川渓流,〒028-3453,岩手県紫波郡紫波町土舘字馬ノ子
新山高原,〒028-3453,岩手県紫波郡紫波町土舘字馬ノ子
東根山,〒028-3444,岩手県紫波郡紫波町小屋敷
桜松公園,〒028-7533,岩手県八幡平市叺田70
智恵の滝,〒028-7621,岩手県八幡平市兄川
姫神山一本杉キャンプ場,〒028-4124,岩手県盛岡市大字馬場字前田33-162
岩洞湖家族旅行村,〒028-2711,岩手県盛岡市玉山区薮川字亀橋33-4
石川啄木歌碑（玉山区）,〒028-4125,岩手県盛岡市玉山区
渋民公園,〒028-4132,岩手県盛岡市玉山区渋民字鶴塚5-5
渋民緑地公園,〒028-4132,岩手県盛岡市玉山区渋民字愛宕67-3
東楽寺,〒020-0202,岩手県盛岡市玉山区玉山字一笠31
宝徳寺,〒028-4132,岩手県盛岡市玉山区渋民字渋民2-1
巻堀神社,〒028-4123,岩手県盛岡市玉山区巻堀字本宮22
常光寺,〒020-0201,岩手県盛岡市玉山区日戸字古屋敷71
岩洞湖のスズラン,〒028-2711,岩手県盛岡市玉山区藪川字亀橋33-4
姫神山一本杉,〒028-4124,岩手県盛岡市玉山区字馬場字前田
しだれ赤松,〒020-0202,岩手県盛岡市玉山区玉山字祝の沢
姫神山のスズラン,〒028-4124,岩手県盛岡市玉山区字馬場字前田
外山高原,〒028-2711,岩手県盛岡市玉山区薮川字外山
早坂高原,〒028-2711,岩手県盛岡市岩泉町
天峰山,〒020-0201,岩手県盛岡市玉山区日戸字姥懐
姫神山,〒028-4124,岩手県盛岡市玉山区
プータロ,〒028-7302,岩手県八幡平市八幡平温泉郷
松川キャンプ場,〒028-7302,岩手県八幡平市松川温泉
県民の森キャンプ場,〒028-7302,岩手県八幡平市松尾寄木地内
八幡平サーキットサンマリノグランプリ,〒028-7302,岩手県八幡平市松尾寄木5-2-8
八幡平市自然休養村グラウンド,〒028-7302,岩手県八幡平市松尾寄木2-512
岩手県県民の森,〒028-7302,岩手県八幡平市松尾寄木字沼利515-5
金沢清水,〒028-7302,岩手県八幡平市松尾寄木地内 トラウトガーデン裏
源太森展望台,〒028-7300,岩手県八幡平市
県民の森展望台,〒028-7302,岩手県八幡平市松尾寄木地内
明治百年記念造園地の桜,〒028-7302,岩手県八幡平市寄木
八幡平樹氷,〒028-7111,岩手県八幡平市
蓬莱境,〒028-7111,岩手県八幡平市寄木藤七温泉
大揚沼,〒028-7111,岩手県八幡平市
夜沼,〒028-7111,岩手県八幡平市
蓬莱沼,〒028-7111,岩手県八幡平市
御在所沼・赤沼,〒028-7111,岩手県八幡平市
御護沼,〒028-7302,岩手県八幡平市
御苗代湖,〒028-7111,岩手県八幡平市
畚岳,〒028-7111,岩手県八幡平市
諸桧岳,〒028-7111,岩手県八幡平市
三ッ石山,〒028-7302,岩手県八幡平市
大深岳,〒028-7111,岩手県八幡平市
産直チャグチャグ,〒020-0173,岩手県滝沢市滝沢字牧野林1000-1
農産物共同直売所ふれあい,〒020-0173,岩手県滝沢市滝沢字木賊川320
フォックスバーデンスパ・ドーム,〒020-0172,岩手県滝沢市鵜飼字笹森41-2
国立岩手山青少年交流の家,〒020-0601,岩手県滝沢市後２９２
メイプルカントリークラブ,〒020-0171,岩手県滝沢市大沢1-1
馬返しキャンプ場,〒020-0173,岩手県滝沢市滝沢
相の沢キャンプ場,〒020-0172,岩手県滝沢市鵜飼
鬼越蒼前神社,〒020-0172,岩手県滝沢市鵜飼外久保
雫石街道日向一里塚,〒020-0151,岩手県滝沢市大釜
岩手山高山植物帯,〒020-0101,岩手県滝沢市
クラリー牧場,〒028-7113,岩手県八幡平市平笠2-6-299
上坊牧野の一本桜,〒028-7113,岩手県八幡平市平笠
南部富士カントリークラブ,〒028-7111,岩手県八幡平市大更47-34-2
焼走りキャンプ場,〒028-7113,岩手県八幡平市平笠24-728
岩手山焼走り国際交流村,〒028-7113,岩手県八幡平市平笠24-728
黒石温泉,〒028-4424,岩手県岩手郡岩手町一方井1-43-247
岩手広域交流センター・プラザあい,〒028-4303,岩手県岩手郡岩手町大字江刈内6-1-4
ローズランドカントリークラブ,〒028-4421,岩手県岩手郡岩手町大字一方井1-120-1
御堂観音堂（天台宗北上山新通法寺正覚院）,〒028-4306,岩手県岩手郡岩手町御堂3-9
今松竪穴住居跡,〒028-4421,岩手県岩手郡岩手町一方井今松
浮島古墳群,〒028-4395,岩手県岩手郡岩手町浮島
弓弭の泉,〒028-4306,岩手県岩手郡岩手町大字御堂第3地割地内
丹藤川渓流,〒028-4211,岩手県岩手郡岩手町川口地内
奥の嵐山,〒028-4211,岩手県岩手郡岩手町大字川口地内
産直ハウスほすなある（道の駅くずまき高原）,〒028-5402,岩手県岩手郡葛巻町葛巻39-159-3
くずまき高原牧場(社団法人葛巻町畜産開発公社),〒028-5402,岩手県岩手郡葛巻町葛巻40-57-125
平庭高原、インディペンデンス・トレール、フォレストボード,〒028-5401,岩手県岩手郡葛巻町/久慈市山形町
葛巻町森林公園キャンプ場,〒028-5402,岩手県岩手郡葛巻町葛巻40-57-6
葛巻町社会体育館,〒028-5402,岩手県岩手郡葛巻町葛巻8-33-2
葛巻町総合運動公園,〒028-5402,岩手県岩手郡葛巻町葛巻5-170-1
上外川高原,,岩手県岩手郡葛巻町上外川高原
七滝,〒028-5401,岩手県岩手郡葛巻町田部字下冬部
袖山高原,〒028-5403,岩手県岩手郡葛巻町袖山高原
平庭高原,〒028-5403,岩手県岩手郡葛巻町平庭高原
葛巻町森林公園,〒028-5402,岩手県岩手郡葛巻町葛巻40-57-6
森のこだま館,〒028-5403,岩手県岩手郡葛巻町江刈1-95-55
平庭高原の白樺林,〒028-5402,岩手県岩手郡葛巻町/久慈市山形町
遠別岳,〒028-5401,岩手県岩手郡葛巻町
御所湖温泉,〒020-0572,岩手県岩手郡雫石町西安庭27-4-1
ぬくもり温泉,〒020-0585,岩手県岩手郡雫石町長山岩手山7-32
国見山荘,〒020-0582,岩手県岩手郡雫石町橋場竜川山
雫石町歴史民俗資料館,〒020-0572,岩手県岩手郡雫石町西安庭第15地割39-7
上丸遊歩道,〒020-0501,岩手県岩手郡雫石町
網張キャンプ場,〒020-0585,岩手県岩手郡雫石町長山網張
国見キャンプ場,〒020-0582,岩手県岩手郡雫石町橋場
雫石町総合運動公園,〒020-0543,岩手県岩手郡雫石町高前田104
南八幡平自然休養林,〒020-0501,岩手県岩手郡雫石町
滝ノ上キャンプ場,〒020-0584,岩手県岩手郡雫石町西根
葛根田渓谷の紅葉,,岩手県岩手郡雫石町
雫石川園地の桜,,岩手県岩手郡雫石町
アルペン記念公園,〒020-0596,岩手県岩手郡雫石町千刈田
三社座神社,〒020-0537,岩手県岩手郡雫石町上町77番地
多賀神社,〒020-0595,岩手県岩手郡雫石町御明神30-45
雫石神社,〒020-0584,岩手県岩手郡雫石町西根北妻
旧秋田街道,〒020-0582,岩手県岩手郡雫石町橋場
七ッ森展望台,〒020-0503,岩手県岩手郡雫石町七ッ森
国見の紅葉,,岩手県岩手郡雫石町橋場国見温泉
小岩井農場の桜並木,,岩手県岩手郡雫石町丸谷地36-1
雫石川園地の桜並木,,岩手県岩手郡雫石町
葛根田渓谷,〒020-0501,岩手県岩手郡雫石町西根159
烏帽子岳,〒020-0501,岩手県岩手郡雫石町/仙北市（秋田県）
大松倉山,〒020-0501,岩手県岩手郡雫石町/八幡平市
産直来夢くん,〒023-0841,岩手県奥州市水沢区真城字杉の下５１
えさし夢プラザ,〒023-1112,岩手県奥州市江刺区南大通り7-40
仙北街道,,岩手県奥州市胆沢区若柳字下嵐江
胆沢ダム（奥州湖）,,岩手県奥州市胆沢区若柳地内
桜の回廊（国道397号線の桜並木）,〒023-0403,岩手県奥州市胆沢区若柳地内
金田一温泉センター「ゆうゆうゆ〜らく」,〒028-5711,岩手県二戸市金田一字湯田41
浄法寺冷泉「海上の湯」,〒028-6968,岩手県二戸市浄法寺町海上前田6-10
二戸広域物産センター カシオペアメッセなにゃーと,〒028-6103,岩手県二戸市石切所字森合68番地
二戸市シビックセンター,〒028-6103,岩手県二戸市石切所字荷渡6-2
もりの学び舎,〒028-6101,岩手県二戸市福岡字織詰26-2
自然公園センター,〒028-6101,岩手県二戸市福岡字織詰26-2
二戸歴史民俗資料館,〒028-6101,岩手県二戸市福岡字長嶺80-1
折爪岳キャンプ場,〒028-6101,岩手県二戸市福岡字織詰26-9
折爪岳オートキャンプ場,〒028-6101,岩手県二戸市福岡字織詰26
稲庭高原パークゴルフ場,,岩手県二戸市浄法寺町野黒沢地内
亀磨神社,〒028-5711,岩手県二戸市金田一字長川41
瀬戸内寂聴記念館,〒028-6854,岩手県二戸市浄法寺町下前田37-4
田中舘愛橘博士ゆかりの家及びローマ字墓,〒028-6101,岩手県二戸市福岡字五日町56
呑香稲荷神社,〒028-6101,岩手県二戸市福岡字五日町29番地
二戸市埋蔵文化財センター,〒028-6101,岩手県二戸市福岡字八幡下11-1
古梅園の梅,〒028-6101,岩手県二戸市福岡字鍵取
ヒメボタル観賞会,,岩手県二戸市福岡字織詰地内
浪打峠の交叉層,〒028-6103,岩手県二戸市石切所/一戸町
えさしクリーンパーク,〒023-1101,岩手県奥州市江刺区岩谷堂字大沢田172-3
菊田一夫記念館,〒023-1111,岩手県奥州市江刺区大通り3-1
えさし郷土文化館,〒023-1101,岩手県奥州市江刺区岩谷堂字小名丸102-1
明治記念館,〒023-1117,岩手県奥州市江刺区南町4-8
江刺カントリー倶楽部,〒023-0171,岩手県奥州市江刺区田原字深沢54-1
藤里の珪化木,〒023-1762,岩手県奥州市江刺区藤里字石名田
宮沢賢治詩碑,〒023-1551,岩手県奥州市江刺区米里字大畑
川端康成文学碑,〒023-1101,岩手県奥州市江刺区岩谷堂向山
向山公園,〒023-1101,岩手県奥州市江刺区岩谷堂
愛宕山自然公園,〒023-1762,岩手県奥州市江刺区藤里
愛宕神社,〒023-1762,岩手県奥州市江刺区藤里
兜跋毘沙門天立像,〒023-1762,岩手県奥州市江刺区藤里字智福
戸隠神社,〒023-1761,岩手県奥州市江刺区伊手字小中田54
玉崎神社,〒023-1134,岩手県奥州市江刺区玉里字玉崎498
益沢院跡,〒023-1101,岩手県奥州市江刺区岩谷堂
五位塚墳丘群,〒023-1101,岩手県奥州市江刺区岩谷堂字五位塚
藤原氏御館跡,〒023-1101,岩手県奥州市江刺区岩谷堂
人首城跡,〒023-1551,岩手県奥州市江刺区米里
豊田館跡,〒023-1101,岩手県奥州市江刺区岩谷堂
旧後藤家住宅,〒023-1101,岩手県奥州市江刺区岩谷堂字向山
夢乃橋,〒023-1101,岩手県奥州市江刺区
種山高原,〒023-1551,岩手県奥州市と住田町
阿原山高原,〒023-1761,岩手県奥州市
蓬莱山,〒023-0171,岩手県奥州市一関市大東町
かまいし特産店,〒026-0031,岩手県釜石市鈴子町22-1
釜石物産協会,〒026-0031,岩手県釜石市鈴子町22-1 シープラザ釜石1
釜石園芸植物園,〒026-0053,岩手県釜石市定内町1-12-2
グリーン・ツーリズム農村体験,,岩手県釜石市
三陸カントリー倶楽部,〒026-0001,岩手県釜石市大字上平田第1割地13
青ノ木キャンプ場,〒026-0411,岩手県釜石市橋野町2-6
三浦命助の碑,〒026-0412,岩手県釜石市栗林町
徳治の碑,〒026-0022,岩手県釜石市大只越町石応禅寺境内
仏舎利塔,〒026-0002,岩手県釜石市大平町3-9-1
中村重兵衛の像,〒026-0001,岩手県釜石市平田町尾崎白浜
銅像（田中長兵衛・横山久太郎）,〒026-8567,岩手県釜石市鈴子町新日本製鉄釜石製鉄所構内
古里嘉惣治小屋野十三郎の碑,〒026-0411,岩手県釜石市橋野町荻の洞
大島高任顕彰碑,〒026-0055,岩手県釜石市甲子町釜石鉱山（株）構内
薬師公園,〒026-0024,岩手県釜石市大町
石応禅寺,〒026-0022,岩手県釜石市大只越町1-1-1
中村判官堂,〒026-0411,岩手県釜石市橋野町
尾崎神社,〒026-0001,岩手県釜石市尾崎
法冠神社,〒026-0302,岩手県釜石市片岸町室浜
星座石,〒026-0121,岩手県釜石市唐丹町本郷
旧釜石街道,〒026-0055,岩手県釜石市甲子町大橋
和山高原シナの木,〒026-0411,岩手県釜石市橋野町
五葉山のハクサンシャクナゲ,〒026-0000,岩手県釜石市/大船渡市/住田町
ゴヨウ白樺,〒026-0001,岩手県釜石市愛染山
釜石園芸植物園のツツジ,〒026-0053,岩手県釜石市定内町1-12-2
仙人峠,〒026-0055,岩手県釜石市甲子町大橋
唐丹桜並木,〒026-0121,岩手県釜石市唐丹町
尾崎半島,〒026-0001,岩手県釜石市
鎌崎,〒026-0001,岩手県釜石市
三貫島,〒026-0001,岩手県釜石市
御箱崎,〒026-0001,岩手県釜石市箱崎町
不動の滝,〒026-0055,岩手県釜石市甲子町
千丈ヶ滝,〒026-0304,岩手県釜石市両石町
和山高原,〒026-0411,岩手県釜石市橋野町
愛染山,〒026-0001,岩手県釜石市/住田町
五葉山,〒026-0000,岩手県釜石市/大船渡市/住田町
黒崎仙峡温泉,〒029-2208,岩手県陸前高田市広田町字黒崎9-41
川の駅よこた,〒029-2202,岩手県陸前高田市横田町字砂子田169
ホロタイの郷「炭の家」,〒029-2201,岩手県陸前高田市矢作町清水川8-3
気仙川,〒029-2204,岩手県陸前高田市横田町・竹駒町・気仙町
黒崎仙峡を訪ねるみち,〒029-2201,岩手県陸前高田市
蛇ヶ崎園地遊歩道,〒029-2201,岩手県陸前高田市
広田崎園地遊歩道,〒029-2201,岩手県陸前高田市
市民の森,〒029-2207,岩手県陸前高田市小友町字茗荷1-1
気仙隕石,〒029-2204,岩手県陸前高田市気仙町字丑沢
長円寺の隕石降落碑,〒029-2204,岩手県陸前高田市気仙町字丑沢
土井晩翠歌碑,〒029-2208,岩手県陸前高田市広田町字集
竹駒神社,〒029-2203,岩手県陸前高田市竹駒町字童子
気仙成田山,〒029-2204,岩手県陸前高田市気仙町
氷上神社,〒029-2205,岩手県陸前高田市高田町字西和野83
普門寺,〒029-2206,岩手県陸前高田市米崎町字地竹沢181
中沢浜貝塚,〒029-2208,岩手県陸前高田市広田町字中沢
玉山金山遺跡,〒029-2203,岩手県陸前高田市竹駒町字上壷地内
普門寺三重塔,〒029-2206,岩手県陸前高田市米崎町字地竹沢181
玉山高原園地展望台,〒029-2203,岩手県陸前高田市竹駒町
箱根山展望台,〒029-2207,岩手県陸前高田市小友町
広田半島大森山園地展望台,〒029-2208,岩手県陸前高田市広田町
華蔵寺の宝珠の松,〒029-2207,岩手県陸前高田市小友町字門前
常膳寺の姥杉,〒029-2207,岩手県陸前高田市小友町字上の坊
広田崎,〒029-2208,岩手県陸前高田市広田町
蛇ヶ崎,〒029-2207,岩手県陸前高田市小友町
黒崎仙峡,〒029-2208,岩手県陸前高田市広田町
椿島,〒029-2208,岩手県陸前高田市広田町
青松島,〒029-2208,岩手県陸前高田市広田町
新鮮館おおまち,〒021-0881,岩手県一関市大町4-29
松栄堂,〒021-0893,岩手県一関市地主町3-36
畑ノ沢鉱泉たまご湯,〒029-0802,岩手県一関市千厩町小梨字小林334-1
宝竜温泉,〒021-0101,岩手県一関市厳美町字宝竜147-5
産直山ちゃん,〒029-0711,岩手県一関市大東町大原字金山沢22-1
産直ふるさと大東,〒029-0521,岩手県一関市大東町渋民字関ノ上114-4
まちの駅新町JaJa馬プラザ,〒029-0803,岩手県一関市千厩町千厩字町212
祥雲寺田村記念館,〒021-0873,岩手県一関市台町48-2
世嬉の一酒の民俗文化博物館,〒021-0885,岩手県一関市田村町5-42
室根高原ふれあい牧場,〒029-0711,岩手県一関市大東町大原字山口51-139
栗駒山登山自然観察路,〒021-0101,岩手県一関市厳美町祭畤山国有林内
一関カントリークラブ,〒021-0902,岩手県一関市萩荘地黒木1-4
須川野営場,〒021-0101,岩手県一関市厳美町祭畤山国有林内
真湯野営場,〒021-0101,岩手県一関市厳美町字真湯地内
薬師如来坐像,〒021-0874,岩手県一関市釣山28
ふかし湯,〒021-0101,岩手県一関市厳美町祭畤山国有林内
釣山公園,〒021-0874,岩手県一関市釣山
一関遊水地記念緑地公園,〒029-0131,岩手県一関市狐禅寺
磐井川河川公園,〒021-0015,岩手県一関市山目字川原田外
祥雲寺（一切経蔵）,〒021-0873,岩手県一関市台町
山吹城本丸跡,,岩手県一関市大東町大原字川内
泥田廃寺跡,〒021-0055,岩手県一関市山目
せんまや街角資料館,〒029-0803,岩手県一関市千厩町千厩字北方129-1
旧沼田家武家住宅,〒021-0885,岩手県一関市田村町2-18
釣山展望台,〒021-0874,岩手県一関市釣山
山吹棚田,〒029-0711,岩手県一関市大東町大原字山吹
釣山公園の桜,〒021-0874,岩手県一関市釣山
磐井川,〒021-0001,岩手県一関市
猿ヶ石川,〒028-0542,岩手県遠野市
佐々木喜善の生家,〒028-0552,岩手県遠野市土淵町山口
厳篭神社,〒028-0481,岩手県遠野市小友町33-4
常楽寺,〒028-0481,岩手県遠野市小友町33-9
常堅寺,〒028-0555,岩手県遠野市土淵町土淵7-50
瑞応院,〒028-0527,岩手県遠野市大工町1-3
南部神社,〒028-0515,岩手県遠野市東舘町3-6
早池峯神社,〒028-0661,岩手県遠野市附馬牛町上附馬牛19-82
智恩寺,〒028-0524,岩手県遠野市新町1-34
鍋倉公園の桜,〒028-0524,岩手県遠野市新町
遠野のモリオカシダレ,〒028-0501,岩手県遠野市松崎町
早池峰山の高山植物,〒028-0501,岩手県遠野市（花巻市・宮古市）
ミズバショウ,〒028-0501,岩手県遠野市貞任高原
青笹のイブキ,〒028-0501,岩手県遠野市青笹町
薬師岳の植物,〒028-0501,岩手県遠野市附馬牛町
仙人峠の紅葉,〒028-0501,岩手県遠野市・釜石市
大洞カルスト,〒028-0501,岩手県遠野市附馬牛町
又一の滝,〒028-0501,岩手県遠野市附馬牛町
重湍渓,〒028-0501,岩手県遠野市附馬牛町
荒川高原,〒028-0501,岩手県遠野市（宮古市）
貞任高原,〒028-0501,岩手県遠野市土淵町
薬師岳,〒028-0501,岩手県遠野市
久慈琥珀,〒028-0071,岩手県久慈市小久慈町
滝ダム湖遊覧船,〒028-0091,岩手県久慈市大川目町
平庭高原パークゴルフ場＆スキー場,〒028-8605,岩手県久慈市山形町平庭高原
舟渡海水浴場,〒028-0041,岩手県久慈市長内町
侍浜遊歩道,〒028-8030,岩手県久慈市侍浜町
久慈渓流,〒028-0091,岩手県久慈市大川目町
三船十段記念館,〒028-0082,岩手県久慈市川貫5-20-230
久慈の市日,〒028-0056,岩手県久慈市中町
諏訪神社,〒028-0041,岩手県久慈市長内町35-98
久慈城址,〒028-0091,岩手県久慈市大川目町
赤浜展望台,〒028-0041,岩手県久慈市長内町
長泉寺の大イチョウ,〒028-0021,岩手県久慈市門前長泉寺
侍浜海岸,〒028-0001,岩手県久慈市侍浜町
牛島,〒028-0001,岩手県久慈市侍浜町麦生
久慈渓流,〒028-0001,岩手県久慈市大川目町〜山形町
遠島山,〒028-0001,岩手県久慈市（岩泉町・山形村）
久慈広域協議会事務局,〒028-0061,岩手県久慈市中央3-39 あさひビル２階
北上ビューロ,〒024-0061,岩手県北上市大通り1-3-1 おでんせプラザぐろーぶ
鬼翔平コース,,岩手県北上市
鬼すむ誇りコース,,岩手県北上市
つなとり温泉,〒024-0331,岩手県北上市和賀町横川目3-17-2
水神温泉,〒024-0322,岩手県北上市和賀町岩崎
ふるさと体験館北上,〒024-0324,岩手県北上市和賀町山口23-24-5
北上市立博物館,〒024-0043,岩手県北上市立花14-59
日本現代詩歌文学館,〒024-8503,岩手県北上市本石町2-5-60
北上市民ゴルフ場,〒024-0058,岩手県北上市下鬼柳４-１-９２
北上市憩いの森,〒024-0041,岩手県北上市稲瀬町
大堤キャンプ場,〒024-0051,岩手県北上市相去町高前檀
げとうパークゴルフ場,〒024-0322,岩手県北上市和賀町岩崎新田
多聞院伊澤家住宅,〒024-0325,岩手県北上市和賀町岩沢
北上夜曲の碑,〒024-0043,岩手県北上市立花
聖塚（河野通信墳墓）,〒024-0041,岩手県北上市稲瀬町
九年橋せせらぎ公園,,岩手県北上市北鬼柳30地割地内
和賀川グリーンパーク,〒024-0071,岩手県北上市上江釣子
北上総合運動公園,〒024-0051,岩手県北上市相去町高前檀27-36
万蔵寺,〒024-0211,岩手県北上市口内町字金峰山44
鹿島神社宮殿,〒024-0056,岩手県北上市鬼柳町満屋
八天遺跡,〒024-0103,岩手県北上市更木町
天狗の岩,〒024-0322,岩手県北上市和賀町岩崎新田
成田一里塚,〒024-0003,岩手県北上市成田
カムイヘチリコホ,〒024-0072,岩手県北上市北鬼柳
国見山廃寺跡,〒024-0041,岩手県北上市稲瀬町内門岡
江釣子古墳群,〒024-0071,岩手県北上市上江釣子
二子一里塚,〒024-0104,岩手県北上市二子町
樺山歴史の広場,〒024-0041,岩手県北上市稲瀬町
藩境塚,〒024-0051,岩手県北上市相去町
飛勢城趾,〒024-0104,岩手県北上市二子町
岩崎城址,〒024-0321,岩手県北上市和賀町岩崎
秀衡街道,,岩手県北上市
岩手大学工学部附属金型技術研究センター,〒024-0051,岩手県北上市相去町山田2-35
北上市基盤技術支援センター,〒024-0051,岩手県北上市相去町山田2-35
北上平和記念展示館,〒024-0334,岩手県北上市和賀町藤根14-147-3
珊瑚橋,〒024-0043,岩手県北上市立花
国見山大悲閣展望台,〒024-0041,岩手県北上市稲瀬町
奥寺堰・ミズバショウの里,,岩手県北上市村崎野
仙人峠の姥杉,,岩手県北上市和賀町
【男山・いこいの森・大堤公園】しらゆり,,岩手県北上市
【展勝地・和賀ふれあい広場】 あじさい,,岩手県北上市
【みちのく民俗村】 桜,〒024-0043,岩手県北上市立花14-59
【展勝地】 桜、ツツジ,〒024-0043,岩手県北上市立花
小鳥崎の大カヤ,〒024-0105,岩手県北上市小鳥崎２地割
鳥谷脇の桜,〒024-0331,岩手県北上市和賀町横川目
ボタン園,〒024-0058,岩手県北上市下鬼柳
岩沢ミズバショウ群生地,〒024-0325,岩手県北上市岩沢地内
北上ざぜん草の里,〒024-0334,岩手県北上市和賀町藤根
全明寺泉,,岩手県北上市下江釣子
ぽんぽこ泉,,岩手県北上市下江釣子12地割
やすらぎの泉,,岩手県北上市下江釣子14地割
桂の泉,,岩手県北上市下江釣子14地割
地蔵流れの泉,,岩手県北上市滑田９地割
新渡戸観音泉,,岩手県北上市下江釣子14地割
家慶の清水（吹咳大権現）,,岩手県北上市下江釣子16地割
長清水,,岩手県北上市和賀町藤根27地割
佐野公園,,岩手県北上市下江釣子10地割
飯島のすず,,岩手県北上市和賀町長沼
江釣子清水郡,,岩手県北上市
綱取断層,〒024-0331,岩手県北上市和賀町横川目
和賀の松島,〒024-0325,岩手県北上市和賀町岩沢８地割
夏油高原の山歩き,〒024-0322,岩手県北上市和賀町岩崎新田
夏油高原,,岩手県北上市
駒ヶ岳,〒024-0322,岩手県北上市和賀町岩崎新田
経塚山,〒024-0322,岩手県北上市和賀町岩崎新田
牛形山,〒024-0322,岩手県北上市和賀町岩崎新田
林風舎,〒025-0092,岩手県花巻市大通り1丁目3-4
ヤマザキショップまるろく,〒025-0092,岩手県花巻市大通り1-3-1
メディカルスパ 花巻トロン,〒025-0244,岩手県花巻市湯口字松原76-9
桜地人館,〒025-0084,岩手県花巻市桜町4丁目14
花巻歴史民俗資料館,〒025-0037,岩手県花巻市太田3-85-1
伊藤果樹園,,岩手県花巻市
宇津宮果樹園（林檎屋）,〒028-3122,岩手県花巻市石鳥谷町滝田17-9
だいわブルーベリー園,〒025-0046,岩手県花巻市鍋倉地森7番地
早池峰ぶどう園 藤原ぶどう園,〒028-3201,岩手県花巻市大迫町内川目45-29
平塚・花巻交流の森,〒025-0321,岩手県花巻市金矢第5地割
鉛温泉スキー場,〒025-0252,岩手県花巻市鉛字中平36-1
神楽の館,,岩手県花巻市大迫町内川目第３９地割３７〜２
高村光太郎詩碑,〒025-0037,岩手県花巻市太田3-91-3
大迫九の市,〒028-3203,岩手県花巻市大迫町大迫
光徳寺,,岩手県花巻市南川原町９５
雄山寺,,岩手県花巻市愛宕町1-25
勝行院,〒025-0086,岩手県花巻市鍛治町8-15
鳥谷崎神社,〒025-0076,岩手県花巻市城内7-28
エーデルワイン 工場見学コース,〒028-3203,岩手県花巻市大迫町大迫10-18-3
花巻市総合文化財センター,〒028-3203,岩手県花巻市大迫町大迫3-39-1
同心屋敷,〒025-0084,岩手県花巻市桜町4丁目83-5
ハヤチネウスユキソウ,〒028-3201,岩手県花巻市内川目
花輪堤花菖蒲群落,〒025-0002,岩手県花巻市西宮野目
花巻文化村,〒025-0004,岩手県花巻市葛 8-283-1
盛栄堂及源鋳造,〒023-0132,岩手県奥州市水沢区羽田町堀ノ内45
宝生堂・及富,〒023-0105,岩手県奥州市水沢区羽田町宝生57
水沢石田温泉,〒023-0073,岩手県奥州市水沢区字寺領35
道の駅みずさわ「フロール」,〒023-0831,岩手県奥州市水沢区姉体町字石川原51-3
東光庵,〒023-0101,岩手県奥州市水沢区黒石町字山内15-5
月江庵,〒023-0101,岩手県奥州市水沢区黒石町字正法寺58-2
めんこい美術館,〒023-0003,岩手県奥州市水沢区佐倉河字東広町1-4
消防記念館,〒023-0808,岩手県奥州市水沢区日高小路13
奥州市武家住宅資料館,〒023-0054,岩手県奥州市水沢区吉小路43
高野長英記念館,〒023-0857,岩手県奥州市水沢区中上野町1-9
奥州市伝統産業会館,〒023-0104,岩手県奥州市水沢区羽田町駅前1丁目109
斎藤實記念館,〒023-0054,岩手県奥州市水沢区吉小路24
グリーンヒル見分森フィールド・アスレチック場,〒023-0874,岩手県奥州市水沢区見分森55-1
水沢リバーサイドゴルフ場,〒023-0841,岩手県奥州市水沢区真城字明神堂22の2
大師山森林公園キャンプ場,〒023-0101,岩手県奥州市水沢区黒石町字長根112-69
高野長英誕生の地,〒023-0054,岩手県奥州市水沢区吉小路
後藤新平の像,〒023-0857,岩手県奥州市水沢区中上野町（水沢公園）
斎藤實の像,〒023-0857,岩手県奥州市水沢区中上野町（水沢公園）
後藤寿庵館跡,〒023-0882,岩手県奥州市水沢区福原
水沢ふれあいの丘公園,〒023-0132,岩手県奥州市水沢区羽田町うぐいす平72
グリーンヒル見分森,〒023-0874,岩手県奥州市水沢区見分森55-1
日高神社,〒023-0808,岩手県奥州市水沢区日高小路13
後藤新平旧宅,〒023-0802,岩手県奥州市水沢区吉小路8-1
高野長英旧宅,〒023-0802,岩手県奥州市水沢区大畑小路7
カヤ,〒023-0132,岩手県奥州市水沢区羽田町門下80番地（千養寺）
姥杉（日高神社）,〒023-0808,岩手県奥州市水沢区日高小路14番地（日高神社）
おさかなセンター三陸,〒022-0002,岩手県大船渡市大船渡町字砂子前1-1
碁石温泉（民宿 海楽荘）,〒022-0001,岩手県大船渡市末崎町字大浜39
しゃくなげの湯っこ・五葉温泉,〒022-0005,岩手県大船渡市日頃市町字赤坂西風山1-5
碁石海岸レストハウス,〒022-0001,岩手県大船渡市末崎町字大浜221-68
綾里物産センター銀河,〒022-0211,岩手県大船渡市三陸町綾里字宮野40-1
遊・YOU・亭 夏虫,〒022-0101,岩手県大船渡市三陸町越喜来字小出59-1
世界の椿館・碁石,〒022-0001,岩手県大船渡市末崎町大浜280-1
大船渡市立博物館,〒022-0001,岩手県大船渡市末崎町字大浜221-86
碁石海岸遊歩道,〒022-0001,岩手県大船渡市末崎町
きだみのる記念文学碑,〒022-0007,岩手県大船渡市赤崎町
石川啄木歌碑,〒022-0003,岩手県大船渡市盛町天神山公園
泉田愛泉歌碑,〒022-0001,岩手県大船渡市末崎町
石川啄木曽遊之地碑,〒022-0002,岩手県大船渡市大船渡町字丸森
盛町の朝市,〒022-0003,岩手県大船渡市盛町
天神山公園,〒022-0003,岩手県大船渡市盛町
龍福山 長谷寺,〒022-0004,岩手県大船渡市猪川町字長谷堂127
長安寺,〒022-0005,岩手県大船渡市日頃市町字長安寺57
大洞貝塚,〒022-0007,岩手県大船渡市赤崎町字大洞
下船渡貝塚,〒022-0002,岩手県大船渡市大船渡町字下船渡
蛸ノ浦貝塚,〒022-0007,岩手県大船渡市赤崎町字蛸ノ浦
通岡展望台,〒022-0001,岩手県大船渡市末崎町 国道45号脇
五葉山のハクサンシャクナゲ,〒022-0001,岩手県大船渡市/釜石市/住田町
樋口沢ゴトランド紀層,〒022-0005,岩手県大船渡市日頃市町
館ヶ崎角岩岩脈,〒022-0001,岩手県大船渡市末崎町
長崎海岸,〒022-0007,岩手県大船渡市赤崎町
千丸海岸,〒022-0007,岩手県大船渡市赤崎町
尾崎岬,〒022-0007,岩手県大船渡市赤崎町
盛川,〒022-0001,岩手県大船渡市
五葉山,〒022-0001,岩手県大船渡市/釜石市/住田町
今出山,〒022-0001,岩手県大船渡市
碁石海岸案内所,〒022-0001,岩手県大船渡市末崎町字大浜221-68
姉ケ崎サン・スポーツランド,〒027-0097,岩手県宮古市崎山3-75-1
藤ノ川海水浴場,〒027-0029,岩手県宮古市磯鶏
女遊戸海水浴場,〒027-0097,岩手県宮古市崎山女遊戸
蛸の浜海水浴場,〒027-0009,岩手県宮古市蛸ノ浜
浄土ヶ浜海水浴場,〒027-0001,岩手県宮古市日立浜町
浄土ヶ浜自然研究路,〒027-0001,岩手県宮古市
月山自然歩道,〒027-0001,岩手県宮古市
トドヶ崎自然歩道,〒027-0001,岩手県宮古市
宮古カントリークラブ,〒027-0097,岩手県宮古市崎山4-86-3
うみねこと乙女の像,〒027-0076,岩手県宮古市宮古駅前
啄木寄港の地の碑,〒027-0005,岩手県宮古市光岸地（宮古漁協ビル敷地内）
宮沢賢治歌碑,〒027-0001,岩手県宮古市浄土ヶ浜レストハウス前
吉川英治句碑,〒027-0092,岩手県宮古市愛宕1丁目4-6 愛宕小学校敷地内
常安寺,〒027-0088,岩手県宮古市沢田4-11
横山八幡宮,〒027-0052,岩手県宮古市宮町2-5-1
御台場展望台,〒027-0001,岩手県宮古市浄土ヶ浜
剛台展望台,〒027-0001,岩手県宮古市浄土ヶ浜
館ヶ崎展望台,〒027-0001,岩手県宮古市浄土ヶ浜
月山展望台,〒027-0111,岩手県宮古市重茂（重茂半島）第26地割鵜磯
スカシユリ,〒027-0001,岩手県宮古市浄土ヶ浜
ローソク岩,〒027-0096,岩手県宮古市崎鍬ケ崎第12地割1番
日出島,〒027-0096,岩手県宮古市崎鍬ヶ崎18-56
津軽石川,〒027-0203,岩手県宮古市津軽石
月山,〒027-0111,岩手県宮古市重茂第26地割字鵜磯
ＩＧＲ渋民駅,〒028-4134,岩手県盛岡市玉山区下田陣場65-1
つどいの森こもれびの宿（盛岡市都南サイクリングターミナル）,〒020-0842,岩手県盛岡市湯沢1-1-41
サイクルオダシマ,〒020-0015,岩手県盛岡市本町通1-6-33
岩手大学植物園,〒020-8550,岩手県盛岡市上田三丁目18-8
盛岡市先人記念館,〒020-0866,岩手県盛岡市本宮字蛇屋敷2-2
都南歴史民俗資料館,〒020-0842,岩手県盛岡市湯沢1-1-38
山車資料館,〒020-0872,岩手県盛岡市八幡町13-1
高松芝水園,〒020-0102,岩手県盛岡市上田堤
松本りんご園ブルーベリー園,〒020-0402,岩手県盛岡市黒川4-12
朝島りんご園,〒020-0404,岩手県盛岡市大ケ生27-54-11
マルシロ農園,〒020-0812,岩手県盛岡市川目15-149-3
盛岡市都南つどいの森,〒020-0842,岩手県盛岡市湯沢１地割88番地
盛岡ハイランドカントリークラブ,〒020-0054,岩手県盛岡市猪去釈迦堂44-3
盛岡カントリークラブ,〒020-0803,岩手県盛岡市新庄字岩山公園
原敬墓所,〒020-0828,岩手県盛岡市大慈寺町5-6
貞女おかんの墓,〒020-0015,岩手県盛岡市本町通1-14-1
米内光政像,〒020-0872,岩手県盛岡市八幡町八幡宮境内
横川省三の墓,〒020-0061,岩手県盛岡市北山二丁目12-15
石川啄木歌碑,〒020-0001,岩手県盛岡市盛岡城跡公園・天満宮・盛岡駅前・岩山公園
宮野小提灯句碑,〒020-0023,岩手県盛岡市内丸１-37
銭掛の松,〒020-0016,岩手県盛岡市名須川町15-8
原敬生家,〒020-0866,岩手県盛岡市本宮４丁目38-25
啄木望郷の丘,〒020-0806,岩手県盛岡市新庄町岩山52
立原道造詩碑,〒020-0013,岩手県盛岡市愛宕町愛宕山中腹
宮沢賢治詩碑,〒020-0023,岩手県盛岡市内丸１-37
石造十六羅漢　付五智如来,〒020-0822,岩手県盛岡市茶畑2丁目1
石造地蔵菩薩坐像,〒020-0015,岩手県盛岡市本町通2丁目15
ムカデ姫の墓,〒020-0016,岩手県盛岡市名須川町8-4
楢山佐渡の墓,〒020-0061,岩手県盛岡市北山二丁目12-15
愛染明王像,〒020-0013,岩手県盛岡市内丸1-50
新渡戸稲造記念碑,〒020-0023,岩手県盛岡市内丸１-37
南部利直の墓,〒020-0061,岩手県盛岡市北山二丁目9-17
栗山大膳の墓,〒020-0013,岩手県盛岡市愛宕町21-10
愛宕山記念公園,〒020-0013,岩手県盛岡市愛宕山1-1
四十四田公園,〒020-0102,岩手県盛岡市上田字松屋敷34
三ツ石神社,〒020-0016,岩手県盛岡市名須川町2-1
東禅寺,〒020-0061,岩手県盛岡市北山2-9-17
円光寺,〒020-0874,岩手県盛岡市南大通3-11-49
永泉寺,〒020-0828,岩手県盛岡市大慈寺町8-22
久昌寺,〒020-0828,岩手県盛岡市大慈寺町1-5
永祥院,〒020-0063,岩手県盛岡市材木町4-10
大泉寺,〒020-0015,岩手県盛岡市本町通1-14-1
聖寿禅寺,〒020-0061,岩手県盛岡市北山2-12-15
榊山稲荷神社,〒020-0061,岩手県盛岡市北山2-12-12
厨川の柵跡,〒020-0137,岩手県盛岡市天昌寺町
菊の司酒造,〒020-0885,岩手県盛岡市紺屋町4-20
桜顔酒造,〒020-0811,岩手県盛岡市川目町23-18
御蔵（下町史料館）,〒020-0874,岩手県盛岡市南大通3-12-30
盛岡てがみ館,〒020-0871,岩手県盛岡市中ノ橋通一丁目1-10 プラザおでって6F
旧石井県令私邸,〒020-0875,岩手県盛岡市清水町7-51
