太宰府天満宮,〒818-0117　福岡県太宰府市宰府4-7-1観光
キャナルシティ博多,〒812-0018　福岡県福岡市博多区住吉１丁目２-２５観光
マリノアシティ福岡,〒819-0001　福岡県福岡市西区小戸2-12-30観光
博多駅,〒812-0012　福岡市　博多区　中央街観光
マリンワールド海の中道,〒811-0321　福岡県福岡市東区西戸崎18-28観光
天神地下街,〒810-0001　福岡県福岡市中央区天神1-6-8観光
福岡タワー,〒814-0001　福岡県福岡市早良区百道浜2-3-26観光
大濠公園,〒810-0051　福岡県福岡市中央区大濠公園観光
スペースワールド,〒805-0002　福岡県北九州市八幡東区東田４−１−１観光
小倉城,〒803-0813　福岡県北九州市小倉北区城内2-1 勝山公園内観光
屋台,〒810-0801　福岡県福岡市内各所観光
柳川川下り,〒832-0001　福岡県柳川市観光
門司港レトロ,福岡県北九州市門司区観光
門司港駅,〒801-0841　福岡県北九州市門司区西海岸1-5-31観光
櫛田神社,〒812-0001　福岡県福岡市博多区上川端1-41観光
中洲,〒812-0001　福岡県福岡市博多区中州観光
ヤフオク！ドーム,〒810-8660　福岡県 福岡市 中央区　知行浜2丁目2番2号観光
東長寺,〒812-0037　福岡県福岡市博多区御供所町2-4観光
九州国立博物館,〒818-0118　福岡県太宰府市石坂4-7-2観光
道の駅　原鶴,福岡県朝倉市杷木久喜宮1665-1観光
ホークスタウン,〒810-0001　福岡県福岡市中央区観光
道の駅うきは,〒839-1408　福岡県うきは市浮羽町山北729-2 道の駅うきは観光
チャチャタウン小倉,〒802-0014　福岡県北九州市小倉北区砂津3-1-1観光
旦過市場,〒802-0006　福岡県北九州市小倉北区魚町４丁目１-２６観光
アミュプラザ小倉,〒802-0001　福岡県北九州市小倉北区浅野1-1-1観光
九州鉄道記念館,〒801-0833　福岡県北九州市門司区清滝２-３-２９
博多座,〒812-0027　福岡県福岡市博多区下川端町2-1観光
筑紫野　天拝の郷,〒818-0053　福岡県筑紫野市天拝坂２丁目4-3観光
海峡ドラマシップ,〒801-0841　福岡県北九州市門司区西海岸1-3-3観光
福岡市博物館,〒814-0001　福岡県福岡市早良区百道浜3-1-1観光
筥崎宮,〒812-0053　福岡県福岡市東区箱崎1-22-1観光
門司港レトロ海峡プラザ,〒801-0852　福岡県北九州市門司区港町５番１号観光
かしいかえん　シルバニアガーデン,〒813-0001　福岡県福岡市東区香佐ヶ丘7-2-1観光
道の駅　「豊前おこしかけ」,〒828-0011　福岡県豊前市大字四郎丸1041-1観光
ベイサイドプレイス博多埠頭,〒812-0021　福岡県福岡市博多区築港本町１３-６観光
皿倉山,〒805-0059　福岡県北九州市八幡東区観光
海の中道海浜公園,〒811-0321　福岡県福岡市東区西戸崎18-25観光
キリンビール福岡工場,〒838-8686　福岡県 朝倉市 馬田 3601観光
宮地嶽神社,〒811-3305　福岡県福津市宮司元町7-1観光
福岡市動植物園,〒810-0037　福岡県福岡市中央区南公園1-1観光
水田天満宮（恋木神社）,〒833-0027　福岡県筑後市水田62-1観光
八坂神社,〒803-0813　福岡県北九州市小倉北区城内２-２勝山公園内観光
門司港レトロ展望室,〒801-0853　福岡県北九州市門司区東港町1-32観光
警固神社,〒810-0001　福岡県福岡市中央区天神2-2-20観光
宗像大社（辺津宮）,〒811-3505　福岡県宗像市田島観光
北九州市立いのちのたび博物館,〒805-0071　福岡県北九州市八幡東区東田２−４−１観光
アクロス福岡,〒810-0001　福岡県福岡市中央区天神1-1-1観光
無印良品キャナルシティ博多,〒812-0018　福岡県福岡市博多区住吉1-2-1　シアタービル3・4階観光
筑前町立大刀洗平和記念館,〒838-0814　福岡県朝倉郡筑前町高田2561-1観光
福岡PARCO,〒801-0001　福岡県 福岡市 中央区天神2丁目11-1観光
天神西通り,〒810-0001　福岡県福岡市中央区天神観光
のこのしまアイランドパーク,〒819-0012　福岡県福岡市西区能古1624観光
博多リバレイン,〒812-0027　福岡県福岡市博多区下川端町３-１観光
福岡市鮮魚市場市場会館,〒810-0072　福岡県福岡市中央区長浜3-11-3観光
原鶴温泉,〒838-1521　福岡県朝倉市観光
二日市温泉,〒818-0058　福岡県筑紫野市湯町観光
皿倉山展望台,〒805-0001　福岡県北九州市八幡東区観光
福岡城跡,〒810-0043　福岡県福岡市中央区城内観光
白糸の滝,〒819-1154　福岡県糸島市白糸460-1観光
シーサイドももち海浜公園,〒814-0001　福岡県福岡市中央区地行浜2地先〜早良区百道浜2〜4地先観光
松本清張記念館,〒803-0813　福岡県北九州市小倉北区城内2-3 勝山公園内観光
福岡アジア美術館,〒812-0027　福岡県福岡市博多区下川端町3-1 博多リバレインリバーサイド7・8F観光
勝山公園,〒803-0813　福岡県北九州市小倉北区城内観光
北九州市旧大阪商船,〒801-0852　福岡県北九州市門司区港町7-18観光
ブルーウィングもじ,〒801-0852　福岡県北九州市門司区港町観光
アサヒビール博多工場,〒816-0095　福岡県福岡市博多区竹下3-1-1観光
住吉神社,〒812-0018　福岡県福岡市博多区住吉3-1-51観光
JR博多シティ,〒812-0012　福岡県福岡市博多区博多駅中央街1番1号（博多駅直結）
大宰府政庁跡,〒818-0101　福岡県太宰府市観世音寺観光
英彦山神宮,〒824-0721　福岡県田川郡添田町英彦山観光
平尾台,〒803-0186　福岡県北九州市小倉南区大字新道寺・（行橋市）観光
筑後川,〒839-1405　福岡県朝倉市観光
秋月城跡の桜,〒838-0011　福岡県朝倉市秋月町野鳥観光
道の駅いとだ　おじゅごんち市場からすお,〒822-1326　福岡県田川郡糸田町１６２番地４
竈門神社,〒818-0115　福岡県太宰府市内山883観光
北九州市旧門司三井倶楽部,〒801-0852　福岡県北九州市門司区港町7-1観光
三岳梅林,〒803-0263　福岡県北九州市小倉南区大字辻三観光
久留米成田山,〒830-0052　福岡県久留米市上津町1386-22観光
立花ワイン株式会社,〒834-0082　福岡県八女市立花町兼松726観光
筑後川温泉,〒839-1405　福岡県うきは市古川観光
舞鶴公園のさくら,〒810-0043　福岡県福岡市中央区城内観光
香椎宮,〒813-0011　福岡県福岡市東区香椎4-16-1観光
東平尾公園（博多の森）,〒816-0052　福岡県福岡市博多区東平尾公園2-1-2観光
からたち文人の足湯,〒832-0057　福岡県柳川市弥四郎町9観光
天満宮の梅,〒818-0117　福岡県太宰府市宰府４-７-１観光
志摩物産直売所「志摩の四季」,〒819-1311　福岡県糸島市志摩津和崎33-1観光
西公園のさくら,〒810-0001　福岡県福岡市中央区観光
恋ぼたる　温泉館,〒833-0014　福岡県筑後市大字尾島298-2
星の温泉館「きらら」,〒834-0201　福岡県八女市星野村10780-1観光
筥崎宮神苑花庭園,〒812-0053　福岡県福岡市東区箱崎1-22-1観光
大牟田市動物園,〒836-0871　福岡県大牟田市昭和町１６３番地観光
石橋美術館,〒839-0862　福岡県久留米市野中町1015観光
楽水園,〒812-0018　福岡県福岡市博多区住吉2-10-7観光
到津の森公園,〒803-0845　福岡県北九州市小倉北区上到津４-１-８
桜井神社（岩戸宮）,〒819-1304　福岡県糸島郡志摩町桜井4227観光
福岡県青少年科学館,〒830-0003　福岡県久留米市東櫛原町1713観光
柳川城堀,〒832-0001　福岡県柳川市観光
小倉城庭園,〒803-0813　福岡県北九州市小倉北区城内２-１観光
和布刈神社,〒801-0855　福岡県北九州市門司区大字門司3492観光
愛宕神社,〒819-0015　福岡県福岡市西区愛宕2-7-1観光
あんずの里運動公園,〒811-3521　福岡県宗像郡津屋崎町大字勝浦1706-1観光
柳川温泉,〒832-0057　福岡県柳川市弥四郎町１０-１観光
柳川市観光協会,〒832-0065　福岡県柳川市沖端町35観光
北原白秋生家・白秋記念館,〒832-0065　福岡県柳川市沖端町55-1観光
カルナパーク花立山温泉,〒838-0821　福岡県朝倉郡筑前町上高場795観光
だざいふ遊園地,〒818-0117　福岡県太宰府市宰府4-7-8観光
恋ぼたる物産館,〒833-0014　福岡県筑後市大字尾島310
道の駅「おおむた」花ぷらす館,〒837-0907　福岡県大牟田市四箇新町2丁目1番地観光
能古島,〒819-0012　福岡県福岡市西区観光
海の中道,〒813-0001　福岡県福岡市東区観光
梅林寺,〒830-0028　福岡県久留米市京町210観光
茶の文化館,〒834-0201　福岡県八女市星野村10816-5観光
友泉亭公園,〒814-0122　福岡県福岡市城南区友泉亭1-46観光
マリノア,〒819-0001　福岡県福岡市西区小戸観光
グリーンパーク,〒808-0001　福岡県北九州市若松区響灘緑地内観光
門司電気通信レトロ館,〒801-0856　福岡県北九州市門司区浜町４-１観光
ノーフォーク広場,〒801-0854　福岡県北九州市門司区旧門司2観光
和布刈公園第2展望台,〒800-0001　福岡県北九州市門司区大字和布刈公園内観光
田川市石炭記念公園,〒825-0002　福岡県田川市伊田2734-1観光
福岡アンパンマンこどもミュージアムinモール,〒812-0027　福岡県福岡市博多区下川端町3-1 博多リバレイン5・6階観光
皿倉山スロープカー,〒805-0001　福岡県北九州市八幡東区大字尾倉1481-1観光
似顔絵屋,〒812-0018　福岡県福岡市博多区住吉1-2-1　キャナルシティ博多
秋月城跡,〒838-0011　福岡県朝倉市野鳥観光
「博多町家」ふるさと館,〒812-0039　福岡県福岡市博多区冷泉町6-10観光
高良大社,〒839-0851　福岡県久留米市御井町1番地観光
川端通り商店街,〒812-0001　福岡県福岡市博多区観光
関門海峡（早鞆ノ瀬戸）,〒801-0855　福岡県北九州市観光
高炉台公園,〒805-0019　福岡県北九州市八幡東区中央３丁目観光
北九州市立美術館,〒804-0001　福岡県北九州市戸畑区鞘ケ谷町21-1観光
朝倉の揚水車群,〒838-1307　福岡県朝倉市菱野観光
旧伊藤伝右衛門邸,〒820-0066　福岡県飯塚市幸袋300観光
日向神峡,〒834-1401　福岡県八女郡矢部村日向神観光
彦徳甲塚古墳,〒824-0122　福岡県京都郡みやこ町観光
筑後川,〒830-0224　福岡県久留米市城島町上青木314-1観光
月読神社,〒839-1233　福岡県久留米市田主丸町田主丸552-2観光
桜井二見ケ浦,〒819-1304　福岡県糸島市志摩桜井観光
鎮国寺,〒811-3506　福岡県宗像市吉田966番地観光
森鴎外旧居,〒802-0004　福岡県北九州市小倉北区鍛冶町1-7-2観光
足立森林公園,〒802-0037　福岡県北九州市小倉北区小文字１丁目観光
大牟田温泉　満月の湯,〒836-0895　福岡県大牟田市新勝立町6丁目37観光
海峡プラザ,〒801-0852　福岡県北九州市門司区港町5-1観光
ふるさと交流館日王の湯,〒822-1202　福岡県田川郡福智町神崎1056番地30観光
清水寺,〒835-0003　福岡県みやま市瀬高町本吉1119-1観光
調音の滝公園,〒839-1415　福岡県うきは市浮羽町妹川3184観光
脇田温泉,〒822-0133　福岡県宮若市脇田16 宮若市観光協会観光
芦屋歴史の里,〒807-0141　福岡県遠賀郡芦屋町大字山鹿１２００番地観光
東郷神社,〒811-3307　福岡県福津市渡観光
古賀政男記念館（生家）,〒831-0026　福岡県大川市大字三丸844観光
船小屋鉱泉場,〒833-0014　福岡県筑後市尾島
松濤園,〒832-0069　福岡県柳川市新外町1番地観光
寺町,〒830-0014　福岡県久留米市寺町観光
梅林寺外苑の梅,〒830-0028　福岡県久留米市京町209観光
脊振山,〒811-1113　福岡県福岡市（佐賀県）観光
関門海峡ミュージアム（海峡ドラマシップ）,〒801-0841　福岡県北九州市門司区西海岸１丁目３-３
風師山,〒801-0821　福岡県北九州市門司観光
エバーグリーンマリノア大観覧車,〒819-0001　福岡県福岡市西区小戸2-12-43　エバーグリーンマリノア観光
柳川の川下り,〒832-0001　福岡県柳川市観光
秋月党戦士の墓,〒824-0121　福岡県京都郡みやこ町甲塚観光
川ノ上遺跡,〒824-0101　福岡県京都郡みやこ町徳永観光
中島朝市,〒839-0254　福岡県柳川市中島（大徳商店街等）観光
県営筑後広域公園,〒833-0015　福岡県筑後市大字津島831-1観光
らいおん果実園,〒838-0221　福岡県朝倉郡筑前町吹田1478-1
ふれあい広場ふくま,〒811-3207　福岡県福津市上西郷５３９-１観光
福津市総合運動公園（なまずの郷）,〒811-3207　福岡県福津市上西郷779-1観光
雷山千如寺大悲王院,〒819-1145　福岡県糸島市雷山626観光
大宰府展示館,〒818-0101　福岡県太宰府市観世音寺4-6-1観光
光明禅寺,〒818-0117　福岡県太宰府市宰府2-16-1観光
太宰府観光協会,〒818-0117　福岡県太宰府市宰府3-2-3観光
風浪宮（おふろうさん）,〒831-0016　福岡県大川市酒見観光
石炭産業科学館,〒836-0037　福岡県大牟田市岬町６-２３観光
福岡市美術館,〒810-0051　福岡県福岡市中央区大濠公園1-6観光
櫛田神社の大イチョウ,〒812-0026　福岡県福岡市博多区上川端町1-41観光
中央公園,〒804-0022　福岡県北九州市戸畑区金比羅町、東鞘ヶ谷町、八幡東区高見5丁目観光
福岡ドーム　THE　BIG　LIFE,〒810-8660　福岡県福岡市中央区地行浜2-2-2　福岡ドーム内観光
内尾薬師如来,〒800-0362　福岡県京都郡苅田町大字馬場
博多百年蔵,〒812-0043　福岡県福岡市博多区堅粕1-30-1観光
カナディアンキャンプ　乗馬クラブ,〒811-3501　福岡県宗像市神湊44-1
喜八荘,〒819-1641　福岡県糸島郡二丈町吉井3504-1
北野天満宮,〒830-1113　福岡県久留米市北野町中3267観光
いちご狩り,〒839-1411　福岡県うきは市浮羽町流川・一の瀬観光
夜須高原記念の森,〒838-0201　福岡県朝倉郡筑前町櫛木3-6観光
観世音寺,〒818-0101　福岡県太宰府市観世音寺5-6-1観光
戒壇院,〒818-0101　福岡県太宰府市観世音寺5-7-10観光
八女中央大茶園,〒834-0000　福岡県八女市本観光
勝盛公園,〒820-0068　福岡県飯塚市片島一丁目観光
内ケ磯渓谷,〒822-0001　福岡県直方市観光
臥龍梅,〒837-0922　福岡県大牟田市今山２５３８　普光寺観光
夜宮公園,〒804-0042　福岡県北九州市戸畑区夜宮観光
白野江植物公園,〒801-0802　福岡県北九州市門司区白野江２丁目
北九州市国際友好記念図書館,〒801-0853　福岡県北九州市門司区東港町１-１２観光
天神中央公園,〒810-0002　福岡県福岡市中央区天神1-1観光
神水まむし温泉,〒819-1641　福岡県糸島郡二丈町吉井2380ー1観光
小石原焼,〒838-1601　福岡県朝倉郡小石原村
杉田久女句碑,〒824-0721　福岡県田川郡添田町観光
竹原古墳,〒822-0142　福岡県宮若市竹原734-3観光
船小屋鉱泉源公園,〒833-0014　福岡県筑後市尾島
嘉穂劇場,〒820-0041　福岡県飯塚市飯塚5-23観光
三池山,〒836-0001　福岡県大牟田市観光
河内温泉「あじさいの湯」,〒805-0045　福岡県北九州市八幡東区河内二丁目３-３６
高塔山公園,〒808-0053　福岡県北九州市若松区大字修多羅観光
矢筈山キャンプ場,〒800-0007　福岡県北九州市門司区小森江観光
御祖神社（妙見神社）,〒802-0041　福岡県北九州市小倉北区妙見町１７-１観光
花乱の滝,〒814-0001　福岡県福岡市早良区観光
太宰府南画美術館聴松園,〒818-0117　福岡県太宰府市宰府1丁目１５−１１観光
ナイキファクトリーストア　ホークスタウン,〒810-0065　福岡県福岡市中央区地行浜2-2-1　ホークスタウン内観光
城山公園,〒834-1203　福岡県八女市黒木町北木屋観光
猫尾城跡,〒834-1203　福岡県八女市黒木町北木屋観光
二丈温泉「きららの湯」,〒819-1601　福岡県糸島市二丈深江５９８-１観光
福岡レイクサイドカントリークラブ,〒820-0077　福岡県飯塚市椋本611-19観光
福間海浜公園,〒811-3219　福岡県福津市西福間3-49-1観光
若杉山,〒811-2411　福岡県糟屋郡篠栗町大字若杉観光
宇美八幡宮,〒811-2101　福岡県糟屋郡宇美町宇美一丁目１番１号観光
長田鉱泉場,〒835-0007　福岡県みやま市瀬高町長田観光
加布里公園,〒819-1124　福岡県糸島市加布里702-1観光
宗像ユリックス,〒811-3437　福岡県宗像市久原400番地観光
筑紫神社,〒818-0024　福岡県筑紫野市原田2550観光
東公園,〒812-0045　福岡県福岡市博多区東公園観光
油山,〒811-1111　福岡県福岡市観光
無法松の碑,〒802-0082　福岡県北九州市小倉北区古船場町１-３５商工貿易会館裏観光
篠崎八幡神社,〒803-0861　福岡県北九州市小倉北区篠崎一丁目７-１観光
帆柱ケーブル,〒805-0059　福岡県北九州市八幡東区尾倉１４８１-１観光
和布刈公園,〒801-0855　福岡県北九州市門司区大字門司観光
まもるーむ福岡,〒810-0065　福岡市中央区地行浜2丁目1−34 福岡市保健環境研究所1F観光
マリゾン,〒814-0001　福岡県福岡市早良区百道浜2-902-1観光
ラピュタファーム,〒827-0001　福岡県田川郡川崎町大ヶ原観光
三柱神社,〒832-0826　福岡県柳川市三橋町高畑323-1観光
清水公園,〒835-0003　福岡県みやま市瀬高町本吉観光
今村カトリック教会,〒830-1223　福岡県三井郡大刀洗町今観光
吉井,〒839-1306　福岡県うきは市観光
道の駅小石原,〒838-1601　福岡県朝倉郡東峰村大字小石原観光
JR内野カントリークラブ,〒820-0708　福岡県飯塚市弥山740観光
狩尾岬,福岡県遠賀郡芦屋町大字山鹿観光
駕与丁公園,〒811-2309　福岡県糟屋郡粕屋町駕与丁三丁目観光
垣生公園,〒809-0001　福岡県中間市垣生観光
旧吉原家住宅・資料館,〒831-0041　福岡県大川市大字小保136-17観光
八女民俗資料館,〒834-0031　福岡県八女市本町2-123-2観光
甘木公園,〒838-0061　福岡県朝倉市菩提寺観光
梅林公園,〒821-0011　福岡県嘉麻市下山田３２８-１観光
柳川の柳,〒832-0001　福岡県柳川市観光
久留米百年公園,〒839-0864　福岡県久留米市百年公園2432-1観光
須佐能袁神社,〒839-0835　福岡県久留米市草野町草野443-2観光
筑後川の菜の花,〒839-0201　福岡県久留米市観光
オーム乳業（株）,〒836-0895　福岡県大牟田市新勝立町１-３８-１観光
油山牧場,〒811-1353　福岡県福岡市南区柏原西山田710-2観光
崇福寺,〒812-0044　福岡県福岡市博多区千代4-7-79観光
小倉城のさくら,〒803-0813　福岡県北九州市小倉北区城内観光
木屋瀬,〒807-1261　福岡県北九州市八幡西区木屋瀬観光
三国境石,〒838-0101　福岡県小郡市三国地区観光
北原白秋詩碑,〒805-0001　福岡県北九州市八幡東区皿倉山頂東展望台前観光
スカイホイール,〒819-0001　福岡県福岡市西区小戸2-12-30　マリノアシティ福岡観光
鴻臚館跡展示館,〒810-0043　福岡県福岡市中央区城内1観光
千間土居公園,〒834-0085　福岡県八女市立花町北山観光
高倉神社,〒811-4234　福岡県遠賀郡岡垣町大字高倉1113観光
雷山,〒819-1145　福岡県糸島市雷山観光
宗像観光情報コーナー,〒811-3502　福岡県宗像市江口1172（道の駅むなかた内）観光
遠賀川,〒809-0001　福岡県中間市（芦屋町・水巻町・遠賀町）観光
古処山,〒820-0332　福岡県朝倉市観光
東陶機器（株）小倉第1工場,〒802-8601　福岡県北九州市小倉北区中島2-1-1観光
マリンメッセ福岡,〒812-0031　福岡市博多区沖浜町7-1観光
神宮院の大銀杏,〒822-1401　福岡県田川郡香春町殿町観光
柳川古文書館,〒832-0021　福岡県柳川市隅町71-2観光
久留米城跡（篠山城）,〒830-0021　福岡県久留米市篠山町444観光
山辺道文化館,〒839-0835　福岡県久留米市草野町草野487-1観光
舞鶴公園,〒810-0043　福岡県福岡市中央区城内1観光
志賀島,〒813-0001　福岡県福岡市東区観光
シロウオとり,〒819-0015　福岡県福岡市観光
須佐神社（今井祇園）,〒824-0015　福岡県行橋市元永観光
シーサイドスパ,〒805-0071　福岡県北九州市八幡東区東田5-2-7観光
若宮八幡宮,〒839-1311　福岡県うきは市吉井町若宮366-1観光
白壁通り,〒839-1321　福岡県うきは市吉井町観光
洞山,〒807-0101　福岡県遠賀郡芦屋町大字山鹿観光
三連水車,〒838-1305　福岡県朝倉市菱野観光
遍照院,〒830-0014　福岡県久留米市寺町56観光
平和観世音菩薩,〒802-0978　福岡県北九州市小倉南区大字蒲生鷲峰山頂観光
生の松原海水浴場,〒819-0055　福岡県福岡市西区生の松原観光
大牟田観光協会,〒836-0001　福岡県大牟田市観光
宮浦石炭記念公園,〒836-0835　福岡県大牟田市西宮浦町観光
萩ノ尾古墳,〒836-0097　福岡県大牟田市東萩尾町観光
緑道,〒811-2101　福岡県糟屋郡宇美町
大牟田観光協会,〒836-0843　福岡県大牟田市不知火町1-144観光
銅の鳥居,〒824-0721　福岡県田川郡添田町英彦山観光
甲宗八幡神社,〒801-0854　福岡県北九州市門司区旧門司1-7-18観光
姉子の浜　鳴き砂,〒819-1642　福岡県糸島市二丈鹿家観光
天拝山,〒818-0001　福岡県筑紫野市観光
大牟田市立 三池カルタ・歴史資料館,〒836-0861　福岡県大牟田市宝坂町２-２-３観光
金印公園,〒811-0323　福岡県福岡市東区志賀島字古戸1865観光
東田第一高炉史跡広場,〒805-0001　福岡県北九州市八幡東区東田二丁目３番１２号観光
源平壇之浦合戦の壁画,〒800-0001　福岡県北九州市門司区大字和布刈公園内観光
世界平和パゴダ,〒800-0001　福岡県北九州市門司区和布刈公園内観光
河内貯水池,〒805-0048　福岡県北九州市八幡東区大字大蔵観光
熊ヶ畑「ホタルの里」,〒821-0013　福岡県嘉麻市熊ヶ畑観光
船小屋温泉,〒833-0014　福岡県筑後市観光
久山町猪野地区,〒811-2503　福岡県糟屋郡久山町観光
彦山川上流付近・中元寺川上流付近,〒824-0603　福岡県田川郡添田町中元寺観光
鼓の里・大肥川沿い,〒838-1602　福岡県朝倉郡東峰村大字小石原鼓観光
棚田親水公園,〒838-1701　福岡県朝倉郡東峰村大字宝珠山3100観光
田代川沿い,〒834-1205　福岡県八女市黒木町田代観光
黒川,〒807-1101　福岡県北九州市八幡西区上香月1丁目、3丁目観光
小熊野川,〒803-0864　福岡県北九州市小倉北区観光
アクシオン福岡,〒812-0852　福岡市博多区東平尾公園2丁目1番4号観光
福岡市営渡船　（能古航路・小呂島航路）,〒819-0013　福岡県福岡市西区愛宕浜３−１−１観光
コムシティ,〒806-0021　福岡県北九州市八幡西区黒崎3-15-3観光
ロボット体験スペース【ロボスクエア】,〒814-0001　福岡県福岡市早良区百道浜2-3-2 TNC放送会館2F観光
産宮神社,〒819-1108　福岡県糸島市波多江駅南1丁目13-1観光
王貞治ベースボールミュージアム,〒810-0065　福岡県福岡市中央区地行浜２−２−２ 福岡Yahoo! JAPAN ドーム観光
今泉,福岡市中央区今泉周辺観光
福岡国際会議場,〒812-0032　福岡市博多区石城町2-1観光
今津運動公園,〒819-0165　福岡県福岡市西区今津字津本観光
浦山公園,〒830-0052　福岡県久留米市上津町字池田観光
ユヌプリュム,〒810-0041　福岡県福岡市中央区大名1-2-28　アイディール大名2階観光
eeny　meeny　miny　mo,〒812-0027　福岡県福岡市博多区下川端町3-1　博多リバレイン内観光
玄海グリーンライン,〒811-4201　福岡県遠賀郡岡垣町波津観光
かっぱ村,〒823-0003　福岡県鞍手郡宮田町本城1889-1観光
明治屋産業・びっくり市,〒822-0001　福岡県直方市感田一丁田611観光
福岡市海づり公園,〒819-0203　福岡県福岡市西区大字小田字池ノ浦地先観光
能古博物館,〒819-0012　福岡県福岡市西区能古522-2観光
能古渡船,〒819-0013　福岡県福岡市西区愛宕浜3-1-1観光
福岡シティ劇場,〒812-0018　福岡県福岡市博多区住吉1-2-1観光
正助ふるさと村,〒811-4152　福岡県宗像市武丸199観光
ふれあいの館　そえだジョイ,〒824-0602　福岡県田川郡添田町大字添田1573観光
筑紫温泉アクアフォーレ,〒818-0024　福岡県筑紫野市大字原田832-1観光
春日市奴国の丘歴史公園,〒816-0861　福岡県春日市岡本3-57観光
大牟田市諏訪公園,〒836-0037　福岡県大牟田市岬町1-3観光
オルゴールミュージアム門司港,〒801-0852　福岡県北九州市門司区港町5-1観光
紫江&#039;s　水環境館,〒802-8511　福岡県北九州市小倉北区船場町1-2観光
出光美術館（門司）,〒801-0853　福岡県北九州市門司区東港町2-3観光
福岡市営渡船　（志賀島航路・玄界島航路）,〒812-0021　福岡県福岡市博多区築港本町13-6観光
唐津焼　高麗窯,〒819-1335　福岡県糸島郡志摩町芥屋157
杉の馬場通り,〒838-0011　福岡県甘木市大字野鳥観光
日月窯,〒839-1333　福岡県浮羽郡吉井町富永404-1観光
水辺の散歩道,〒832-0066　福岡県柳川市川下りコース沿い
脊振山,〒811-1113　佐賀県神埼市観光
羽金山,〒819-1154　佐賀県佐賀市上無津呂観光
旧蔵内邸,〒829-0115　福岡県築上郡築上町上深野３９６観光
さわやか市・大平,〒871-0923　福岡県築上郡上毛町観光
道の駅しんよしとみ,〒871-0902　福岡県築上郡上毛町大字大ノ瀬（国道10号線）観光
みやこ町花菖蒲公園,〒824-0123　福岡県京都郡みやこ町国分1240-2観光
八景山自然公園,〒824-0125　福岡県京都郡みやこ町国作1338-1観光
惣社八幡神社,〒824-0124　福岡県京都郡みやこ町国作観光
豊前国分寺,〒824-0123　福岡県京都郡みやこ町国分279-1観光
国分寺三重塔,〒824-0123　福岡県京都郡みやこ町国分280-6観光
チェリーゴルフクラブ　小倉南コース,〒824-0802　福岡県京都郡みやこ町勝山松田2885観光
蛇渕キャンプ場,〒824-0253　福岡県京都郡みやこ町犀川帆柱９６９番地1観光
向山公園,〒800-0302　福岡県京都郡苅田町若久町2丁目観光
あがの温泉白糸の湯,〒822-1102　福岡県田川郡福智町上野１６９８番地観光
ほうじょう温泉ふじ湯の里,〒822-1212　福岡県田川郡福智町弁城１３００番地１観光
石坂トンネル,〒824-0431　福岡県田川郡赤村大字赤6938-2観光
赤村トロッコ油須原線,福岡県田川郡赤村
鷹羽ロイヤルカントリークラブ,〒824-0512　福岡県田川郡大任町大字大行事4320観光
興国寺,〒822-1102　福岡県田川郡福智町上野1892観光
白糸の滝,〒822-1102　福岡県田川郡福智町上野観光
福岡フェザントカントリークラブ,〒827-0001　福岡県田川郡川崎町大字安真木1086-7観光
添田公園,〒824-0602　福岡県田川郡添田町添田観光
英彦山の鬼杉,〒824-0721　福岡県田川郡添田町大字英彦山観光
英彦山,〒824-0601　福岡県田川郡添田町観光
中山大藤,〒832-0811　福岡県柳川市三橋町中山熊野宮観光
清水寺本坊庭園,〒835-0003　福岡県みやま市瀬高町本吉1117-4観光
星野温泉,〒834-0201　福岡県八女市麻生観光
石積みの棚田,〒834-0201　福岡県八女市広内地区観光
星のふるさと公園,〒834-0201　福岡県八女市麻生観光
星の文化館,〒834-0201　福岡県八女市星野村10828-1観光
秘境・杣の里渓流公園,〒834-1401　福岡県八女市矢部村北矢部本川内観光
八女津媛神社,〒834-1401　福岡県八女市神ノ窟観光
日向神ダム湖,〒834-1401　福岡県八女市観光
釈迦岳,〒834-1401　福岡県八女市観光
逆瀬ゴットン館,〒834-0102　福岡県八女郡広川町大字水原2777-1観光
夢たちばなビレッジ,〒834-0084　福岡県八女市立花町白木3720観光
ふるさとわらべ館,〒834-1104　福岡県八女市上陽町下横山4838観光
ホタルの里・水車公園,〒834-1102　福岡県八女市上陽町北川内観光
グリーンピア八女キャンプ場,〒834-1204　福岡県八女市黒木町木屋観光
グリーンパル日向神峡キャンプ場,〒834-1201　福岡県八女市黒木町北大渕観光
黒木のフジ,〒834-1217　福岡県八女市黒木町黒木観光
津江神社の樟,〒834-1213　福岡県八女市黒木町本分観光
天然温泉大木の湯アクアス,〒830-0416　福岡県三潴郡大木町大字八町牟田538‐1観光
浮羽カントリークラブ,〒839-1413　福岡県うきは市浮羽新川4094観光
清水湧水,〒839-1408　福岡県うきは市浮羽町山北１９４１観光
本仏寺（西身延）,〒839-1411　福岡県うきは市浮羽町流川観光
つづら棚田,〒839-1413　福岡県うきは市浮羽町新川つづら観光
片ノ瀬温泉,〒839-1225　福岡県久留米市田主丸町片ノ瀬観光
芥屋海水浴場,〒819-1335　福岡県糸島市志摩芥屋観光
可也山自然歩道,〒819-1314　福岡県糸島市志摩師吉
芥屋の大門,〒819-1335　福岡県糸島市志摩芥屋観光
可也山（糸島富士）,〒819-1301　福岡県糸島市志摩師吉観光
福ふくの里,〒819-1631　福岡県糸島市二丈福井6333観光
二丈カントリークラブ,〒819-1641　福岡県糸島市二丈吉井3362観光
加茂ゆらりんこ橋,〒819-1631　福岡県糸島市二丈福井観光
竹地区の棚田,〒838-1701　福岡県朝倉郡東峰村大字宝珠山観光
大己貴神社,〒838-0811　福岡県朝倉郡筑前町弥永697-3観光
小石原の行者杉,〒838-1601　福岡県朝倉郡東峰村大字小石原
夜須高原カントリークラブ,〒838-0206　福岡県朝倉郡筑前町曾根田141-26観光
鵜飼,〒838-1521　福岡県朝倉市原鶴温泉観光
円清寺,〒838-1521　福岡県朝倉市杷木志波5276観光
県営筑豊緑地,〒820-0115　福岡県飯塚市観光
かほゴルフクラブ,〒820-0105　福岡県飯塚市筒野534-1観光
大将陣公園,〒820-0075　福岡県飯塚市天道楽市観光
事業組合法人カッホー馬古屏,〒820-0301　福岡県嘉麻市大字牛隈882番地1観光
古処山キャンプ村「遊人の杜」,〒820-0332　福岡県嘉麻市千手3628-7観光
王塚古墳,〒820-0603　福岡県嘉穂郡桂川町大字寿命３１１番地観光
宮若追い出し猫,〒822-0101　福岡県宮若市観光
猫塚公園,〒822-0153　福岡県宮若市山口観光
犬鳴ダム,〒822-0134　福岡県宮若市大字犬鳴観光
千石峡,〒823-0011　福岡県宮若市宮田2058番地観光
波津海水浴場,〒811-4202　福岡県遠賀郡岡垣町大字原観光
ゆうれい坂,〒811-4203　福岡県遠賀郡岡垣町大字内浦観光
成田山不動寺,〒811-4203　福岡県遠賀郡岡垣町大字内浦885観光
龍昌禅寺,〒811-4234　福岡県遠賀郡岡垣町大字高倉1154観光
芦屋海水浴場,〒807-0111　福岡県遠賀郡芦屋町大字芦屋観光
レジャープール　アクアシアン,〒807-0133　福岡県遠賀郡芦屋町大字芦屋1455番地284観光
芦屋海浜公園,〒807-0133　福岡県遠賀郡芦屋町大字芦屋１４５５番地２８４観光
岡湊神社,〒807-0121　福岡県遠賀郡芦屋町船頭町１２番４８号観光
はまゆう群生地,〒807-0101　福岡県遠賀郡芦屋町大字山鹿観光
大島,〒811-3701　福岡県宗像市大島観光
宗像大社神宝館,〒811-3505　福岡県宗像市田島2331観光
さつき松原海岸,〒811-3401　福岡県宗像市観光
宮地嶽神社民家村,〒811-3305　福岡県福津市宮司元町7-1観光
白石浜海水浴場,〒811-3307　福岡県福津市渡観光
宮地浜海水浴場,〒811-3304　福岡県福津市宮司浜観光
宮地嶽自然歩道,〒811-3200　福岡県福津市宮司
新原奴山古墳群,〒811-3522　福岡県福津市奴山・勝浦観光
恋の浦海岸,〒811-3307　福岡県福津市渡観光
白石浜,〒811-3307　福岡県福津市渡観光
福間海水浴場,〒811-3216　福岡県福津市西福間観光
本木川自然公園ほたるの里,〒811-3203　福岡県福津市本木観光
粕屋フォーラム,〒811-2304　福岡県糟屋郡粕屋町若宮一丁目１-１観光
久山カントリー倶楽部,〒811-2501　福岡県糟屋郡久山町久原3549観光
伊野天照皇太神宮,〒811-2503　福岡県糟屋郡久山町猪野604観光
相島,〒811-0118　福岡県糟屋郡新宮町大字相島観光
須恵町立皿山公園,〒811-2114　福岡県糟屋郡須惠町大字上須恵観光
若杉楽園キャンプ場,〒811-2411　福岡県糟屋郡篠栗町大字若杉観光
メロディー橋,〒811-2405　福岡県糟屋郡篠栗町城戸観光
南蔵院,〒811-2405　福岡県糟屋郡篠栗町大字篠栗1035番地観光
五塔ノ滝,〒811-2402　福岡県糟屋郡篠栗町大字金出観光
米ノ山,〒811-2411　福岡県糟屋郡篠栗町大字若杉
篠栗町観光協会,〒811-2413　福岡県糟屋郡篠栗町大字尾仲43-7観光
四王寺県民の森,〒811-2105　福岡県糟屋郡宇美町大字四王寺観光
大野城跡,〒811-2105　福岡県糟屋郡宇美町大字四王寺／大野城市／太宰府市観光
中ノ島公園,〒811-1233　福岡県筑紫郡那珂川町大字市ノ瀬445-1観光
フォレストアドベンチャー・糸島,〒819-1622　福岡県糸島市二丈一貴山312-390(樋の口ハイランド内)観光
清水山の紅葉,〒835-0003　福岡県みやま市瀬高町本吉観光
にじの耳納の里,〒839-1332　福岡県うきは市吉井町福益130-1観光
伊都国歴史博物館,〒819-1582　福岡県糸島市井原916観光
ザ・クイーンズヒルゴルフクラブ,〒819-1133　福岡県糸島市富838観光
笹山公園,〒819-1113　福岡県糸島市前原駅南2丁目観光
梅園,〒818-0117　福岡県太宰府市宰府２-６-１６観光
観世音寺宝蔵庫,〒818-0101　福岡県太宰府市観世音寺5-6-1観光
太宰府天満宮宝物殿,〒818-0195　福岡県太宰府市太宰府天満宮観光
太宰府市文化ふれあい館,〒818-0132　福岡県太宰府市国分4-9-1観光
水城跡,〒818-0138　福岡県太宰府市吉松・（大野城市）観光
岩屋城跡の桜,〒818-0101　福岡県太宰府市四王寺林道沿観光
宝満山,〒818-0101　福岡県太宰府市/筑紫野市/宇美町観光
グローバルアリーナ,〒811-4153　福岡県宗像市吉留４６-１観光
八所宮,〒811-4153　福岡県宗像市吉留3186観光
山田地蔵尊増福院,〒811-3411　福岡県宗像市山田７００番地観光
新立山,〒811-3401　福岡県宗像市（宮若市）観光
城山,〒811-3401　福岡県宗像市（岡垣町）観光
筑紫野カントリークラブ,〒818-0003　福岡県筑紫野市大字山家2014-22観光
皐月ゴルフ倶楽部 天拝コース,〒818-0046　福岡県筑紫野市大字山口1300観光
セントラル福岡ゴルフ倶楽部,〒818-0003　福岡県筑紫野市大字山家上西山観光
竜岩自然の家,〒818-0001　福岡県筑紫野市大字柚須原373番地1観光
筑紫野市総合公園,〒818-0046　福岡県筑紫野市山口382-6
武蔵寺の藤,〒818-0052　福岡県筑紫野市大字武蔵621観光
野田宇太郎文学資料館,〒838-0142　福岡県小郡市大板井136-1観光
小郡カンツリー倶楽部,〒838-0106　福岡県小郡市三沢1788観光
小郡運動公園,〒838-0115　福岡県小郡市大保427-1観光
如意輪寺（かえる寺）,〒838-0105　福岡県小郡市横隈1729観光
小郡官衙遺跡,〒838-0141　福岡県小郡市小郡観光
遊の里　畑冷泉館,〒828-0005　福岡県豊前市大字畑708-２観光
蓑島海水浴場,〒824-0011　福岡県行橋市蓑島観光
蓑島・長井浜,〒824-0001　福岡県行橋市観光
べんがら村,〒834-0032　福岡県八女市大字宮野100番地観光
岩戸山歴史資料館,〒834-0006　福岡県八女市吉田1396-1観光
八女福島の町並み,〒834-0031　福岡県八女市本町観光
甘木水の文化村,〒838-0021　福岡県朝倉市矢野竹831観光
共星の里,〒838-0072　福岡県朝倉市黒川５４６-１（旧黒川小学校）観光
須賀神社,〒838-0068　福岡県朝倉市甘木873-5観光
平塚川添遺跡,〒838-0059　福岡県朝倉市大字平塚444-4観光
黒門,〒838-0011　福岡県朝倉市秋月野鳥観光
目鏡橋,〒838-0001　福岡県朝倉市秋月観光
安長寺の大樟,〒838-0068　福岡県朝倉市甘木772観光
柳川温泉輝泉荘,〒832-0806　福岡県柳川市三橋町柳河８７４観光
柳川城阯,〒832-0061　福岡県柳川市本城町観光
旧立花家別邸（御花）,〒832-0069　福岡県柳川市新外町1番地観光
田川市石炭・歴史博物館,〒825-0002　福岡県田川市大字伊田2734番地1 石炭記念公園内観光
直方市石炭記念館,〒822-0016　福岡県直方市直方御館山692-4観光
西日本カントリークラブ　直方コース,〒822-0011　福岡県直方市大字中泉字池代1356-2観光
直方オートキャンプ場,〒822-8501　福岡県直方市新町地芝観光
竜王峡キャンプ場,〒822-0003　福岡県直方市上頓野本谷観光
福智山ろく花公園,〒822-0005　福岡県直方市大字永満寺字百合原1498観光
多賀神社,〒822-0016　福岡県直方市直方御館山観光
竜王峡,〒822-0001　福岡県直方市観光
筑後川防災施設「くるめウス」,〒839-0865　福岡県久留米市新合川1-1-3（百年公園東側）観光
観光農園ブルーベリーの村,〒830-1113　福岡県久留米市北野町中2444観光
ブリジストン通り,福岡県久留米市
久留米森林つつじ公園,〒839-0851　福岡県久留米市御井町299-354観光
水天宮,福岡県久留米市瀬下町265
善導寺,〒839-0824　福岡県久留米市善導寺町飯田550観光
千光寺,〒839-0827　福岡県久留米市山本町豊田2287観光
発心公園の桜,〒839-0835　福岡県久留米市草野町草野664-1観光
柳坂曽根のハゼ並木,〒839-0827　福岡県久留米市山本町豊田2287観光
高良山の孟宗金明竹,〒839-0851　福岡県久留米市御井町観光
千光寺の紫陽花,〒839-0201　福岡県久留米市山本町観光
西新リヤカー部隊,〒814-0002　福岡県福岡市早良区西新観光
油山市民の森キャンプ場,〒811-1355　福岡県福岡市南区桧原夫婦石観光
片江展望台,〒814-0101　福岡県福岡市城南区油山観光
福岡歴史の町,〒819-0375　福岡県福岡市西区徳永観光
大原海水浴場,〒819-0165　福岡県福岡市西区今津大原観光
福岡市立ヨットハーバー,〒819-0001　福岡県福岡市西区小戸観光
アイランドパークのコスモス,〒819-0012　福岡県福岡市西区能古1624観光
長垂の含紅雲母（ペグマタイト岩脈）,〒819-0001　福岡県福岡市西区観光
生の松原（長垂海岸）,〒819-0001　福岡県福岡市西区観光
今津海岸（長浜海岸）,〒819-0001　福岡県福岡市西区観光
博多温泉,〒816-1111　福岡県福岡市南区観光
油山市民の森,〒811-1355　福岡県福岡市南区桧原夫婦石855-4観光
九州エネルギー館,〒810-0022　福岡県福岡市中央区薬院4-13-55観光
浄水通り,〒810-0022　福岡県福岡市中央区薬院観光
柳橋連合市場,〒810-0003　福岡県福岡市中央区春吉1-5-1観光
西公園,〒810-0061　福岡県福岡市中央区西公園観光
旧福岡県公会堂貴賓館,〒810-0002　福岡県福岡市中央区西中洲6-29観光
光雲神社,〒810-0061　福岡県福岡市中央区西公園13-1観光
福岡市動植物園展望台,〒810-0037　福岡県福岡市中央区南公園1-1観光
パピオアイスアリーナ,〒812-0044　福岡県福岡市博多区千代1-15-30観光
日蓮上人銅像,〒812-0045　福岡県福岡市博多区東公園内観光
聖福寺,〒812-0037　福岡県福岡市博多区御供所町6-1観光
承天寺,〒812-0011　福岡県福岡市博多区博多駅前1-29-9観光
筥崎宮あじさい苑,〒812-0053　福岡県福岡市東区箱崎1-22-1観光
勝馬海水浴場,〒811-0325　福岡県福岡市東区大字勝馬観光
志賀島海水浴場,〒811-0323　福岡県福岡市東区志賀島観光
スポーツガーデン香椎,〒813-0044　福岡県福岡市東区千早3-6-37観光
潮見公園,〒811-0323　福岡県福岡市東区志賀島観光
潮見公園展望台,〒811-0323　福岡県福岡市東区志賀島観光
名島檣石,〒813-0001　福岡県福岡市東区観光
赤坂けやき通り,〒810-0001　福岡県福岡市中央区観光
松尾芭蕉句碑,〒807-1124　福岡県北九州市八幡西区大字畑畑観音境内観光
吉祥寺,〒807-1114　福岡県北九州市八幡西区吉祥寺町13-11観光
吉祥寺の藤,〒807-1114　福岡県北九州市八幡西区吉祥寺13-11観光
河内貯水池の桜,〒805-0048　福岡県北九州市八幡東区大字大蔵観光
北九州市河内藤園,〒805-0045　福岡県北九州市八幡東区河内観光
目白鍾乳洞,〒802-0001　福岡県北九州市小倉南区観光
牡鹿鍾乳洞,〒802-0001　福岡県北九州市小倉南区観光
千仏鍾乳洞,〒802-0001　福岡県北九州市小倉南区観光
日明・海峡釣り公園,〒803-0801　福岡県北九州市小倉北区西港町地内観光
北九州市漫画ミュージアム,〒802-0001　福岡県北九州市小倉北区浅野二丁目１４-５ あるあるCity５、６階
北九州市観光協会,〒802-0001　福岡県北九州市小倉北区浅野3-9-30観光
旧松本家住宅（西日本工業倶楽部）,〒804-0021　福岡県北九州市戸畑区一枝1-4-33観光
ひびき動物ワールド,〒808-0121　福岡県北九州市若松区大字竹並観光
火野葦平資料館,〒808-0034　福岡県北九州市若松区本町（若松市民会館内）観光
岩屋海水浴場,〒808-0001　福岡県北九州市若松区岩屋観光
大北亭,〒808-0001　福岡県北九州市若松区響灘緑地内観光
海岸通り,〒808-0034　福岡県北九州市若松区本町１観光
高塔山,〒808-0053　福岡県北九州市若松区大字修多羅観光
遠見ケ鼻,〒808-0123　福岡県北九州市若松区大字有毛岩屋海岸観光
菅生の滝,〒803-0266　福岡県北九州市小倉南区大字道原観光
畑貯水池,〒807-1124　福岡県北九州市八幡西区大字畑観光
蒲生八幡神社,〒802-0978　福岡県北九州市小倉南区蒲生５-６観光
広寿山福聚寺,〒802-0025　福岡県北九州市小倉北区寿山町６-７観光
遠賀川,〒822-0001　福岡県直方市観光
金山渓谷,〒811-1132　福岡県福岡市早良区石釜観光
蒙古塚,〒811-0323　福岡県福岡市東区志賀島観光
志賀海神社,〒811-0323　福岡県福岡市東区志賀島877観光
部埼灯台,〒801-0802　福岡県北九州市門司区大字白野江観光
脇田温泉周辺,〒822-0133　福岡県宮若市脇田観光
本木川自然公園 ほたるの里,〒811-3203　福岡県福津市本木1957-1観光
ほたると石橋の館周辺,〒834-1102　福岡県八女市上陽町北川内589-2観光
日陽ほたるの里,〒823-0011　福岡県宮若市宮田観光
長瀬公園、松尾川、辺春川,〒834-0083　福岡県八女市立花町上辺春観光
源じいの森温泉,〒824-0431　福岡県田川郡赤村大字赤5251-3観光
上頓野（とんの）地区・畑地区,〒822-0003　福岡県直方市観光
上有木公民館周辺,〒823-0015　福岡県宮若市上有木観光
うきは市浮羽町小塩地区,〒839-1412　福岡県うきは市浮羽町小塩観光
福岡県立総合射撃場,〒818-0001　筑紫野市大字柚須原　223-25観光
福岡交通株式会社,〒812-0051　福岡市東区箱崎ふ頭5丁目9-36観光
曲里の松並木,〒806-0034　福岡県北九州市八幡西区岸の浦二丁目６番観光
FUZZ,〒810-0004　福岡県福岡市中央区渡辺通1-8-31　アーバン渡辺通2階
二日市温泉　バーデンハウス,〒818-0058　福岡県筑紫野市湯町1-14-3
民宿こうしん,〒811-3501　福岡県宗像市神湊535-7観光
エンジェル　スウィート,〒810-0001　福岡県福岡市中央区天神2-3-7　天神Nビル4階
Sa＊kura,〒810-0042　福岡県福岡市中央区赤坂1-2-1　シャンボール赤坂1階観光
Seato,〒810-0041　福岡県福岡市中央区大名2-2-1　ワコービル1階観光
VIA　BUS　STOP,〒812-0027　福岡県福岡市博多区下川端町3-1　博多リバレイン内観光
setlfe.com,〒812-0018　福岡県福岡市博多区住吉1-2-22　キャナルシティ博多観光
TONY　SILVER,〒810-0065　福岡県福岡市中央区地行浜2-2-1　ホークスタウン内観光
PAL　All　STARS,〒819-0001　福岡県福岡市西区小戸2-13-16　マリノアシティ福岡観光
仲西眼鏡店　OUT　LET,〒819-0001　福岡県福岡市西区小戸2-13-16　マリノアシティ福岡観光
博多ケントス,〒810-0801　福岡県福岡市博多区中洲5-2-3　松居壱番館3階観光
遠賀・宗像自転車道路,〒811-4202　福岡県遠賀郡岡垣町原
波懸遊歩道,〒807-0141　福岡県遠賀郡芦屋町山鹿観光
芦屋町歴史民俗資料館,〒807-0141　福岡県遠賀郡芦屋町大字山鹿1200観光
明神ヶ辻山自然公園,〒807-0031　福岡県遠賀郡水巻町杁1-648観光
水巻遠賀川緑地,〒807-0001　福岡県遠賀郡水巻町猪熊10地先〜二西4地先観光
もちだんご村,〒822-0007　福岡県直方市下境2400
ギャラリーのぐち,〒822-0017　福岡県直方市殿町15-16観光
豊前国分寺三重塔,〒824-0123　福岡県京都郡豊津町大字国分304観光
青龍窟,〒800-0336　福岡県京都郡苅田町大字山口字青龍観光
松山城跡,〒800-0303　福岡県京都郡苅田町大字松山観光
宮地嶽民家村自然広苑,〒811-3305　福岡県宗像郡津屋崎町宮司観光
アクシス玄海観光物産館,〒811-3504　福岡県宗像市深田588観光
唐津街道　赤間宿,〒811-4146　福岡県宗像市赤間観光
マルティグラス,〒811-3305　福岡県宗像郡津屋崎町大字宮司321観光
筑前津屋崎人形工房,〒811-3304　福岡県宗像郡津屋崎町津屋崎786観光
雷山陶秀窯,〒819-1145　福岡県前原市雷山657観光
みゆきの湯,〒818-0025　福岡県筑紫野市大字筑紫973-53観光
明代宝船　鄭和,〒812-0021　福岡県福岡市博多区築港本町13-6観光
海峡プラザ　赤煉瓦ガラス美術館,〒801-0852　福岡県北九州市門司区港町5-1観光
門司港キャブ,〒801-0863　福岡県北九州市門司区栄町10-24
浮雲,〒801-0852　福岡県北九州市門司区港町6-5　2階観光
旅館　福龍荘,〒838-1521　福岡県朝倉郡杷木町志波21
海中ライン,〒814-0001　福岡県福岡市早良区百道浜2-902-1地先　マリゾン内
さわ弥土工房,〒819-1304　福岡県糸島郡志摩町大字桜井4263
恵水窯（けいすいがま）,〒819-1303　福岡県糸島郡志摩町野北4162-2
桜窯,〒819-1304　福岡県糸島郡志摩町大字桜井819
木の家具工房　西,〒819-1305　福岡県糸島郡志摩町大字馬場195
グリーンゲイブルズ門司港レトロ店,〒801-0852　福岡県北九州市門司区港町5-1　門司港レトロ海峡プラザ内観光
スペースクルーズ,〒801-0841　福岡県北九州市門司区西海岸1-4-19
秋月焼橘窯・ギャラリーくぐり戸,〒838-0001　福岡県甘木市秋月町石原937-1観光
祐徳園石庭,〒838-0001　福岡県甘木市秋月町下秋月1058観光
我楽堂,〒832-0067　福岡県柳川市鬼童町1-5
新宮温泉,〒811-0111　福岡県粕屋郡新宮町三代762観光
里武家屋敷跡,〒816-1192　鹿児島県薩摩川内市里町里観光
黒島天主堂,〒827-3271　長崎県佐世保市黒島町3333観光
雷山,〒819-1145　佐賀県佐賀市観光
鬼の雁木の滝,〒829-0125　福岡県築上郡築上町寒田
こうげ　武楽里,〒871-0923　福岡県築上郡上毛町下唐原1625観光
岩屋の滝,〒871-0927　福岡県築上郡上毛町東上観光
ほたるの里,〒871-0928　福岡県築上郡上毛町西友枝・東上
さわやか市大平,福岡県築上郡上毛町下唐原1621番地観光
九州自然歩道,〒871-0900　福岡県築上郡上毛町
穴ケ葉山古墳,〒871-0923　福岡県築上郡上毛町大字下唐原観光
友枝瓦窯跡,〒871-0921　福岡県築上郡上毛町大字土佐井観光
げんきの杜,〒871-0903　福岡県築上郡上毛町大字八ッ並143番地1観光
牛頭天王公園,〒871-0913　福岡県築上郡上毛町大字垂水646-2観光
牧の原キャンプ場,〒829-0125　福岡県築上郡築上町寒田２００５-２観光
正光寺,〒829-0122　福岡県築上郡築上町伝法寺1357観光
城井ノ上城址,〒829-0125　福岡県築上郡築上町寒田観光
本庄の大楠,〒829-0123　福岡県築上郡築上町本庄観光
鈴熊山公園,〒871-0832　福岡県築上郡吉富町大字鈴熊観光
天仲寺公園,〒871-0811　福岡県築上郡吉富町大字広津観光
鈴熊寺,〒871-0832　福岡県築上郡吉富町鈴熊観光
八幡古表神社,〒871-0821　福岡県築上郡吉富町小犬丸353-1観光
吉富海岸,〒871-0801　福岡県築上郡吉富町観光
山国川,〒871-0801　福岡県築上郡吉富町観光
浜の宮海岸潮干狩,〒829-0331　福岡県築上郡築上町高塚観光
周防灘カントリークラブ,〒829-0314　福岡県築上郡築上町大字上ノ河内観光
龍城院キャンプ場,〒829-0305　福岡県築上郡築上町大字真如寺1-1ほか観光
桜土手,〒829-0301　福岡県築上郡築上町椎田観光
築上町アグリパーク（農業公園）,〒829-0311　福岡県築上郡築上町湊1292観光
金富神社,〒829-0311　福岡県築上郡築上町大字湊392-2観光
綱敷天満宮,〒829-0331　福岡県築上郡築上町高塚794-2観光
豊津町物産直売所「国府の郷」,〒824-0125　福岡県京都郡みやこ町国作464-1観光
みやこ町歴史民俗資料館,〒824-0121　福岡県京都郡みやこ町豊津1122-13観光
いちご狩り,〒824-0121　福岡県京都郡みやこ町二月谷観光
京都カントリー倶楽部,〒824-0115　福岡県京都郡みやこ町光富字大谷95-1観光
育徳館跡,〒824-0121　福岡県京都郡みやこ町豊津973観光
郡長正の墓,〒824-0121　福岡県京都郡みやこ町甲塚観光
豊前国府跡公園,〒824-0125　福岡県京都郡みやこ町国作450-1観光
小笠原神社,〒824-0121　福岡県京都郡みやこ町大字豊津1115観光
甲塚方墳,〒824-0125　福岡県京都郡みやこ町観光
豊前国分寺跡,〒824-0123　福岡県京都郡みやこ町観光
豊前国分尼寺跡,〒824-0105　福岡県京都郡みやこ町徳政観光
豊前国府跡,〒824-0125　福岡県京都郡みやこ町国作観光
思永館講堂,〒824-0121　福岡県京都郡みやこ町豊津973観光
錦町,〒824-0121　福岡県京都郡みやこ町豊津観光
九州自然歩道仲哀コース,〒824-0800　福岡県京都郡みやこ町
勝山御所カントリークラブ,〒824-0801　福岡県京都郡みやこ町勝山大久保観光
仲哀公園,〒824-0821　福岡県京都郡みやこ町勝山松田観光
橘塚古墳,〒824-0822　福岡県京都郡みやこ町勝山黒田観光
胸の観音,〒824-0822　福岡県京都郡みやこ町勝山黒田観光
綾塚古墳,〒824-0822　福岡県京都郡みやこ町勝山黒田観光
本庄池自然歩道,〒824-0800　福岡県京都郡みやこ町
旧永沼家住宅,〒824-0253　福岡県京都郡みやこ町犀川帆柱観光
野峠のシャクナゲ,〒824-0800　福岡県京都郡みやこ町
蛇渕の滝,〒824-0253　福岡県京都郡みやこ町犀川帆柱観光
馬ケ岳,〒824-0045　福岡県京都郡みやこ町観光
苅田町歴史資料館,〒800-0392　福岡県京都郡苅田町富久町1丁目19番地1観光
宇原神社,〒800-0362　福岡県京都郡苅田町大字馬場410観光
内尾薬師,〒800-0362　福岡県京都郡苅田町大字馬場観光
石塚山古墳,〒800-0352　福岡県京都郡苅田町富久町（苅田町役場横）観光
御所山古墳,〒800-0323　福岡県京都郡苅田町大字与原観光
上野の里ふれあい市,〒822-1102　福岡県田川郡福智町上野2811番地１観光
九州日立マクセル赤煉瓦記念館,〒822-1211　福岡県田川郡福智町伊方観光
今川公園キャンプ場,〒824-0431　福岡県田川郡赤村下赤観光
赤村自然学習村・源じいの森キャンプ場,〒824-0431　福岡県田川郡赤村大字赤6933-1観光
十津川渓谷,〒824-0431　福岡県田川郡赤村上赤観光
内田三連橋梁（みつあんきょ）,〒824-0432　福岡県田川郡赤村大字内田1804-1観光
サボテンハウス,〒824-0512　福岡県田川郡大任町大字大行事3090観光
大任町総合運動公園,〒824-0511　福岡県田川郡大任町大字今任原139観光
出雲神社,〒824-0511　福岡県田川郡大任町向田観光
建徳寺古墳公園,〒824-0511　福岡県田川郡大任町大字今原1670観光
定禅寺の藤,〒822-1212　福岡県田川郡福智町弁城3624観光
虎尾桜,〒822-1101　福岡県田川郡福智町上野
上野峡,〒822-1102　福岡県田川郡福智町上野観光
戸谷自然ふれあいの森キャンプ場,〒827-0001　福岡県田川郡川崎町大字安真木200観光
藤江氏魚楽園,〒827-0001　福岡県田川郡川崎町大字安真木６３８８観光
淡島神社,〒827-0001　福岡県田川郡川崎町黒木観光
光蓮寺,〒827-0003　福岡県田川郡川崎町大字川崎２５３４観光
な・ひ・こ畑,〒827-0001　福岡県田川郡川崎町大字安真木5308-1
光蓮寺の菩提樹,〒827-0003　福岡県田川郡川崎町東川崎観光
金田ふれあいスポーツ公園,〒822-1202　福岡県田川郡福智町神崎観光
英彦山青年の家,〒824-0721　福岡県田川郡添田町英彦山観光
英彦山修験道館,〒824-0721　福岡県田川郡添田町英彦山観光
英彦山自然研究路,〒824-0601　福岡県田川郡添田町
英彦山野営場,〒824-0721　福岡県田川郡添田町大字英彦山観光
梵字ケ岩,〒824-0721　福岡県田川郡添田町英彦山観光
磨崖仏,〒824-0721　福岡県田川郡添田町英彦山観光
旧亀石坊庭園,〒824-0721　福岡県田川郡添田町英彦山観光
玉屋神社,〒824-0721　福岡県田川郡添田町英彦山観光
高住神社,〒824-0721　福岡県田川郡添田町英彦山観光
財蔵坊,〒824-0721　福岡県田川郡添田町英彦山観光
岩石城,〒824-0602　福岡県田川郡添田町大字添田1788-2観光
旧数山家住宅,〒824-0411　福岡県田川郡添田町津野観光
中島家住宅,〒824-0602　福岡県田川郡添田町下町観光
英彦山の宿坊,〒824-0601　福岡県田川郡添田町観光
英彦山の菩提樹,〒824-0721　福岡県田川郡添田町大字英彦山観光
霧氷,〒824-0721　福岡県田川郡添田町英彦山観光
龍門峡,〒824-0601　福岡県田川郡添田町観光
深倉峡,〒824-0601　福岡県田川郡添田町観光
陣屋ダム湖,〒824-0603　福岡県田川郡添田町中元寺観光
油木ダム湖,〒824-0601　福岡県田川郡添田町観光
岳滅鬼山,〒824-0602　福岡県田川郡添田町／大分県日田市観光
道の駅香春　物産直売所　わぎえの里,〒822-1402　福岡県田川郡香春町鏡山１８７０番地1
香春神社,〒822-1401　福岡県田川郡香春町大字香春（新町）観光
神宮院の梅,〒822-1401　福岡県田川郡香春町殿町観光
福岡サンレイクゴルフ倶楽部,〒839-0225　福岡県みやま市高田町上楠田1519-2観光
高田濃施山公園キャンプ場,〒839-0221　福岡県みやま市高田町下楠田480観光
高田濃施山公園,〒839-0221　福岡県みやま市高田町下楠田480観光
石神山古墳,〒839-0225　福岡県みやま市高田町上楠田観光
新開村旧てい記碑,〒839-0203　福岡県みやま市高田町黒崎開観光
共和園（観光みかん園）,〒835-0101　福岡県みやま市山川町立山1257観光
高畑公園,〒832-0826　福岡県柳川市三橋町高畑325番地2観光
Ｙｏｕ・遊の森公園,〒832-0806　福岡県柳川市三橋町柳河1020番地1観光
立花いこいの森,〒832-0811　福岡県柳川市三橋町中山547番地1観光
島田天満宮,〒832-0815　福岡県柳川市三橋町白鳥島田観光
高畑公園の桜,〒832-0826　福岡県柳川市高畑323-1観光
雲龍の館,〒839-0253　福岡県柳川市大和町鷹ノ尾151-2観光
五百羅漢,〒835-0003　福岡県みやま市瀬高町本吉1119-1　清水寺観光
北原白秋歌碑,〒835-0003　福岡県みやま市瀬高町本吉1117-4　清水寺本坊庭園観光
女山神籠石,〒835-0005　福岡県みやま市瀬高町大草観光
金栗遺跡,〒835-0023　福岡県みやま市瀬高町小川観光
清水山ぼたん園,〒835-0003　福岡県みやま市瀬高町本吉観光
清水公園の桜,〒835-0003　福岡県みやま市瀬高町　清水山観光
清水山,〒835-0003　福岡県みやま市瀬高町本吉観光
森の工作館,〒834-0201　福岡県八女市星野村10874-1観光
古陶星野焼展示館,〒834-0201　福岡県八女市星野村千々谷11865-1観光
いもほりむら,〒834-0201　福岡県八女市星野村10874-1観光
池の山キャンプ場,〒834-0201　福岡県八女市星野村10874-1観光
大円寺,〒834-0201　福岡県八女市土穴観光
桁山カヤの木,〒834-0201　福岡県八女市桁山観光
室山神社の大杉,〒834-0201　福岡県八女市星野村室山観光
麻生池,〒834-0201　福岡県八女市星野村麻生観光
石割岳,〒834-0201　福岡県八女市尾払観光
八女津媛神社浮立館,〒834-1401　福岡県八女市神ノ窟観光
お茶作りフォーラム,〒834-1401　福岡県八女市矢部村北矢部4236観光
フォレスト花みずき,〒834-1401　福岡県八女市御側観光
大杣キャンプ場,〒834-1401　福岡県八女市矢部村北矢部字御側観光
奥の院キャンプ場,〒834-1402　福岡県八女市矢部村北矢部字八知山観光
奥日向神キャンプ場,〒834-1401　福岡県八女市矢部村北矢部字日向神観光
足掛地蔵尊,〒834-1401　福岡県八女市矢部村北矢部コズミトコ
矢部川源流公園,〒834-1401　福岡県八女市矢部村北矢部鬼塚観光
八女津媛神社の紅葉,〒834-1401　福岡県八女市神ノ窟観光
八ッ滝の紅葉,〒834-1401　福岡県八女市本川内観光
大杣公園のつつじ,〒834-1401　福岡県八女市御側 大杣公園観光
日向神ダム周辺の桜,〒834-1401　福岡県八女市矢部村日向神観光
大杣公園のシャクナゲ,〒834-1401　福岡県八女市御側観光
日向神峡の紅葉,〒834-1401　福岡県八女市観光
日向神峡（蹴洞岩）,〒834-1401　福岡県八女市矢部村日向神観光
御前岳,〒834-1401　福岡県八女市矢部村北矢部観光
広川町産業展示会館,〒834-0111　福岡県八女郡広川町大字日吉１１６４-６観光
広川町古墳公園資料館こふんピア広川,〒834-0122　福岡県八女郡広川町大字一條1436-2観光
観光農園（イチゴ狩り）,〒834-0104　福岡県八女郡広川町大字吉常15-3-2観光
久留米カントリークラブ,〒834-0105　福岡県八女郡広川町長延1243-1観光
筑後の森テニスクラブ,〒834-0115　福岡県八女郡広川町大字新代観光
逆瀬谷薬師堂,〒834-0102　福岡県八女郡広川町水原観光
竜光寺公園,〒834-0111　福岡県八女郡広川町大字日吉観光
グリートパーク,〒834-0111　福岡県八女郡広川町大字日吉観光
石人山古墳,〒834-0122　福岡県八女郡広川町一条観光
弘化谷古墳,〒834-0121　福岡県八女郡広川町大字広川観光
広川町観光協会,〒834-0111　福岡県八女郡広川町大字日吉1164-6観光
立花バンブー株式会社,〒834-0082　福岡県八女市立花町兼松752-1観光
大道谷の里,〒834-0084　福岡県八女市立花町白木4578-1観光
Dokomo田中さんちの農園,〒834-0084　福岡県八女市立花町白木4346-2観光
飛形自然公園,〒834-0084　福岡県八女市立花町白木地内観光
黒岩橋,〒834-0083　福岡県八女市立花町上辺春黒岩観光
白城の里旧大内邸,〒834-0084　福岡県八女市立花町白木3245番地観光
松延家住宅,〒834-0082　福岡県八女市立花町兼松240観光
ほたると石橋の館,〒834-1102　福岡県八女市上陽町北川内589-2観光
八女上陽ゴルフ倶楽部,〒834-1102　福岡県八女市上陽町北川内2914-1観光
大伴部博麻公碑,〒834-0001　福岡県八女市室園（北川内公園内）観光
北川内公園,〒834-0001　福岡県八女市室園観光
春の山公園,〒834-1102　福岡県八女市上陽町北川内観光
洗玉橋,〒834-0001　福岡県八女市星野川観光
星野川,〒834-1102　福岡県八女市上陽町北川内観光
滝の宮（縁結び不動尊）,〒834-0001　福岡県八女市上陽町納又観光
お茶の里記念館,〒834-1222　福岡県八女市黒木町笠原観光
木造聖観音立像,〒834-1203　福岡県八女市黒木町北木屋観光
八女茶発祥の地お茶の里公園,〒834-1222　福岡県八女市黒木町笠原観光
霊巌寺,〒834-1222　福岡県八女市黒木町笠原観光
黒木稲荷神社,〒834-1221　福岡県八女市黒木町今観光
明治の館,〒834-1204　福岡県八女市黒木町木屋観光
旧伊佐邸,〒834-1204　福岡県八女市黒木町木屋観光
学びの館,〒834-1221　福岡県八女市黒木町今観光
霊巌寺の奇岩,〒834-1222　福岡県八女市黒木町笠原観光
日向神渓谷,〒834-1202　福岡県八女市黒木町大渕観光
黒木町観光協会,〒834-1292　福岡県八女市黒木町今1314番1（八女市役所黒木総合支所産業経済課内）観光
十連寺公園,〒830-0112　福岡県久留米市三潴町西牟田6557-44観光
みづまの黒松,〒830-0111　福岡県久留米市観光
クリークの里石丸山公園,〒830-0416　福岡県三潴郡大木町大字大角観光
城島リバーサイドゴルフ場,〒830-0203　福岡県久留米市城島町大字浜293観光
酒造壁画,〒830-0211　福岡県久留米市城島町楢津764（町民の森公園）観光
法林寺宝篋印塔,〒830-0225　福岡県久留米市城島町下青木542観光
西光寺の木造阿弥陀三尊像,〒830-1211　福岡県三井郡大刀洗町本郷
床島堰,〒830-1203　福岡県三井郡大刀洗町三川観光
大刀洗公園,〒830-1226　福岡県三井郡大刀洗町山隈1598-5観光
大堰神社,〒830-1201　福岡県三井郡大刀洗町冨多観光
三原城址,〒830-1211　福岡県三井郡大刀洗町本郷観光
コスモスパーク北野,〒830-1114　福岡県久留米市北野町高良724-1観光
コスモス街道,〒830-1122　福岡県久留米市北野町観光
北野天満宮の大樟,〒830-1113　福岡県久留米市北野町中3267観光
うきは市立浮羽歴史民俗資料館,〒839-1401　福岡県うきは市朝田560-1観光
巨峰狩り,〒839-1401　福岡県うきは市浮羽町一帯観光
梨狩り,〒839-1408　福岡県うきは市浮羽町一帯観光
長岩公園,〒839-1413　福岡県うきは市浮羽町新川3020観光
保木公園,〒839-1408　福岡県うきは市浮羽町山北1146-1観光
大生寺,〒839-1411　福岡県うきは市浮羽町流川観光
朝田古墳群,〒839-1401　福岡県うきは市浮羽町朝田観光
塚花塚古墳,〒839-1401　福岡県うきは市浮羽町朝田1235-2観光
楠名古墳,〒839-1401　福岡県うきは市浮羽町朝田669観光
重定古墳,〒839-1401　福岡県うきは市浮羽町朝田681-1観光
平川家住宅,〒839-1414　福岡県うきは市浮羽町田篭３８３観光
みかん狩り,〒839-1211　福岡県久留米市田主丸町森部観光
ぶどう狩り,〒839-1233　福岡県久留米市田主丸町一帯観光
柿狩り,〒839-1233　福岡県久留米市田主丸町一帯観光
田主丸ふるさと会館,〒839-1233　福岡県久留米市田主丸町田主丸2000観光
石垣山観音寺,〒839-1212　福岡県久留米市田主丸町石垣271-8観光
平原古墳群,〒839-1211　福岡県久留米市田主丸町森部　田主丸平原古墳公園内観光
寺徳古墳,〒839-1213　福岡県久留米市田主丸町益生田観光
うきは市観光協会,〒839-1321　福岡県うきは市吉井町1043-2観光
吉井温泉,〒839-1304　福岡県うきは市吉井町千年観光
金子文夫資料展示館,〒839-1321　福岡県うきは市吉井町1316-3観光
うきは市立吉井歴史民俗資料館,〒839-1321　福岡県うきは市吉井町983-1観光
柿狩り,〒839-1321　福岡県うきは市吉井町耳納山麓一帯観光
屋部地蔵公園,〒839-1331　福岡県うきは市吉井町屋部観光
長野水神社,〒839-1301　福岡県うきは市吉井町桜井208-1観光
日岡古墳,〒839-1311　福岡県うきは市吉井町若宮366-1観光
月岡古墳,〒839-1311　福岡県うきは市吉井町若宮366-1観光
鳥船塚古墳,〒839-1333　福岡県うきは市吉井町富永観光
珍敷塚古墳,〒839-1333　福岡県うきは市吉井町富永649-3観光
古畑古墳,〒839-1333　福岡県うきは市吉井町富永観光
居蔵の館,〒839-1321　福岡県うきは市吉井町1103-1観光
鏡田屋敷,〒839-1321　福岡県うきは市吉井町若宮113-1観光
延寿寺曽根のハゼ並木,〒839-1332　福岡県うきは市吉井町東延寿寺観光
筑後吉井のぼたん園（喜笙園）,〒839-1305　福岡県うきは市吉井町福永166-2観光
芥屋ふれあい市,〒819-1335　福岡県糸島市志摩岐志911　(旧ＪＡ糸島芥屋支店）観光
小富士物産直売所「愛菜」,〒819-1321　福岡県糸島市志摩小富士947観光
芥屋の大門周遊遊覧船,〒819-1335　福岡県糸島郡志摩町芥屋520観光
志摩町歴史資料館,〒819-1312　福岡県糸島郡志摩町初1番地観光
新町遺跡展示館,〒819-1333　福岡県糸島市志摩新町観光
地引網（志摩）,〒819-1333　福岡県糸島市志摩新町476-1観光
姫島,〒819-1336　福岡県糸島市志摩姫島観光
大門自然歩道,〒819-1301　福岡県糸島市志摩芥屋
立石山自然歩道,〒819-1301　福岡県糸島市
志摩シーサイドカンツリークラブ,〒819-1303　福岡県糸島市志摩野北575観光
芥屋ゴルフ倶楽部,〒819-1335　福岡県糸島市芥屋1-1観光
芥屋野営場,〒819-1335　福岡県糸島市志摩芥屋2564観光
西林寺,〒819-1322　福岡県糸島市志摩御床355観光
小富士梅林,〒819-1321　福岡県糸島市志摩小富士観光
六所神社の大樟,〒819-1305　福岡県糸島市志摩馬場観光
幣の浜海岸,〒819-1323　福岡県糸島市志摩小金丸観光
立石山,〒819-1301　福岡県糸島市志摩芥屋観光
観光協会志摩本所,〒819-1312　福岡県糸島市志摩初２６-１観光
深江地引網,〒819-1613　福岡県糸島市二丈深江観光
深江海水浴場,〒819-1601　福岡県糸島市二丈深江観光
龍国寺,〒819-1626　福岡県糸島市二丈波呂474観光
鎮懐石八幡宮,〒819-1601　福岡県糸島市二丈深江2143-1観光
浮嶽神社,〒819-1641　福岡県糸島市二丈吉井観光
銚子塚古墳,〒819-1615　福岡県糸島市二丈田中観光
千寿院の滝,〒819-1624　福岡県糸島市二丈満吉観光
観光協会二丈支所,〒819-1642　福岡県糸島市二丈鹿家844-13観光
行者杉・行者堂,〒838-1601　福岡県朝倉郡東峰村大字小石原観光
岩屋神社,〒838-1701　福岡県朝倉郡東峰村大字宝珠山観光
山村文化交流の郷　いぶき館,〒838-1702　福岡県朝倉郡東峰村大字福井2296-1観光
農産物直売所「いちご」,〒838-0802　福岡県朝倉郡筑前町久光915-1観光
朝採り市場「とまと」,〒838-0214　福岡県朝倉郡筑前町東小田1650-1観光
炭焼池公園,〒838-0206　福岡県朝倉郡筑前町曽根田1179観光
曽根田親水公園,〒838-0206　福岡県朝倉郡筑前町曽根田640-1観光
安の里公園,〒838-0215　福岡県朝倉郡筑前町篠隈673-1観光
藤の里公園,〒838-0821　福岡県朝倉郡筑前町上高場1793-1観光
焼ノ峠古墳,〒838-0212　福岡県朝倉郡筑前町四三嶋239-115観光
仙道古墳,〒838-0802　福岡県朝倉郡筑前町久光106観光
釈迦岳温泉,〒838-1701　福岡県朝倉郡東峰村大字宝珠山１１観光
釈迦岳遊歩道,〒838-1700　福岡県朝倉郡東峰村
岩屋自然歩道,〒838-1700　福岡県朝倉郡東峰村
岩屋キャンプ場,〒838-1701　福岡県朝倉郡東峰村大字宝珠山4171観光
岩屋公園,〒838-1701　福岡県朝倉郡東峰村大字宝珠山観光
岩屋の玄海ツツジ,〒838-1701　福岡県朝倉郡東峰村岩屋観光
岩屋公園(国定),〒838-1701　福岡県朝倉郡東峰村大字宝珠山観光
釈迦ヶ岳,〒838-1701　福岡県朝倉郡東峰村大字宝珠山観光
小石原焼伝統産業会館,〒838-1601　福岡県朝倉郡東峰村大字小石原字皿山観光
森林浴遊歩道,〒838-1700　福岡県朝倉郡東峰村
ポーン太の森キャンプ場,〒838-1602　福岡県朝倉郡東峰村大字小石原鼓観光
馬見山,〒838-0012　福岡県朝倉郡東峰村大字小石原観光
国立夜須高原青少年自然の家,〒838-0202　福岡県朝倉郡筑前町三箇山 1103観光
五玉神社,〒838-0202　福岡県朝倉郡筑前町三箇山1144-1観光
夜須高原,〒838-0201　福岡県朝倉郡筑前町観光
秋の田句碑,〒838-0000　福岡県朝倉市山田166
朝倉町総合運動公園,〒838-1302　福岡県朝倉市宮野観光
木の丸公園,〒838-1306　福岡県朝倉市山田観光
宮地嶽公園,〒838-1301　福岡県朝倉市宮野観光
橘の広庭公園,〒838-1304　福岡県朝倉市須川観光
南淋寺,〒838-1302　福岡県朝倉市宮野87観光
恵蘇八幡宮,〒838-1306　福岡県朝倉市山田１６６観光
橘広庭宮跡,〒838-1304　福岡県朝倉市須川観光
堀川用水及び朝倉揚水車,〒838-1307　福岡県朝倉市菱野観光
長安寺廃寺跡,〒838-1304　福岡県朝倉市須川観光
隠家森,〒838-1306　福岡県朝倉市恵蘇宿観光
巨峰狩,〒838-1521　福岡県朝倉市杷木志波観光
柿狩,〒838-1521　福岡県朝倉市杷木志波観光
大手山2000年公園,〒838-1514　福岡県朝倉市杷木古賀1164-1観光
普門院,〒838-1521　福岡県朝倉市杷木志波5376観光
杷木神篭石,〒838-1506　福岡県朝倉市林田観光
円清寺の「銅鐘」,〒838-1521　福岡県朝倉市杷木志波政所観光
普門院木造十一面観音立像,〒838-1521　福岡県朝倉市杷木志波5376観光
普門院本堂,〒838-1521　福岡県朝倉市杷木志波5376観光
北九州カントリー倶楽部,〒820-1112　福岡県飯塚市鹿毛馬412-6観光
国境石,〒820-1112　福岡県飯塚市大字鹿毛馬6-1・2-1観光
鹿毛馬神籠石（国指定）,〒820-1112　福岡県飯塚市鹿毛馬観光
旧松喜醤油屋,〒820-1111　福岡県飯塚市大字勢田字仲村730観光
庄四季物,〒820-0101　福岡県飯塚市綱分802-14 庄内支所前観光
茜ゴルフ倶楽部,〒820-0712　福岡県飯塚市大分1931観光
サンビレッジ茜,〒820-0711　福岡県飯塚市山口845-38観光
大分八幡宮,〒820-0712　福岡県飯塚市大分観光
養源寺,〒820-0712　福岡県飯塚市大分1281観光
大分廃寺塔跡,〒820-0712　福岡県飯塚市大分観光
内野宿,〒820-0706　福岡県飯塚市内野観光
大分八幡宮の大樟,〒820-0712　福岡県飯塚市大分観光
三郡山,〒820-0709　福岡県飯塚市観光
大根地山,〒818-0003　福岡県飯塚市内野観光
九州りんご村,〒820-0321　福岡県嘉麻市大字馬見字宮小路観光
馬見山キャンプ村,〒820-0312　福岡県嘉麻市馬見3179-1観光
母里太兵衛の墓,〒820-0302　福岡県嘉麻市大隈町観光
麟翁寺,〒820-0302　福岡県嘉麻市大隈観光
鮭神社,〒820-0304　福岡県嘉麻市大隈観光
古処山のツゲ原生林,〒820-0332　福岡県嘉麻市千手観光
古処山,〒838-0012　福岡県嘉麻市観光
碓井琴平文化館,〒820-0502　福岡県嘉麻市上臼井767観光
お菊大明神（皿屋敷跡）,〒820-0502　福岡県嘉麻市上臼井観光
稲築町文化ふれあい伝承館,〒820-0202　福岡県嘉麻市大字山野1619-4観光
嘉麻市ふるさと交流館なつきの湯,〒820-0206　福岡県嘉麻市大字鴨生24-10観光
山野の石像群（五百羅漢）,〒820-0202　福岡県嘉麻市山野1609観光
石造三重塔・阿弥陀如来石仏（通称正平塔・正平仏）,〒820-0203　福岡県嘉麻市平観光
沖出古墳公園,〒820-0201　福岡県嘉麻市大字漆生78-1観光
稲築公園,〒820-0207　福岡県嘉麻市大字岩崎1084、1096観光
三郎丸の大樟,〒820-0207　福岡県嘉麻市口春字三郎丸322観光
王塚装飾古墳館,〒820-0603　福岡県嘉穂郡桂川町大字寿命３７６番地観光
麻生飯塚ゴルフ倶楽部,〒820-0609　福岡県嘉穂郡桂川町大字吉隅120観光
湯の浦キャンプ場,〒820-0607　福岡県嘉穂郡桂川町大字土師４６５０-４観光
ブドウ狩り,〒822-0133　福岡県宮若市脇田 宮若市観光協会観光
プリンスゴルフクラブ,〒822-0153　福岡県宮若市山口148観光
若宮ゴルフクラブ,〒822-0131　福岡県宮若市大字乙野1121観光
西鞍の丘総合運動公園,〒822-0131　福岡県宮若市乙野観光
力丸ダム湖,〒822-0122　福岡県宮若市下観光
石炭記念館,〒823-0005　福岡県宮若市上大隈573番地観光
ザ・クラシックゴルフ倶楽部,〒823-0017　福岡県宮若市倉久1-3観光
宮若市いこいの里千石キャンプ場,〒823-0011　福岡県宮若市千石観光
千石公園,〒823-0011　福岡県宮若市宮田観光
毘沙門さま（普光寺）,〒823-0004　福岡県宮若市磯光2530観光
霊験寺（釘抜地蔵尊）,〒823-0014　福岡県宮若市下有木1083-2観光
くらじの郷,〒807-1305　福岡県鞍手郡鞍手町大字新延414-1観光
鞍手町歴史民俗博物館,〒807-1311　福岡県鞍手郡鞍手町大字小牧2097観光
ムーンレイクゴルフクラブ　鞍手コース,〒807-1308　福岡県鞍手郡鞍手町八尋1331観光
大谷自然公園,〒807-1306　福岡県鞍手郡鞍手町大字古門３４番地観光
伊藤常足翁旧宅,〒807-1306　福岡県鞍手郡鞍手町大字古門1256観光
鞍手公園,〒807-1312　福岡県鞍手郡鞍手町大字中山2802-7観光
熱田宮,〒807-1313　福岡県鞍手郡鞍手町大字新北1565-1観光
長谷寺,〒807-1314　福岡県鞍手郡鞍手町大字長谷547観光
中山不動尊,〒807-1312　福岡県鞍手郡鞍手町大字中山1441観光
長谷観音,〒807-1314　福岡県鞍手郡鞍手町大字長谷547観光
新延大塚古墳,〒807-1305　福岡県鞍手郡鞍手町大字新延観光
高木薬師如来（明福寺飛地境内）,〒807-1313　福岡県鞍手郡鞍手町新北観光
古月横穴,〒807-1306　福岡県鞍手郡鞍手町古門観光
剣岳城跡,〒807-1312　福岡県鞍手郡鞍手町大字中山1590-5観光
六ケ岳,〒807-1307　福岡県鞍手郡鞍手町室木観光
愛菜の家,〒820-1106　福岡県鞍手郡小竹町南良津103-1観光
ミッションバレーゴルフクラブ,〒820-1103　福岡県鞍手郡小竹町大字勝野1870-1観光
合屋古墳,〒820-1101　福岡県鞍手郡小竹町御徳観光
長崎街道,〒820-1101　福岡県鞍手郡小竹町観光
遠賀川温泉,〒811-4312　福岡県遠賀郡遠賀町浅木61-1観光
チサンカントリークラブ遠賀,〒811-4321　福岡県遠賀郡遠賀町虫生津1612-3観光
遠賀総合運動公園　キャンプ場,〒811-4302　福岡県遠賀郡遠賀町大字広渡23-6観光
島津丸山古墳,〒811-4301　福岡県遠賀郡遠賀町島津地内観光
みかん狩,〒811-4201　福岡県遠賀郡岡垣町町内観光
漢方巨峰狩,〒811-4201　福岡県遠賀郡岡垣町町内観光
宝樹院,〒811-4221　福岡県遠賀郡岡垣町大字山田934-1観光
真福寺,〒811-4201　福岡県遠賀郡岡垣町大字波津４４７観光
大原神社,〒811-4202　福岡県遠賀郡岡垣町大字原６９５観光
海蔵寺,〒811-4203　福岡県遠賀郡岡垣町大字内浦９３１観光
氏森神社,〒811-4221　福岡県遠賀郡岡垣町大字山田９３１観光
赤レンガアーチ,〒811-4231　福岡県遠賀郡岡垣町大字海老津観光
金刀毘羅山,〒811-4231　福岡県遠賀郡岡垣町大字海老津観光
湯川山さくら道,〒811-4203　福岡県遠賀郡岡垣町大字内浦観光
孟宗金明竹,福岡県遠賀郡岡垣町町内観光
三里松原,福岡県遠賀郡岡垣町北部観光
湯川山,福岡県遠賀郡岡垣町西部観光
岡垣町観光協会,〒811-4233　福岡県遠賀郡岡垣町野間1-1-1観光
堀川歴史公園,〒807-0045　福岡県遠賀郡水巻町吉田東3丁目地内観光
夏井ヶ浜はまゆう公園,〒807-0141　福岡県遠賀郡芦屋町大字山鹿796
魚見公園,〒807-0141　福岡県遠賀郡芦屋町大字山鹿観光
城山公園,〒807-0141　福岡県遠賀郡芦屋町山鹿観光
神武天皇社,〒807-0112　福岡県遠賀郡芦屋町正門町１４番観光
芦屋釜の里,〒807-0141　福岡県遠賀郡芦屋町大字山鹿１５５８番地３観光
魚見公園展望所,〒807-0141　福岡県遠賀郡芦屋町山鹿魚見観光
芦屋,〒807-0101　福岡県遠賀郡芦屋町観光
千光院の大ソテツ,〒807-0121　福岡県遠賀郡芦屋町船頭町観光
芦屋町観光協会,〒807-0133　福岡県遠賀郡芦屋町大字芦屋1455-284観光
大島観光案内所,〒811-3701　福岡県宗像市大島 大島ターミナル内観光
かんす海水浴場,〒811-3701　福岡県宗像市大島観光
宗像大社沖津宮遙拝所,〒811-3701　福岡県宗像市大島観光
宗像大社中津宮,〒811-3701　福岡県宗像市大島182-1観光
ハマヒサカキ,〒811-3701　福岡県宗像市大島神崎観光
馬蹄岩,〒811-3701　福岡県宗像市神崎観光
三浦洞窟,〒811-3701　福岡県宗像市神崎観光
神崎,〒811-3701　福岡県宗像市観光
御嶽山,〒811-3701　福岡県宗像市大島観光
県立少年自然の家「玄海の家」,〒811-3501　福岡県宗像市神湊1276観光
地引網,〒811-3512　福岡県宗像市鐘崎観光
深浜海水浴場,〒811-3512　福岡県宗像市鐘崎観光
神湊海水浴場,〒811-3501　福岡県宗像市神湊観光
ユーアイゴルフクラブ宗像,〒811-3503　福岡県宗像市牟田尻2020観光
玄海ゴルフクラブ,〒811-3502　福岡県宗像市江口578-18観光
興聖寺,〒811-3505　福岡県宗像市田島1472観光
桜京古墳,〒811-3503　福岡県宗像市牟田尻（字桜京）２０１９番地観光
鐘崎貝塚,〒811-3512　福岡県宗像市上八林番下浜山１１３-１観光
泉福寺のエノキ,〒811-3512　福岡県宗像市鐘崎469観光
大クス,〒811-3505　福岡県宗像市田島2241　氏八幡神社観光
藤の木,〒811-3512　福岡県宗像市江口1330番地観光
イヌマキ天然林,〒811-3512　福岡県宗像市鐘崎２２４　織幡神社観光
孔大寺の大イチョウ,〒811-3515　福岡県宗像市池田２７４２観光
地島,〒811-3401　福岡県宗像市地島観光
鐘ノ岬,〒811-3512　福岡県宗像市鐘崎観光
孔大寺山,〒811-3401　福岡県宗像市観光
津屋崎海水浴場,〒811-3304　福岡県福津市津屋崎観光
大峰山キャンプ場,〒811-3307　福岡県福津市渡観光
大峰山自然公園,〒811-3307　福岡県福津市渡観光
東郷公園の桜,〒811-3307　福岡県福津市渡観光
津屋崎海岸,〒811-3304　福岡県福津市津屋崎観光
みずがめの郷,〒811-3206　福岡県福津市久末86-6観光
農産物直販施設なのみの里,〒811-2302　福岡県糟屋郡粕屋町大字大隈1229観光
平塚古墳,〒811-2301　福岡県糟屋郡粕屋町大字上大隈観光
自然歩道立花・三日月コース,〒811-2501　福岡県糟屋郡久山町
遠見岳,〒811-2501　福岡県糟屋郡久山町観光
新宮海水浴場,福岡県糟屋郡新宮町
梅岳寺,〒811-0102　福岡県糟屋郡新宮町大字立花口1275番地観光
独鈷寺,〒811-0102　福岡県糟屋郡新宮町大字立花口1098観光
立花城址,〒811-0102　福岡県糟屋郡新宮町大字立花口観光
横大路家住宅（千年家）,〒811-0117　福岡県糟屋郡新宮町大字上府420番地観光
立花山クスノキ原生林,〒811-0101　福岡県糟屋郡新宮町観光
立花山,〒811-0102　福岡県糟屋郡新宮町大字立花口観光
新宮町観光協会,〒811-0112　福岡県糟屋郡新宮町大字下府3-17-1観光
須恵町立久我記念館,〒811-2113　福岡県糟屋郡須惠町大字須恵77-1観光
須恵町立歴史民俗資料館,〒811-2114　福岡県糟屋郡須惠町大字上須恵21-3観光
左谷山建正寺,〒811-2115　福岡県糟屋郡須惠町佐谷
岳城山,〒811-2101　福岡県糟屋郡須惠町観光
鉄道記念公園,福岡県糟屋郡志免町志免中央2-7
平成の森公園,〒811-2208　福岡県糟屋郡志免町大字吉原660
志免総合公園,〒811-2207　福岡県糟屋郡志免町大字南里640-1
七夕池古墳,〒811-2204　福岡県糟屋郡志免町田富3-18
志免鉱業所跡竪坑及び第八坑関連地区,〒811-2202　福岡県糟屋郡志免町大字志免７１５番地１２ほか
旧志免鉱業所竪坑櫓,〒811-2202　福岡県糟屋郡志免町大字志免４９５-３
大和の森遊歩道,〒811-2411　福岡県糟屋郡篠栗町大字若杉
若杉自然歩道,〒811-2413　福岡県糟屋郡篠栗町大字若杉
篠栗四国霊場（お遍路）,〒811-2401　福岡県糟屋郡篠栗町観光
清流公園なるふち平,〒811-2405　福岡県糟屋郡篠栗町篠栗観光
樹芸の森,〒811-2402　福岡県糟屋郡篠栗町大字金出3252番地1観光
新吉野公園,〒811-2405　福岡県糟屋郡篠栗町城戸郷の原観光
観音公園,〒811-2402　福岡県糟屋郡篠栗町金出観光
鳴淵ダム,〒811-2405　福岡県糟屋郡篠栗町大字篠栗、金出観光
峯尾展望台,〒811-2405　福岡県糟屋郡篠栗町大字篠栗観光
鳴淵ダム展望台広場,〒811-2402　福岡県糟屋郡篠栗町大字金出観光
新吉野公園の桜,〒811-2405　福岡県糟屋郡篠栗町城戸郷の原観光
花観音,〒811-2405　福岡県糟屋郡篠栗町大字篠栗観光
荒田高原,〒811-2405　福岡県糟屋郡篠栗町大字篠栗観光
宇美町立歴史民俗資料館,〒811-2101　福岡県糟屋郡宇美町宇美一丁目１番２２号観光
宇美町総合スポーツ公園,〒811-2108　福岡県糟屋郡宇美町ゆりが丘一丁目2番観光
光正寺古墳公園,〒811-2101　福岡県糟屋郡宇美町光正寺二丁目4537-11観光
昭和の森,〒811-2101　福岡県糟屋郡宇美町大字宇美字正楽観光
宇美公園,〒811-2122　福岡県糟屋郡宇美町明神坂1丁目4684-1観光
衣掛の森,〒811-2101　福岡県糟屋郡宇美町宇美一丁目１番１号 宇美八幡宮観光
蚊田の森,〒811-2101　福岡県糟屋郡宇美町宇美一丁目１番１号 宇美八幡宮観光
三郡山のツクシシャクナゲ,〒811-2101　福岡県糟屋郡宇美町三郡山観光
湯蓋の森,〒811-2101　福岡県糟屋郡宇美町宇美一丁目１番１号 宇美八幡宮観光
難所ヶ滝,〒811-2101　福岡県糟屋郡宇美町観光
頭巾山,〒811-2101　福岡県糟屋郡宇美町観光
佛頂山,〒811-2101　福岡県糟屋郡宇美町観光
三郡山,〒811-2101　福岡県糟屋郡宇美町観光
筑紫ケ丘ゴルフクラブ,〒811-1241　福岡県筑紫郡那珂川町大字後野字早口571観光
大博多カントリー倶楽部,〒811-1232　福岡県筑紫郡那珂川町大字埋金字四郎五郎5観光
グリーンピアなかがわキャンプ村,〒811-1234　福岡県筑紫郡那珂川町大字五ケ山870-2観光
グリーンピアなかがわ　スキップ広場,〒811-1234　福岡県筑紫郡那珂川町大字五ケ山870-2観光
筑紫耶馬渓,〒811-1233　福岡県筑紫郡那珂川町大字市ノ瀬〜大字五ヶ山観光
お牧山キャンプ場,〒835-0114　福岡県みやま市山川町甲田2650-1観光
清水寺三重塔,〒835-0003　福岡県みやま市瀬高町本吉1119-1　清水寺観光
御座敷梅林・御座敷盆梅,〒835-0102　福岡県みやま市山川町尾野観光
天保古平家一本桜,〒835-0113　福岡県みやま市山川町重冨観光
御牧山,〒835-0114　福岡県みやま市山川町甲田観光
嘉穂アルプス九州自然歩道,福岡県嘉麻市観光
益富城自然公園,〒820-0303　福岡県嘉麻市中益248番地観光
嘉穂総合運動公園,〒820-0306　福岡県嘉麻市上西郷1482番地１
織田廣喜美術館,〒820-0502　福岡県嘉麻市上臼井767番地観光
長谷山,福岡県嘉麻市
鴨ヶ岳,福岡県嘉麻市
三高山,福岡県嘉麻市
白馬山,福岡県嘉麻市
大法山,福岡県嘉麻市
馬見山,福岡県嘉麻市
屏山,福岡県嘉麻市
吉井百年公園,〒839-1333　福岡県うきは市吉井町富永423-1観光
佐藤家庭園,〒839-1412　福岡県うきは市浮羽町小塩2339観光
ゆる〜っと、ほっこり。森林セラピー,〒839-1393　福岡県うきは市吉井町新治316番地
うきは市観光協会　浮羽支局,〒839-1408　福岡県うきは市浮羽町山北729-2観光
あんずの里ふれあいの館,〒811-3521　福岡県福津市勝浦1667番地の1
あんずの里運動公園,〒811-3521　福岡県福津市勝浦1706番地の1観光
津屋崎千軒,〒811-3304　福岡県福津市津屋崎
福津市観光協会,〒811-3217　福岡県福津市中央3-8-1観光
薬王寺温泉,〒811-3124　福岡県古賀市薬王寺観光
古賀市コスモス館,〒811-3134　福岡県古賀市青柳658-1
古賀ゴルフ・クラブ,〒811-3105　福岡県古賀市鹿部1310-1観光
古賀グリーンパーク,〒811-3133　福岡県古賀市青柳町587-1観光
青柳宿構口跡,〒811-3133　福岡県古賀市青柳町観光
興山園の桜・ツツジ,〒811-3123　福岡県古賀市米多比観光
伊都郷土美術館,〒819-1119　福岡県糸島市前原東2丁目2-8(伊都文化会館横）観光
糸島高校郷土博物館,〒819-1139　福岡県糸島市前原南2丁目21-1観光
水無林間歩道,〒819-1100　福岡県糸島市
雷山自然歩道,〒819-1145　福岡県糸島市雷山
井原山自然歩道,〒819-1582　福岡県糸島市井原
怡土城跡周回連絡歩道,〒819-1101　福岡県糸島市高祖
雷山周回自然歩道,〒819-1145　福岡県糸島市雷山
怡土城跡探望歩道,〒819-1101　福岡県糸島市
福岡雷山ゴルフ倶楽部,〒819-1574　福岡県糸島市川原807番地観光
伊都ゴルフ倶楽部,〒819-1147　福岡県糸島市香力474観光
糸島市立瑞梅寺山の家キャンプ場,〒819-1581　福岡県糸島市瑞梅寺658観光
糸島市農業公園「ファームパーク伊都国」,〒819-1571　福岡県糸島市高祖７４７の１観光
雷神社,〒819-1145　福岡県糸島市雷山148観光
高祖神社,〒819-1571　福岡県糸島市高祖1240観光
志登神社,〒819-1106　福岡県糸島市志登82観光
金龍寺,〒819-1571　福岡県糸島市高祖1289観光
宇美八幡宮,〒819-1155　福岡県糸島市川付787観光
平原歴史公園,〒819-1561　福岡県糸島市有田観光
雷山神籠石,〒819-1145　福岡県糸島市雷山，飯原観光
怡土城跡,〒819-1563　福岡県糸島市高来寺，大門，高祖観光
三雲南小路遺跡,〒819-1583　福岡県糸島市三雲観光
志登支石墓群,〒819-1106　福岡県糸島市志登観光
雷山神籠石,〒819-1100　福岡県糸島市雷山、飯原観光
はまぼう,〒819-1101　福岡県糸島市（糸島市前原と糸島市志摩の境を流れる泉川の両岸。）観光
大悲王院の楓,〒819-1145　福岡県糸島市雷山626観光
井原山,〒819-1581　福岡県糸島市瑞梅寺観光
高祖山,〒819-1571　福岡県糸島市高祖観光
観光協会前原支所,〒819-1116　福岡県糸島市前原中央1-1-10観光
太宰府市地域活性化複合施設『太宰府館』,〒818-0117　福岡県太宰府市宰府三丁目２-３観光
太宰府天満宮菅公歴史館,〒818-0117　福岡県太宰府市宰府4-7-1観光
九州歴史資料館,〒838-0106　福岡県小郡市三沢5208-3観光
九州自然歩道太宰府コース,〒818-0101　福岡県太宰府市観光
歴史の散歩道,〒818-0101　福岡県太宰府市観光
太宰府ゴルフ倶楽部,〒818-0100　福岡県太宰府市石穴3467-39観光
宝満山キャンプ場,〒818-0115　福岡県太宰府市内山観光
吉井勇歌碑,〒818-0101　福岡県太宰府市太宰府天満宮境内観光
曲水の庭,〒818-0117　福岡県太宰府市宰府4-7-1観光
光明禅寺石庭,〒818-0117　福岡県太宰府市宰府2-16-1観光
志賀社,〒818-0117　福岡県太宰府市宰府4-7-1観光
筑前国分寺跡,〒818-0132　福岡県太宰府市国分観光
大宰府学校院跡,〒818-0101　福岡県太宰府市観世音寺観光
国分瓦窯跡,〒818-0132　福岡県太宰府市国分観光
天満宮のクス,〒818-0117　福岡県太宰府市宰府４-７-１観光
天満宮のヒロハチシャノキ,〒818-0117　福岡県太宰府市宰府４-７-１観光
だざいふ遊園地の紅葉,〒818-0117　福岡県太宰府市宰府４-７-１観光
竃門神社の桜,〒818-0115　福岡県太宰府市内山８８３観光
天満宮の花菖蒲,〒818-0117　福岡県太宰府市宰府４-７-１観光
カナディアンキャンプ,〒811-3501　福岡県宗像市神湊44-1観光
福岡国際カントリークラブ　むなかたゴルフ場,〒811-4161　福岡県宗像市大字朝町1470-1観光
八所宮キャンプ場,〒811-4153　福岡県宗像市吉留3186観光
唐津街道（赤間本町・南郷原町）,〒811-3401　福岡県宗像市赤間本町・南郷原町観光
宗生寺のツツジ,〒811-3421　福岡県宗像市大穂９３７観光
許斐山,〒811-3401　福岡県宗像市（福津市）観光
大野城いこいの森キャンプ場,〒816-0971　福岡県大野城市牛頚観光
大野城総合公園,〒816-0902　福岡県大野城市大字乙金618-12観光
大野城いこいの森,〒816-0971　福岡県大野城市牛頚観光
筒井の井戸,〒816-0931　福岡県大野城市筒井観光
大城山,〒816-0051　福岡県大野城市観光
ウトグチ瓦窯展示館,〒816-0845　福岡県春日市白水ケ丘1丁目4観光
春日市奴国の丘歴史資料館,〒816-0861　福岡県春日市岡本3丁目57番地観光
九州カンツリー倶楽部 春日原コース,〒816-0842　福岡県春日市下白水座頭谷207-1観光
春日市立温水プール,〒816-0831　福岡県春日市大谷６-２８観光
春日神社,〒816-0814　福岡県春日市春日1-114観光
日拝塚古墳,〒816-0842　福岡県春日市下白水南6-208観光
白水池,〒816-0051　福岡県春日市観光
ふるさと館ちくしの,〒818-0057　福岡県筑紫野市二日市南1-9-1 パープルプラザ内観光
九州自然歩道三郡コース,〒818-0001　福岡県筑紫野市
九州自然歩道基山コース,〒818-0001　福岡県筑紫野市
九州自然歩道大根地コース,〒818-0001　福岡県筑紫野市
九州自然歩道天拝山コース,〒818-0001　福岡県筑紫野市
武蔵寺,〒818-0052　福岡県筑紫野市武蔵621観光
塔原塔跡,〒818-0055　福岡県筑紫野市塔原観光
五郎山古墳,〒818-0024　福岡県筑紫野市原田3丁目9番観光
基肄城跡,〒818-0001　福岡県筑紫野市観光
山家宿場跡,〒818-0003　福岡県筑紫野市山家観光
筑紫野市観光協会,〒818-0072　福岡県筑紫野市二日市中央1-1-1観光
高松凌雲顕彰碑,〒838-0124　福岡県小郡市古飯地区
城山公園,〒838-0112　福岡県小郡市干潟観光
如意輪寺（如意輪観音）,〒838-0105　福岡県小郡市横隈1729観光
大中臣神社楼門,〒838-0137　福岡県小郡市福童 大中臣神社観光
乙隈境石,〒838-0104　福岡県小郡市乙隈地区観光
松崎宿「油屋」,〒838-0122　福岡県小郡市松崎地区観光
天体ドーム,〒838-0142　福岡県小郡市大板井1180-1観光
松崎「桜馬場」,〒838-0100　福岡県小郡市松崎
将軍藤,〒838-0137　福岡県小郡市福童観光
宝満川河川敷,〒838-0101　福岡県小郡市観光
屋根のない博物館,〒809-0030　福岡県中間市中央二丁目観光
惣社宮,〒809-0032　福岡県中間市中尾一丁目4-3観光
須賀神社（お祇園さん）,〒809-0041　福岡県中間市岩瀬西町6-1観光
堀川の中間唐戸,〒809-0034　福岡県中間市中間二丁目観光
垣生羅漢百穴,〒809-0001　福岡県中間市垣生428観光
筑豊のボタ山,〒809-0000　福岡県中間市観光
豊前温泉　天狗の湯,〒828-0021　福岡県豊前市大字八屋1725番地1観光
求菩提温泉　ト仙の郷,〒828-0084　福岡県豊前市大字篠瀬57-2観光
もみじ学舎,〒828-0077　福岡県豊前市上川底858番地観光
求菩提資料館,〒828-0085　福岡県豊前市大字鳥井畑247観光
建干網漁,〒828-0021　福岡県豊前市大字八屋2445-3観光
ぶぜんフルーツランド,〒828-0011　福岡県豊前市大字四郎丸2024-31観光
九州自然歩道（犬ヶ岳コース）,〒828-0001　福岡県豊前市
語らいの森　求菩提キャンプ場,〒828-0086　福岡県豊前市大字求菩提観光
能徳総合運動公園,〒828-0021　福岡県豊前市八屋322-27観光
岩洞窟,〒828-0083　福岡県豊前市岩屋観光
清原自然公園（ホタルの里）,〒828-0082　福岡県豊前市大字大河内1904
天地山公園,〒828-0061　福岡県豊前市大字大村1140-1観光
求菩提園地,〒828-0085　福岡県豊前市大字鳥井畑観光
如法寺,〒828-0071　福岡県豊前市大字山内966番地観光
国玉神社,〒828-0086　福岡県豊前市求菩提山観光
千手観音堂,〒828-0073　福岡県豊前市大字挾間１２４４観光
大富神社,〒828-0011　福岡県豊前市大字四郎丸256観光
蔵春園,〒828-0056　福岡県豊前市大字薬師寺570観光
才尾の一本桜,福岡県豊前市才尾
枝川内アジサイランド,福岡県豊前市岩屋枝川内
如法寺の蓮,〒828-0071　福岡県豊前市大字山内991観光
平池公園の桜,〒828-0021　福岡県豊前市大字八屋観光
犬ケ岳のツクシシャクナゲ,〒828-0001　福岡県豊前市観光
求菩提のヒメシャガ,〒828-0001　福岡県豊前市観光
恐ヶ淵,〒828-0001　福岡県豊前市観光
経読岳,〒828-0001　福岡県豊前市観光
求菩提山,〒828-0001　福岡県豊前市観光
犬ヶ岳,〒828-0001　福岡県豊前市観光
豊前市観光文化協会,〒828-0021　福岡県豊前市八屋2013-2観光
長井浜海水浴場,〒824-0014　福岡県行橋市長井観光
御所ヶ谷自然公園,〒824-0047　福岡県行橋市津積観光
浄喜寺,〒824-0018　福岡県行橋市今井1802観光
水哉園,〒824-0055　福岡県行橋市上稗田観光
琵琶隈古墳,〒824-0068　福岡県行橋市延永字観光
御所ケ谷神篭石,〒824-0047　福岡県行橋市津積観光
行橋赤れんが館,〒824-0003　福岡県行橋市大橋三丁目7番14号 旧百三十銀行行橋支店観光
U-ZONE（大川家具工業団地協同組合）,〒831-0006　福岡県大川市大字中古賀1048-1観光
インテリア館エルバーレ,〒831-0021　福岡県大川市大字大橋266観光
大川市立清力美術館,〒831-0008　福岡県大川市大字鐘ヶ江77-1観光
古賀政男記念館,〒831-0026　福岡県大川市三丸844観光
エツ狩り（エツ漁）,〒831-0001　福岡県大川市内各漁港付近（筑後川下流）観光
導流堤,〒831-0001　福岡県大川市筑後川観光
大川公園,〒831-0016　福岡県大川市酒見観光
大川中央公園,〒831-0031　福岡県大川市上巻観光
白鷺の大樟,〒831-0016　福岡県大川市酒見観光
井原堤水辺公園,〒833-0053　福岡県筑後市大字西牟田観光
山梔窩,〒833-0027　福岡県筑後市水田観光
九州芸文館,〒833-0015　福岡県筑後市津島1131観光
ハゼ並木,〒833-0054　福岡県筑後市大字蔵数観光
矢部川,〒833-0001　福岡県筑後市観光
八女伝統工芸館,〒834-0031　福岡県八女市本町2-123-2観光
八女市立図書館坂本繁二郎画伯資料室,〒834-0031　福岡県八女市大字本町536-3観光
八女手すき和紙資料館,〒834-0031　福岡県八女市大字本町2-123-2観光
矢部川,〒834-0012　福岡県八女市山内７４８観光
弥生の広場,〒834-0006　福岡県八女市大字吉田1557-1観光
福島八幡宮,〒834-0031　福岡県八女市大字本町105-1観光
丸山塚古墳,〒834-0001　福岡県八女市大字宅間田1002他観光
童男山古墳,〒834-0012　福岡県八女市大字山内1281観光
茶臼塚古墳,〒834-0001　福岡県八女市大字宅間田967他観光
岩戸山古墳,〒834-0006　福岡県八女市大字吉田1549他観光
丸山古墳,〒834-0015　福岡県八女市大字本2795他観光
乗場古墳,〒834-0006　福岡県八女市大字吉田1640他観光
旧木下家住宅「堺屋」,〒834-0031　福岡県八女市大字本町184観光
茶畑,〒834-0001　福岡県八女市観光
八女電照菊,〒834-0014　福岡県八女市忠見観光
八女市横町町家交流館,〒834-0031　福岡県八女市大字本町94番地観光
天福寺の菩提樹,〒834-0023　福岡県八女市大字馬場658 天福寺境内観光
鈍土羅の樟,〒834-0023　福岡県八女市大字馬場282 熊野神社境内観光
山内のチシャノキ,〒834-0012　福岡県八女市大字山内544 祇園神社境内観光
八女市観光協会,〒834-0031　福岡県八女市大字本町2-123-2観光
甘木歴史資料館,〒838-0068　福岡県朝倉市甘木216-2観光
秋月郷土館,〒838-0001　福岡県朝倉市秋月野鳥532-2観光
秋月カントリークラブ,〒838-0020　福岡県朝倉市美奈宣の杜4-1-1観光
福岡センチュリーゴルフ倶楽部,〒838-0027　福岡県朝倉市板屋1-1観光
鳥屋山キャンプ場,〒838-0071　福岡県朝倉市佐田観光
バタバタ市,〒838-0068　福岡県朝倉市甘木（八日町）観光
甘木盆俄,〒838-0068　福岡県朝倉市甘木198-1観光
安長寺,〒838-0068　福岡県朝倉市大字甘木八日町観光
古心寺,〒838-0001　福岡県朝倉市秋月757観光
古処山城跡,〒838-0011　福岡県朝倉市野鳥観光
武家屋敷久野邸,〒838-0001　福岡県朝倉市秋月83-2観光
石田家住宅,〒838-0001　福岡県朝倉市秋月519観光
長屋門,〒838-0011　福岡県朝倉市秋月野鳥観光
須賀神社の大樟,〒838-0068　福岡県朝倉市甘木873-5観光
甘木公園の桜,〒838-0061　福岡県朝倉市菩提寺観光
古処山のツゲ,〒838-0012　福岡県朝倉市野鳥観光
大法白馬山自然遊歩道,〒820-0200　福岡県嘉麻市
安国寺,〒821-0011　福岡県嘉麻市下山田観光
柳川温泉南風,〒832-0058　福岡県柳川市上宮永町6-3観光
むつごろうランド,〒832-0052　福岡県柳川市橋本町389観光
松月文人館,〒832-0826　福岡県柳川市三橋町高畑329観光
立花家史料館,〒832-0069　福岡県柳川市新外町1番地観光
潮干狩り,〒832-0001　福岡県柳川市観光
長谷健文学碑,〒832-0076　福岡県柳川市坂本町柳城公園内観光
藤村作先生顕彰碑,〒832-0069　福岡県柳川市新外町　水辺の散歩道沿い観光
劉寒吉うなぎ供養碑,〒832-8601　福岡県柳川市坂本町柳城公園内　水辺の散歩道沿い観光
檀一雄墓碑,〒832-0046　福岡県柳川市奥卅町福厳寺内観光
帰去来の詩碑（白秋詩碑苑）,〒832-0056　福岡県柳川市矢留本町観光
安東省菴の墓「三忠苑」,〒832-0022　福岡県柳川市旭町浄華寺内観光
木村緑平句碑,〒832-0076　福岡県柳川市坂本町柳城公園内観光
檀一雄文学顕彰碑,〒832-0069　福岡県柳川市新外町観光
高浜虚子句碑,〒832-0021　福岡県柳川市新町観光
戸島氏庭園,〒832-0067　福岡県柳川市鬼童町49-3観光
真勝寺,〒832-0032　福岡県柳川市新町5-10観光
福厳寺,〒832-0046　福岡県柳川市奥州町32-1観光
崇久寺,〒832-0006　福岡県柳川市東蒲池1472-1観光
旧戸島家住宅,〒832-0067　福岡県柳川市鬼童町49-3観光
有明海の干潟,〒832-0001　福岡県柳川市観光
梅の木街道,〒832-0087　福岡県柳川市七ツ家
椛島菖蒲園,〒832-0045　福岡県柳川市本町
有明海潮干潟,〒832-0001　福岡県柳川市観光
田川市美術館,〒825-0016　福岡県田川市新町11-56観光
成道寺公園,〒825-0003　福岡県田川市白鳥町2088-1観光
丸山公園,〒826-0033　福岡県田川市丸山町19-1観光
風治八幡宮,〒825-0014　福岡県田川市魚町2-30観光
成道寺,〒825-0003　福岡県田川市白鳥町観光
中村美術館,〒826-0041　福岡県田川市大字弓削田関の山3782-1観光
丸山公園染井吉野,〒826-0033　福岡県田川市丸山町観光
成道寺公園のツツジ,〒825-0003　福岡県田川市白鳥町観光
岩屋鍾乳洞,〒825-0004　福岡県田川市夏吉観光
農楽園八木山（株）,〒820-0047　福岡県飯塚市大字八木山259観光
伊川温泉,〒820-0054　福岡県飯塚市伊川観光
八木山高原ピクニカ共和国,〒820-0047　福岡県飯塚市大字八木山観光
八木山花木園,〒820-0047　福岡県飯塚市大字八木山観光
飯塚市歴史資料館,〒820-0011　福岡県飯塚市柏の森959-1 飯塚市歴史資料館観光
八木山観光りんご園,〒820-0047　福岡県飯塚市八木山631観光
渓流公園自然歩道,〒820-0047　福岡県飯塚市八木山
皐月ゴルフ倶楽部 竜王コース,〒820-0047　福岡県飯塚市八木山1310観光
法橋琳弁石卒都婆,〒820-0022　福岡県飯塚市明星寺観光
貝原益軒の碑,〒820-0047　福岡県飯塚市八木山観光
八木山展望公園,〒820-0046　福岡県飯塚市大日寺観光
旌忠公園,〒820-0003　福岡県飯塚市立岩観光
笠城ダム公園,〒820-0051　福岡県飯塚市庄司観光
宝幢寺,〒820-0052　福岡県飯塚市相田観光
イイヅカコスモスコモン,〒820-0041　福岡県飯塚市飯塚14-66 イイヅカコスモスコモン観光
八木山展望台,〒820-0046　福岡県飯塚市大日寺観光
筑豊のボタ山,〒820-0001　福岡県飯塚市（稲築町・穂波町）観光
天然記念物鎮西カツラの木,〒820-0049　福岡県飯塚市建花寺観光
遠賀川中の島のコスモス,〒820-0040　福岡県飯塚市大字吉原町観光
八木山峠のサクラ,〒820-0047　福岡県飯塚市八木山観光
八木山高原,〒820-0047　福岡県飯塚市八木山観光
竜王山,〒820-0049　福岡県飯塚市建花寺・蓮台寺・大日寺・明星寺等観光
飯塚観光協会,〒820-0040　福岡県飯塚市吉原町6-12観光
直方歳時館,〒822-0015　福岡県直方市新町1丁目666-1観光
直方谷尾美術館別館,〒822-0027　福岡県直方市古町10-20観光
直方谷尾美術館,〒822-0017　福岡県直方市殿町10-35観光
九州自然歩道,〒822-0001　福岡県直方市
尺岳〜福智山自然遊歩道,〒822-0001　福岡県直方市
内ケ磯青少年野外訓練所,〒822-0002　福岡県直方市頓野内ケ磯観光
水町遺跡公園,〒822-0006　福岡県直方市大字上境49-1観光
多賀公園,〒822-0016　福岡県直方市直方御館山観光
遠賀川河川敷リバーサイドパーク,〒822-0001　福岡県直方市遠賀川河川敷観光
直方中央公園,〒822-0002　福岡県直方市頓野観光
鴨生田公園,〒822-0033　福岡県直方市上新入観光
鳥野神社,〒822-0002　福岡県直方市頓野観光
鷹取城跡,〒822-0005　福岡県直方市永満寺観光
雲取城跡,〒822-0003　福岡県直方市上頓野観光
直方館の跡,〒822-0016　福岡県直方市直方御館山観光
花の木堰の大公孫樹,〒822-0031　福岡県直方市大字植木　犬鳴川河川敷観光
福智山のクマザサ,〒822-0002　福岡県直方市頓野観光
多賀公園の黄玉樹,〒822-0016　福岡県直方市大字直方観光
大塔の滝,〒822-0001　福岡県直方市観光
薙野高原,〒822-0001　福岡県直方市観光
鷹取山,〒822-0001　福岡県直方市観光
福智山,〒803-0267　福岡県直方市観光
尺岳,〒822-0001　福岡県直方市観光
福智山,〒822-0002　福岡県直方市頓野観光
ほとめき通り商店街,福岡県久留米市
吉金菓子舗,〒830-0017　福岡県久留米市日吉町12-28観光
阿わやおこ志本舗,〒830-0044　福岡県久留米市本町1-2観光
草野歴史資料館,〒839-0835　福岡県久留米市草野町草野411-1観光
有馬記念館,〒830-0021　福岡県久留米市篠山町444番地観光
久留米カトリック協会,〒830-0031　福岡県久留米市六ッ門町22-43
バルザック像,福岡県久留米市
井上伝墓,〒830-0014　福岡県久留米市寺町66（徳雲寺）観光
青木繁墓,〒830-0017　福岡県久留米市日吉町139（順光寺）観光
高山彦九郎墓,〒830-0014　福岡県久留米市寺町56（遍照院）観光
日吉市場,福岡県久留米市
中央公園,〒830-0003　福岡県久留米市東櫛原町1713観光
順光寺,〒830-0017　福岡県久留米市日吉町１３９
日吉神社,〒830-0017　福岡県久留米市日吉町106
大石神社,福岡県久留米市大石町397
五穀神社,福岡県久留米市通外町５８
観興寺,〒839-0826　福岡県久留米市山本町耳納2129観光
若宮八幡宮,〒839-0836　福岡県久留米市草野町吉木2611観光
永勝寺,〒839-0827　福岡県久留米市山本町豊田2155観光
坂本繁二郎生家,〒830-0028　福岡県久留米市京町224-1
青木繁旧居,〒830-0042　福岡県久留米市荘島町431番地観光
日輪寺古墳,〒830-0028　福岡県久留米市京町観光
権現塚古墳,〒830-0073　福岡県久留米市大善寺町宮本観光
高良山神篭石,〒839-0851　福岡県久留米市御井町1観光
御塚古墳,〒830-0073　福岡県久留米市大善寺町宮本観光
浦山古墳,〒830-0052　福岡県久留米市上津町観光
下馬場古墳,〒839-0201　福岡県久留米市草野町観光
つきほし歴史館,福岡県久留米市白山町60　株式会社ムーンスター　本社敷地内観光
雪の聖母聖堂,〒830-0047　福岡県久留米市津福本町観光
ハゼ並木,〒839-0827　福岡県久留米市山本町豊田2287観光
矢作の町並み,〒839-0837　福岡県久留米市草野町観光
草野の町並み,〒839-0201　福岡県久留米市草野町観光
久留米百年公園のつつじ,〒839-0861　福岡県久留米市百年公園2432-1観光
久留米森林つつじ公園のつつじ,〒839-0851　福岡県久留米市御井町299-354観光
将軍梅,〒839-0801　福岡県久留米市宮ノ陣5丁目12-1観光
高良山,〒839-0851　福岡県久留米市御井町観光
耳納連山,〒839-0201　福岡県久留米市上陽町観光
グライダー山,〒839-0201　福岡県久留米市草野町観光
久留米観光コンベンション国際交流協会,〒830-0022　福岡県久留米市城南16-1観光
西鉄大牟田駅,〒836-0045　福岡県大牟田市久保田町２丁目　西鉄大牟田駅観光
大牟田市労働福祉会館,〒836-0851　福岡県大牟田市笹林町１丁目１番地観光
大牟田市障害者等文化体育施設（サン・アビリティーズおおむた）,〒836-0004　福岡県大牟田市大字手鎌観光
大牟田文化会館,〒836-0843　福岡県大牟田市不知火町２丁目観光
三池山遊歩道,〒837-0921　福岡県大牟田市三池
甘木山自然遊歩道,〒836-0001　福岡県大牟田市
リフレスおおむた,〒837-0901　福岡県大牟田市大字四ヶ１２２１番地観光
不知火ゴルフ場,〒836-0824　福岡県大牟田市大浦町15-19観光
有明カントリークラブ,〒836-0002　福岡県大牟田市大字岬1523観光
三池港,〒836-0061　福岡県大牟田市新港町観光
上島鬼貫句碑,〒836-0002　福岡県大牟田市大字岬２３８６番地 黒崎公園観光
伊能忠敬碑,〒836-0841　福岡県大牟田市築町観光
諏訪公園,〒836-0037　福岡県大牟田市岬町観光
黒崎公園,〒836-0002　福岡県大牟田市岬観光
甘木公園,〒837-0905　福岡県大牟田市大字甘木観光
三池公園,〒837-0921　福岡県大牟田市大字三池観光
延命公園,〒836-0871　福岡県大牟田市昭和町観光
定林寺の庭,〒837-0922　福岡県大牟田市今山1778観光
普光寺,〒837-0922　福岡県大牟田市今山2538観光
定林寺,〒837-0922　福岡県大牟田市今山1778観光
紹運寺,〒837-0922　福岡県大牟田市今山2599観光
潜塚古墳,〒836-0872　福岡県大牟田市黄金町観光
三池街道,〒837-0921　福岡県大牟田市三池町観光
早鐘眼鏡橋,〒836-0891　福岡県大牟田市合成町１２６番地観光
諏訪公園展望台,〒836-0037　福岡県大牟田市岬町観光
延命貯水池展望台,〒836-0001　福岡県大牟田市延命公園観光
有明海中の海苔畑,〒836-0001　福岡県大牟田市観光
三池の町並み,〒837-0923　福岡県大牟田市新町〜三池観光
延命公園の桜,〒836-0871　福岡県大牟田市昭和町観光
三池公園の桜,〒837-0921　福岡県大牟田市三池観光
定林寺のあじさい,〒837-0922　福岡県大牟田市今山１８７８観光
黒崎玉垂神社の大樟,〒836-0002　福岡県大牟田市岬２３６３観光
上内八幡宮のイチイガシ,〒837-0902　福岡県大牟田市上内１５２８観光
甘木山,〒836-0001　福岡県大牟田市観光
大間山,〒836-0001　福岡県大牟田市観光
セブンミリオンカントリークラブ,〒811-1112　福岡県福岡市早良区大字小笠木103-1観光
アインシュタイン・石原純歌碑,〒814-0001　福岡県福岡市早良区修猷館高校観光
妙福寺庭園,〒811-1101　福岡県福岡市早良区重留5-8-10観光
西光寺,〒811-1123　福岡県福岡市早良区内野2-7-13観光
坊主ケ滝,〒814-0001　福岡県福岡市早良区観光
油山観音正覚寺,〒814-0155　福岡県福岡市城南区東油山508観光
今津海岸,〒819-0001　福岡県福岡市西区観光
能古島海水浴場,〒819-0012　福岡県福岡市西区能古島観光
のこのしまキャンプ村,〒819-0012　福岡県福岡市西区能古島観光
檀一雄文学碑,〒819-0012　福岡県福岡市西区能古島観光
宮崎安貞墓,〒819-0373　福岡県福岡市西区周船寺381-14観光
興徳寺,〒819-0001　福岡県福岡市西区姪浜5-23-1観光
誓願寺,〒819-0165　福岡県福岡市西区今津851観光
元寇防塁跡,〒819-0165　福岡県福岡市西区今津・西区生の松原・早良区西新観光
大塚古墳,〒819-0167　福岡県福岡市西区今宿大塚観光
丸隈山古墳,〒819-0373　福岡県福岡市西区周船寺観光
能古島展望台,〒819-0012　福岡県福岡市西区能古島観光
小戸展望台,〒819-0001　福岡県福岡市西区小戸観光
アイランドパークのツツジ,〒819-0012　福岡県福岡市西区能古1624観光
油山市民の森のさくら,〒815-0001　福岡県福岡市南区観光
徳富蘇峰詩碑,〒810-0061　福岡県福岡市中央区西公園観光
貝原益軒墓,〒810-0054　福岡県福岡市中央区今川金龍寺境内観光
天神よろず町通り,〒810-0073　福岡県福岡市中央区舞鶴観光
亀井（南冥・昭陽）家の墓,〒810-0064　福岡県福岡市中央区地行観光
南公園,〒810-0037　福岡県福岡市中央区南公園観光
大濠公園日本庭園,〒810-0051　福岡県福岡市中央区大濠公園1-7観光
金龍寺,〒810-0054　福岡県福岡市中央区今川2-3-23観光
平尾山荘,〒810-0014　福岡県福岡市中央区平尾5丁目2-28観光
福岡市文学館（赤煉瓦文化館）,〒810-0001　福岡県福岡市中央区天神1-15-30観光
福岡城南丸多聞櫓,〒810-0043　福岡県福岡市中央区城内観光
舞鶴公園の梅,〒810-0043　福岡県福岡市中央区城内観光
南公園の桜,〒810-0001　福岡県福岡市中央区観光
ツクシオオカヤツリ自生地,〒810-0043　福岡県福岡市中央区城内観光
西公園のツツジ,〒810-0001　福岡県福岡市中央区観光
福岡観光コンベンションビューロー,〒810-0001　福岡県福岡市中央区天神1-10-1観光
元寇史料館,〒812-0045　福岡県福岡市博多区東公園7-11観光
福岡県立総合プール,〒816-0052　福岡県福岡市博多区東平尾公園2-1-3観光
亀山上皇銅像,〒812-0045　福岡県福岡市博多区東公園内観光
五足の靴,〒810-0801　福岡県福岡市博多区中洲観光
川上音次郎の墓,〒812-0001　福岡県福岡市博多区承天寺観光
仙がい和尚絶筆碑及び曙桜歌碑,〒812-0001　福岡県福岡市博多区聖福寺観光
比恵環溝住居遺跡,〒812-0001　福岡県福岡市博多区比恵駅南観光
金隈遺跡,〒812-0001　福岡県福岡市博多区金隈1-39-52観光
福岡県庁,〒812-0045　福岡県福岡市博多区東公園7-7観光
しかのしま資料館,〒811-0325　福岡県福岡市東区勝馬１８０３-１観光
福岡マリーナ,〒811-0322　福岡県福岡市東区大岳観光
西戸崎シ-サイドカントリークラブ,〒811-0321　福岡県福岡市東区大字西戸崎316観光
福岡カンツリー倶楽部,〒811-0216　福岡県福岡市東区大字上和白1318-1観光
枯野塚,〒812-0054　福岡県福岡市東区馬出観光
長塚節歌碑,〒813-0001　福岡県福岡市東区九大病院構内観光
不老水,〒813-0011　福岡県福岡市東区香椎宮内観光
綾杉,〒813-0011　福岡県福岡市東区香椎４-１６-１観光
福岡県サイクリング協会,〒810-0013　福岡県福岡市観光
野河内渓谷自然歩道,〒813-0000　福岡県福岡市
能古自然探勝路,〒813-0000　福岡県福岡市
金山,〒811-1133　福岡県福岡市（佐賀県三瀬村）観光
瀬板の森北九州ゴルフコース,〒806-0048　福岡県北九州市八幡西区樋口町8番1号観光
九州ゴルフ倶楽部　八幡コース,〒805-0036　福岡県北九州市八幡東区大字小熊野1467観光
帆柱キャンプ場,〒805-0001　福岡県北九州市八幡東区権現山北斜面観光
北原白秋詩碑,〒805-0019　福岡県北九州市八幡東区中央3丁目 高炉台公園内観光
河野静雲句碑,〒805-0016　福岡県北九州市八幡東区高見5-1-32 阿弥陀院境内観光
野口雨情詩碑,〒805-0001　福岡県北九州市八幡東区皿倉山頂帆柱ケーブル山頂そば観光
三条実美歌碑,〒805-0001　福岡県北九州市八幡東区岡田神社境内観光
上野十七八川柳碑,〒805-0019　福岡県北九州市八幡東区中央3丁目 高炉台公園内観光
清原枴童句碑,〒805-0048　福岡県北九州市八幡東区大字大蔵河内貯水池畔観光
小倉カンツリー倶楽部,〒800-0243　福岡県北九州市小倉南区西貫2-1-1観光
堀越キャンプ場,〒802-0835　福岡県北九州市小倉南区堀越観光
北九州メディアドーム,〒802-0065　福岡県北九州市小倉北区三萩野3-1-1観光
足立キャンプ場,〒802-0025　福岡県北九州市小倉北区寿山町7番14号 足立公園内観光
万葉の庭・万葉歌碑,〒802-0001　福岡県北九州市小倉北区勝山公園観光
宮本武蔵の碑,〒802-0001　福岡県北九州市小倉北区手向山公園観光
阿南哲朗民謡碑,〒802-0043　福岡県北九州市小倉北区大字足原妙見山観光
佐々木小次郎の碑,〒802-0001　福岡県北九州市小倉北区手向山公園内観光
杉田久女句碑,〒802-0041　福岡県北九州市小倉北区妙見町1-30 円通寺境内観光
森鴎外文学碑,〒802-0001　福岡県北九州市小倉北区勝山公園内観光
松尾芭蕉句塚,〒802-0001　福岡県北九州市小倉北区堅町一丁目２-１３安国寺境内観光
手向山公園,〒802-0032　福岡県北九州市小倉北区赤坂4丁目観光
永照寺（御坊）,〒803-0814　福岡県北九州市小倉北区大手町16-16観光
足立公園の桜,〒802-0041　福岡県北九州市小倉北区妙見町観光
金比羅キャンプ場,〒804-0022　福岡県北九州市戸畑区金比羅町観光
万葉歌碑,〒804-0001　福岡県北九州市戸畑区役所前庭観光
若山牧水歌碑,〒804-0062　福岡県北九州市戸畑区浅生1丁目 図書館前観光
夜宮公園の花しょうぶ,〒804-0042　福岡県北九州市戸畑区夜宮一丁目・二丁目観光
夜宮の大珪化木,〒804-0042　福岡県北九州市戸畑区夜宮２丁目、天籟寺小学校そば観光
北九州市サイクリングターミナル,〒808-0121　福岡県北九州市若松区大字竹並828番地観光
染と織の美術館,〒808-0108　福岡県北九州市若松区大字小竹2376 内小竹公民館横観光
脇田海水浴場,〒808-0001　福岡県北九州市若松区脇田観光
若松ゴルフ倶楽部,〒808-0134　福岡県北九州市若松区大字乙丸1560観光
しょうぶ谷キャンプ場,〒808-0007　福岡県北九州市若松区小石観光
飯尾宗祇句碑,〒808-0036　福岡県北九州市若松区高塔山登山道入口の佐藤公園内観光
河童封じ地蔵,〒808-0001　福岡県北九州市若松区高塔山公園観光
火野葦平詩碑,〒808-0001　福岡県北九州市若松区高塔山公園観光
松尾芭蕉句碑,〒808-0053　福岡県北九州市若松区修多羅3-4 東南院境内観光
洲口番所跡,〒808-0034　福岡県北九州市若松区本町1-10 若松渡湯付近観光
高塔山公園のアジサイ,〒808-0053　福岡県北九州市若松区大字修多羅観光
門司ゴルフ倶楽部,〒800-0114　福岡県北九州市門司区大字吉志175観光
本居宣長歌碑,〒801-0854　福岡県北九州市門司区旧門司一丁目甲宗八幡神社境内観光
久保晴句碑,〒800-0001　福岡県北九州市門司区和布刈神社境内観光
火野葦平詩碑,〒801-0854　福岡県北九州市門司区旧門司1丁目 甲宗八幡神社境内観光
平忠度歌碑,〒800-0024　福岡県北九州市門司区大里戸ノ上一丁目柳の御所観光
高浜虚子句碑,〒800-0001　福岡県北九州市門司区和布刈神社観光
めかり公園の桜,〒801-0855　福岡県北九州市門司区大字門司観光
